,Time,Potential
0,0.0,-0.005000166478778777
1,0.01,-0.00500066731667162
2,0.02,-0.005002168852490756
3,0.03,-0.005004670439995123
4,0.04,-0.005008173529349931
5,0.05,-0.005012680510395411
6,0.06,-0.005018193146869624
7,0.07,-0.005024712527638571
8,0.08,-0.005032240482015497
9,0.09,-0.005040780115154669
10,0.1,-0.005050335836666441
11,0.11,-0.005060913138360189
12,0.12,-0.005072516293768607
13,0.13,-0.005085147701840279
14,0.14,-0.005098810552209314
15,0.15,-0.005113510123622009
16,0.16,-0.005129253821004491
17,0.17,-0.005146050532512831
18,0.18,-0.005163907509772266
19,0.19,-0.0051828294359330986
20,0.2,-0.005202821507133618
21,0.21,-0.00522389103102648
22,0.22,-0.005246047496681445
23,0.23,-0.005269302309150703
24,0.24,-0.005293666098780179
25,0.25,-0.005319146600191474
26,0.26,-0.0053457511777173046
27,0.27,-0.005373489254764991
28,0.28,-0.005402372525723865
29,0.29,-0.005432414873984407
30,0.3,-0.00546363029365356
31,0.31,-0.0054960298944012696
32,0.32,-0.005529623515687995
33,0.33,-0.005564422831042067
34,0.34,-0.005600441838561151
35,0.35000000000000003,-0.005637696906636563
36,0.36,-0.005676206115093079
37,0.37,-0.005715985849161654
38,0.38,-0.005757049620632874
39,0.39,-0.005799410828938492
40,0.4,-0.005843084002419775
41,0.41000000000000003,-0.0058880848342261986
42,0.42,-0.005934430199774822
43,0.43,-0.005982138175394563
44,0.44,-0.006031228058163232
45,0.45,-0.006081720386947112
46,0.46,-0.006133636964655699
47,0.47000000000000003,-0.006187000727232054
48,0.48,-0.0062418317104673045
49,0.49,-0.006298146544795236
50,0.5,-0.006355966225966227
51,0.51,-0.006415316280656796
52,0.52,-0.006476222301830226
53,0.53,-0.006538709705649427
54,0.54,-0.006602803722147539
55,0.55,-0.0066685293848890775
56,0.56,-0.006735911519609604
57,0.5700000000000001,-0.006804974731822283
58,0.58,-0.006875743393382073
59,0.59,-0.00694824168479237
60,0.6,-0.007022496658905816
61,0.61,-0.007098540553554381
62,0.62,-0.007176404682597667
63,0.63,-0.007256117482943613
64,0.64,-0.007337708354601183
65,0.65,-0.007421208033842093
66,0.66,-0.007506648621459756
67,0.67,-0.007594063612214914
68,0.68,-0.0076834879254778585
69,0.6900000000000001,-0.00777495784819575
70,0.7000000000000001,-0.007868509137407229
71,0.71,-0.007964176224344371
72,0.72,-0.008061995018411004
73,0.73,-0.008162003431951467
74,0.74,-0.008264240074631935
75,0.75,-0.008368744203137652
76,0.76,-0.008475555728554907
77,0.77,-0.008584715223728381
78,0.78,-0.008696263930590652
79,0.79,-0.008810243804695556
80,0.8,-0.008926697986399803
81,0.81,-0.009045671012771154
82,0.8200000000000001,-0.009167208324539306
83,0.8300000000000001,-0.009291356118542654
84,0.84,-0.009418161482147793
85,0.85,-0.009547672408681259
86,0.86,-0.00967993781092338
87,0.87,-0.009815007534788483
88,0.88,-0.0099529323731949
89,0.89,-0.010093764083333892
90,0.9,-0.010237555475038455
91,0.91,-0.010384360541174274
92,0.92,-0.010534234420917889
93,0.93,-0.010687233299981459
94,0.9400000000000001,-0.010843414407976143
95,0.9500000000000001,-0.011002836033944887
96,0.96,-0.011165557542106366
97,0.97,-0.011331639387802935
98,0.98,-0.011501143133641204
99,0.99,-0.011674131398753488
100,1.0,-0.011850667868697321
101,1.01,-0.012030817773254836
102,1.02,-0.01221464794503005
103,1.03,-0.012402226393123736
104,1.04,-0.012593622238296982
105,1.05,-0.012788905726726042
106,1.06,-0.012988148243820464
107,1.07,-0.013191422328099809
108,1.08,-0.013398801684349758
109,1.09,-0.013610361162333513
110,1.1,-0.013826177155269823
111,1.11,-0.0140463281668134
112,1.12,-0.01427089446213315
113,1.1300000000000001,-0.014499957538544106
114,1.1400000000000001,-0.014733600092928376
115,1.1500000000000001,-0.014971906033342698
116,1.16,-0.015214960490551639
117,1.17,-0.015462849829480197
118,1.18,-0.015715661654168413
119,1.19,-0.015973484775354367
120,1.2,-0.016236410057815537
121,1.21,-0.01650453116943856
122,1.22,-0.016777943749658714
123,1.23,-0.017056744682089883
124,1.24,-0.01734103206852125
125,1.25,-0.01763090523439965
126,1.26,-0.017926464733974266
127,1.27,-0.01822781235509984
128,1.28,-0.018535051100628787
129,1.29,-0.018848285280474168
130,1.3,-0.01916762214803095
131,1.31,-0.019493172615970125
132,1.32,-0.019825049603228704
133,1.33,-0.020163367183647703
134,1.34,-0.020508240565409033
135,1.35,-0.02085978608496945
136,1.36,-0.02121812120025558
137,1.37,-0.021583364483099072
138,1.3800000000000001,-0.02195563573814124
139,1.3900000000000001,-0.022335057548677192
140,1.4000000000000001,-0.022721756369531238
141,1.41,-0.023115861006278902
142,1.42,-0.02351750152652595
143,1.43,-0.023926809359408226
144,1.44,-0.024343917294360157
145,1.45,-0.024768959477056814
146,1.46,-0.02520207133283301
147,1.47,-0.025643389299649044
148,1.48,-0.026093053230677926
149,1.49,-0.026551207780013537
150,1.5,-0.027017999724382322
151,1.51,-0.027493576472007668
152,1.52,-0.027978085995589982
153,1.53,-0.02847167678642819
154,1.54,-0.02897449779600956
155,1.55,-0.02948669900854099
156,1.56,-0.03000843516771672
157,1.57,-0.030539866992172638
158,1.58,-0.031081157340539504
159,1.59,-0.031632469219095516
160,1.6,-0.03219396566062694
161,1.61,-0.032765809648583416
162,1.62,-0.03334816403086176
163,1.6300000000000001,-0.033941191916548846
164,1.6400000000000001,-0.03454506128879019
165,1.6500000000000001,-0.035159947717872
166,1.6600000000000001,-0.035786029647004045
167,1.67,-0.03642348494596145
168,1.68,-0.037072490646043524
169,1.69,-0.03773322282113791
170,1.7,-0.03840585646192061
171,1.71,-0.039090565645281135
172,1.72,-0.039787529005597885
173,1.73,-0.04049693481807149
174,1.74,-0.0412189755471244
175,1.75,-0.04195384205086078
176,1.76,-0.04270172299145127
177,1.77,-0.043462804653904896
178,1.78,-0.044237270760111455
179,1.79,-0.04502530404883331
180,1.8,-0.04582709416756994
181,1.81,-0.04664283796797742
182,1.82,-0.04747273180429387
183,1.83,-0.04831697021591101
184,1.84,-0.04917574624449356
185,1.85,-0.050049251255990856
186,1.86,-0.050937673807392614
187,1.87,-0.05184120463926696
188,1.8800000000000001,-0.052760043339698484
189,1.8900000000000001,-0.053694391898414136
190,1.9000000000000001,-0.0546444469856681
191,1.9100000000000001,-0.05561039915603809
192,1.92,-0.05659243255347285
193,1.93,-0.05759072858292693
194,1.94,-0.05860547790784119
195,1.95,-0.0596368802818648
196,1.96,-0.06068513194565446
197,1.97,-0.061750421218513624
198,1.98,-0.06283292804370222
199,1.99,-0.0639328237860976
200,2.0,-0.06505027831574262
201,2.0100000000000002,-0.066185473490432
202,2.02,-0.06733859778376124
203,2.0300000000000002,-0.06850983154307684
204,2.04,-0.06969934383313249
205,2.05,-0.07090729190869055
206,2.06,-0.07213382167228673
207,2.07,-0.07337908078125452
208,2.08,-0.07464323166584466
209,2.09,-0.07592643848312944
210,2.1,-0.07722885175241595
211,2.11,-0.07855060634885155
212,2.12,-0.0798918208295475
213,2.13,-0.08125260028302483
214,2.14,-0.08263305705420713
215,2.15,-0.08403331914474625
216,2.16,-0.08545350840031207
217,2.17,-0.08689372703852517
218,2.18,-0.08835405634836183
219,2.19,-0.08983455643677349
220,2.2,-0.09133527911175396
221,2.21,-0.092856286507504
222,2.22,-0.09439764122803372
223,2.23,-0.09595938977248819
224,2.24,-0.09754156157004312
225,2.25,-0.09914416846397267
226,2.2600000000000002,-0.10076720412421371
227,2.27,-0.10241065008016512
228,2.2800000000000002,-0.10407448702148303
229,2.29,-0.10575867811370869
230,2.3000000000000003,-0.10746315895928031
231,2.31,-0.10918785195783792
232,2.32,-0.11093266869097182
233,2.33,-0.11269750969934066
234,2.34,-0.11448226344192294
235,2.35,-0.11628679544026457
236,2.36,-0.11811094147056252
237,2.37,-0.11995451652075691
238,2.38,-0.12181731797031739
239,2.39,-0.12369912267849165
240,2.4,-0.12559968645821382
241,2.41,-0.12751874357369544
242,2.42,-0.12945600387209352
243,2.43,-0.1314111495524624
244,2.44,-0.13338383902394357
245,2.45,-0.1353737070927646
246,2.46,-0.13738035977376975
247,2.47,-0.1394033731207832
248,2.48,-0.14144229258278077
249,2.49,-0.14349663258221626
250,2.5,-0.14556587832636556
251,2.5100000000000002,-0.14764948670263994
252,2.52,-0.14974688269425862
253,2.5300000000000002,-0.15185745648765656
254,2.54,-0.1539805628303645
255,2.5500000000000003,-0.1561155204113782
256,2.56,-0.1582616112764028
257,2.57,-0.16041808133847313
258,2.58,-0.16258414055420886
259,2.59,-0.16475895976657587
260,2.6,-0.1669416688501398
261,2.61,-0.1691313572539667
262,2.62,-0.17132707358997168
263,2.63,-0.17352782514069137
264,2.64,-0.175732577882231
265,2.65,-0.17794025642798067
266,2.66,-0.18014973807266055
267,2.67,-0.18235985063876406
268,2.68,-0.18456937725776754
269,2.69,-0.18677705748922543
270,2.7,-0.1889815870726556
271,2.71,-0.1911816178305619
272,2.72,-0.1933757582717714
273,2.73,-0.19556256444970274
274,2.74,-0.1977405324178588
275,2.75,-0.19990810763931074
276,2.7600000000000002,-0.2020636925069658
277,2.77,-0.20420564676413658
278,2.7800000000000002,-0.20633228771968654
279,2.79,-0.20844188844423406
280,2.8000000000000003,-0.21053266613277535
281,2.81,-0.21260277935312963
282,2.82,-0.21465033955989413
283,2.83,-0.21667341539349205
284,2.84,-0.21867003278683295
285,2.85,-0.22063817663325921
286,2.86,-0.22257578988698723
287,2.87,-0.22448075794074857
288,2.88,-0.22635091085225295
289,2.89,-0.22818404450657
290,2.9,-0.22997792678219858
291,2.91,-0.23173029895589245
292,2.92,-0.23343886762068408
293,2.93,-0.23510128114878545
294,2.94,-0.2367151369157623
295,2.95,-0.23827801127710344
296,2.96,-0.23978746858743172
297,2.97,-0.24124106330976935
298,2.98,-0.24263633202839863
299,2.99,-0.24397076440198803
300,3.0,-0.24524180841012594
301,3.0100000000000002,-0.24644690789422186
302,3.02,-0.24758351630052866
303,3.0300000000000002,-0.24864909977552
304,3.04,-0.24964113288228826
305,3.0500000000000003,-0.2505570641482531
306,3.06,-0.2513943129838991
307,3.0700000000000003,-0.2521503164104712
308,3.08,-0.2528225524775425
309,3.09,-0.25340854441568955
310,3.1,-0.2539058569627415
311,3.11,-0.25431205671432605
312,3.12,-0.25462470272869725
313,3.13,-0.25484139990143084
314,3.14,-0.25495983073049755
315,3.15,-0.2549777605856969
316,3.16,-0.25489303648033473
317,3.17,-0.25470354685935226
318,3.18,-0.25440720267654277
319,3.19,-0.2540019926856764
320,3.2,-0.25348602519405955
321,3.21,-0.2528575346894821
322,3.22,-0.2521148820432364
323,3.23,-0.2512565160303171
324,3.24,-0.25028094681851204
325,3.25,-0.24918679881951963
326,3.2600000000000002,-0.24797285926411633
327,3.27,-0.24663808594809672
328,3.2800000000000002,-0.24518160839948142
329,3.29,-0.2436026945502433
330,3.3000000000000003,-0.24190071983849287
331,3.31,-0.24007521258417322
332,3.3200000000000003,-0.23812590442544543
333,3.33,-0.23605273852008948
334,3.34,-0.23385587067713748
335,3.35,-0.2315356425984929
336,3.36,-0.22909255250458324
337,3.37,-0.22652729030296404
338,3.38,-0.2238407816607815
339,3.39,-0.22103419462897617
340,3.4,-0.2181089397624638
341,3.41,-0.21506665036232717
342,3.42,-0.2119091613382008
343,3.43,-0.20863853395153759
344,3.44,-0.20525708439127
345,3.45,-0.2017673851735974
346,3.46,-0.19817226293291532
347,3.47,-0.1944747813442437
348,3.48,-0.19067824344798037
349,3.49,-0.18678621314122595
350,3.5,-0.18280250177669546
351,3.5100000000000002,-0.17873115054070823
352,3.52,-0.17457644621168822
353,3.5300000000000002,-0.17034293146334517
354,3.54,-0.1660353899709824
355,3.5500000000000003,-0.16165883848010337
356,3.56,-0.15721852215422064
357,3.5700000000000003,-0.15271990383574782
358,3.58,-0.148168678299524
359,3.59,-0.14357076446749006
360,3.6,-0.138932266958449
361,3.61,-0.13425946310642184
362,3.62,-0.12955882241014824
363,3.63,-0.1248370161095526
364,3.64,-0.12010087976731385
365,3.65,-0.11535737936046227
366,3.66,-0.11061360028759833
367,3.67,-0.10587676335111157
368,3.68,-0.10115422941420313
369,3.69,-0.09645345075383126
370,3.7,-0.09178192937331069
371,3.71,-0.0871472116577477
372,3.72,-0.08255691383176987
373,3.73,-0.07801871011643019
374,3.74,-0.07354027205963999
375,3.75,-0.06912923458047389
376,3.7600000000000002,-0.06479319446523978
377,3.77,-0.060539732630369006
378,3.7800000000000002,-0.05637638906439585
379,3.79,-0.052310600738255754
380,3.8000000000000003,-0.04834967416689391
381,3.81,-0.04450079022011766
382,3.8200000000000003,-0.04077101928599402
383,3.83,-0.03716728437270603
384,3.84,-0.03369630705327713
385,3.85,-0.030364589205054044
386,3.86,-0.02717842011723314
387,3.87,-0.02414388047359709
388,3.88,-0.021266802578379183
389,3.89,-0.01855273056615439
390,3.9,-0.016006909906469406
391,3.91,-0.013634293998282119
392,3.92,-0.011439538106609344
393,3.93,-0.00942696535202295
394,3.94,-0.007600543530383709
395,3.95,-0.005963880600450663
396,3.96,-0.0045202274732452806
397,3.97,-0.0032724674480035317
398,3.98,-0.0022230951222159795
399,3.99,-0.0013742074204190376
400,4.0,-0.000727502995331836
401,4.01,-0.0002842813732649935
402,4.0200000000000005,-4.543516264369421e-05
403,4.03,-1.1443939386027333e-05
404,4.04,-0.00018237505903523054
405,4.05,-0.000557885163726883
406,4.0600000000000005,-0.0011372199219639254
407,4.07,-0.001919216306849064
408,4.08,-0.0029023062135691605
409,4.09,-0.0040845205856421
410,4.1,-0.00546349616167839
411,4.11,-0.007036482344359411
412,4.12,-0.008800350874085828
413,4.13,-0.010751605141770315
414,4.14,-0.012886389730905598
415,4.15,-0.015200504065277978
416,4.16,-0.01768941253170867
417,4.17,-0.02034825558058536
418,4.18,-0.023171869939410363
419,4.19,-0.026154805277892584
420,4.2,-0.029291334058939585
421,4.21,-0.032575465924002844
422,4.22,-0.03600097299813563
423,4.23,-0.039561410841158905
424,4.24,-0.043250125124801496
425,4.25,-0.047060266408567406
426,4.26,-0.05098482423043779
427,4.2700000000000005,-0.05501664971174244
428,4.28,-0.05914845762169804
429,4.29,-0.06337284149802708
430,4.3,-0.0676823129966221
431,4.3100000000000005,-0.07206932594395936
432,4.32,-0.0765262724449697
433,4.33,-0.08104549331673877
434,4.34,-0.08561932733466188
435,4.3500000000000005,-0.09024014379102778
436,4.36,-0.09490032408619002
437,4.37,-0.09959225703397222
438,4.38,-0.10430838612391069
439,4.39,-0.10904126463478789
440,4.4,-0.11378354551925322
441,4.41,-0.11852795697622462
442,4.42,-0.12326732173374244
443,4.43,-0.1279946182110728
444,4.44,-0.13270300498951
445,4.45,-0.13738578495851883
446,4.46,-0.14203639548776498
447,4.47,-0.14664845172369115
448,4.48,-0.1512157992606229
449,4.49,-0.15573249648170248
450,4.5,-0.16019277944666682
451,4.51,-0.16459107515580715
452,4.5200000000000005,-0.16892205592875256
453,4.53,-0.17318065580981554
454,4.54,-0.1773620298108163
455,4.55,-0.18146153987195351
456,4.5600000000000005,-0.18547478660269584
457,4.57,-0.1893976478243037
458,4.58,-0.19322625850088038
459,4.59,-0.19695697713882376
460,4.6000000000000005,-0.2005863916628538
461,4.61,-0.2041113543924132
462,4.62,-0.20752898831464292
463,4.63,-0.21083665351234723
464,4.64,-0.21403193400600848
465,4.65,-0.21711265365853982
466,4.66,-0.22007689400304195
467,4.67,-0.22292297694768565
468,4.68,-0.2256494418262818
469,4.69,-0.2282550453634954
470,4.7,-0.2307387735569449
471,4.71,-0.23309983777075238
472,4.72,-0.23533765507235585
473,4.73,-0.23745184030812738
474,4.74,-0.23944220743531702
475,4.75,-0.24130876677751778
476,4.76,-0.24305171286249586
477,4.7700000000000005,-0.2446714160264406
478,4.78,-0.24616841942664824
479,4.79,-0.24754343171888762
480,4.8,-0.24879731446277606
481,4.8100000000000005,-0.24993107581057594
482,4.82,-0.25094586916954587
483,4.83,-0.2518429885788799
484,4.84,-0.2526238554492251
485,4.8500000000000005,-0.2532900013656072
486,4.86,-0.2538430663288838
487,4.87,-0.25428480243856366
488,4.88,-0.25461706919348603
489,4.89,-0.254841815845972
490,4.9,-0.2549610653165606
491,4.91,-0.25497691538781725
492,4.92,-0.2548915381760619
493,4.93,-0.25470717419472605
494,4.94,-0.2544261231991843
495,4.95,-0.25405073059236793
496,4.96,-0.2535833826796087
497,4.97,-0.25302650709091
498,4.98,-0.2523825691439861
499,4.99,-0.2516540642039164
500,5.0,-0.2508435066712955
501,5.01,-0.24995342658315214
502,5.0200000000000005,-0.24898636778741717
503,5.03,-0.24794488229512895
504,5.04,-0.2468315262704254
505,5.05,-0.24564885495961983
506,5.0600000000000005,-0.24439941863302814
507,5.07,-0.24308575887944106
508,5.08,-0.24171040460593915
509,5.09,-0.24027586907281548
510,5.1000000000000005,-0.23878464638884725
511,5.11,-0.23723920940864424
512,5.12,-0.23564200670315769
513,5.13,-0.23399545818259446
514,5.14,-0.23230195274295626
515,5.15,-0.2305638468941848
516,5.16,-0.22878346431820945
517,5.17,-0.22696309330919653
518,5.18,-0.2251049829020688
519,5.19,-0.2232113409222499
520,5.2,-0.2212843318755452
521,5.21,-0.2193260798237575
522,5.22,-0.2173386704226468
523,5.23,-0.2153241446833878
524,5.24,-0.2132844946074643
525,5.25,-0.21122166256266647
526,5.26,-0.20913754099706713
527,5.2700000000000005,-0.20703397590611905
528,5.28,-0.20491277232425464
529,5.29,-0.2027756906815985
530,5.3,-0.20062444014493044
531,5.3100000000000005,-0.19846067755916588
532,5.32,-0.19628600747563346
533,5.33,-0.19410198362419284
534,5.34,-0.19191011587354428
535,5.3500000000000005,-0.18971187267188525
536,5.36,-0.18750867485199382
537,5.37,-0.1853018925434632
538,5.38,-0.18309284539971074
539,5.39,-0.18088280306321436
540,5.4,-0.17867298866440265
541,5.41,-0.17646458569145118
542,5.42,-0.17425873720777477
543,5.43,-0.1720565404200531
544,5.44,-0.1698590459310549
545,5.45,-0.1676672582943732
546,5.46,-0.16548213716995766
547,5.47,-0.16330460300112942
548,5.48,-0.16113554127457744
549,5.49,-0.1589757991320161
550,5.5,-0.1568261827449786
551,5.51,-0.15468745786087282
552,5.5200000000000005,-0.15256035046177227
553,5.53,-0.15044554883945455
554,5.54,-0.14834370908843145
555,5.55,-0.14625545646001958
556,5.5600000000000005,-0.1441813821669563
557,5.57,-0.14212204291597613
558,5.58,-0.14007796158717128
559,5.59,-0.13804962801120235
560,5.6000000000000005,-0.13603750204680234
561,5.61,-0.13404201754006048
562,5.62,-0.13206358163457962
563,5.63,-0.13010257300770245
564,5.64,-0.12815934243441893
565,5.65,-0.12623421341244223
566,5.66,-0.12432748317894815
567,5.67,-0.1224394259862243
568,5.68,-0.12057029505664157
569,5.69,-0.11872032136849775
570,5.7,-0.11688971340628629
571,5.71,-0.11507865779953015
572,5.72,-0.11328731987486511
573,5.73,-0.11151584477136453
574,5.74,-0.10976436013850005
575,5.75,-0.10803297744663637
576,5.76,-0.10632179113783491
577,5.7700000000000005,-0.10463087854751503
578,5.78,-0.10296030036979753
579,5.79,-0.10131010112576538
580,5.8,-0.09968030966986774
581,5.8100000000000005,-0.09807094186489008
582,5.82,-0.09648200244992602
583,5.83,-0.09491348151672752
584,5.84,-0.09336535490322768
585,5.8500000000000005,-0.09183758799076257
586,5.86,-0.09033013629654768
587,5.87,-0.08884294577562492
588,5.88,-0.08737595311551898
589,5.89,-0.08592908544773888
590,5.9,-0.08450225881287322
591,5.91,-0.08309537884302531
592,5.92,-0.08170834343213818
593,5.93,-0.08034104376268301
594,5.94,-0.07899336455234174
595,5.95,-0.07766518428984269
596,5.96,-0.07635637547091974
597,5.97,-0.0750668047391052
598,5.98,-0.0737963319009465
599,5.99,-0.0725448097218519
600,6.0,-0.07131208592504591
601,6.01,-0.07009800452950257
602,6.0200000000000005,-0.0689024060674512
603,6.03,-0.06772512774580883
604,6.04,-0.06656600359443175
605,6.05,-0.06542486390896664
606,6.0600000000000005,-0.06430153441579291
607,6.07,-0.06319583764132224
608,6.08,-0.06210759422682408
609,6.09,-0.06103662268681651
610,6.1000000000000005,-0.059982739486849
611,6.11,-0.05894575917626877
612,6.12,-0.05792549452163018
613,6.13,-0.05692175680923816
614,6.140000000000001,-0.055934356126950656
615,6.15,-0.05496310133501262
616,6.16,-0.05400780033110443
617,6.17,-0.05306826045652759
618,6.18,-0.05214428860546857
619,6.19,-0.051235691308564126
620,6.2,-0.050342274815427794
621,6.21,-0.0494638452169014
622,6.22,-0.048600208556202125
623,6.23,-0.04775117094645122
624,6.24,-0.04691653881437058
625,6.25,-0.04609611909055558
626,6.26,-0.04528971926891785
627,6.2700000000000005,-0.04449714745658602
628,6.28,-0.0437182124232964
629,6.29,-0.04295272370145166
630,6.3,-0.042200491709158496
631,6.3100000000000005,-0.04146132781353007
632,6.32,-0.04073504444969093
633,6.33,-0.04002145524360247
634,6.34,-0.0393203750445529
635,6.3500000000000005,-0.03863161994988647
636,6.36,-0.037955007329792706
637,6.37,-0.03729035591151608
638,6.38,-0.03663748588114093
639,6.390000000000001,-0.03599621888102079
640,6.4,-0.03536637806933025
641,6.41,-0.034747788222584126
642,6.42,-0.03414027574968782
643,6.43,-0.03354366869800413
644,6.44,-0.0329577967598245
645,6.45,-0.0323824913292256
646,6.46,-0.03181758554196889
647,6.47,-0.03126291422960338
648,6.48,-0.030718313984325882
649,6.49,-0.03018362326001592
650,6.5,-0.029658682372733808
651,6.51,-0.029143333493218345
652,6.5200000000000005,-0.028637420639112898
653,6.53,-0.028140789666915855
654,6.54,-0.027653288263660588
655,6.55,-0.02717476593837558
656,6.5600000000000005,-0.026705074030688038
657,6.57,-0.026244065795999943
658,6.58,-0.02579159646785353
659,6.59,-0.025347523216716385
660,6.6000000000000005,-0.02491170510978541
661,6.61,-0.024484003094654504
662,6.62,-0.024064279983688645
663,6.63,-0.023652400438344424
664,6.640000000000001,-0.023248230953435117
665,6.65,-0.022851639841344036
666,6.66,-0.0224624972199684
667,6.67,-0.02208067510538755
668,6.68,-0.021706047503447286
669,6.69,-0.021338490285055786
670,6.7,-0.020977881108493714
671,6.71,-0.02062409945365188
672,6.72,-0.02027702660469944
673,6.73,-0.019936545629514517
674,6.74,-0.019602541359238754
675,6.75,-0.019274900367957218
676,6.76,-0.018953510952498948
677,6.7700000000000005,-0.018638263113331447
678,6.78,-0.018329048571383007
679,6.79,-0.018025760831379682
680,6.8,-0.01772829516199596
681,6.8100000000000005,-0.01743654851504535
682,6.82,-0.017150419490930404
683,6.83,-0.016869808317361096
684,6.84,-0.01659461682824982
685,6.8500000000000005,-0.016324748442802524
686,6.86,-0.0160601081448048
687,6.87,-0.015800602462099373
688,6.88,-0.015546139450513174
689,6.890000000000001,-0.015296628746662365
690,6.9,-0.015051981608592956
691,6.91,-0.014812110828000258
692,6.92,-0.014576930663882447
693,6.93,-0.014346356836031759
694,6.94,-0.014120306504824215
695,6.95,-0.013898698250733432
696,6.96,-0.013681452054086355
697,6.97,-0.013468489275061958
698,6.98,-0.013259732633930169
699,6.99,-0.013055106195296925
700,7.0,-0.012854535398899618
701,7.01,-0.012657947073805938
702,7.0200000000000005,-0.012465269372707241
703,7.03,-0.012276431726818273
704,7.04,-0.012091364834676191
705,7.05,-0.011910000643337998
706,7.0600000000000005,-0.01173227232967192
707,7.07,-0.011558114281907414
708,7.08,-0.011387462081438605
709,7.09,-0.011220252484880379
710,7.1000000000000005,-0.01105642340827454
711,7.11,-0.010895913937037404
712,7.12,-0.010738664338401658
713,7.13,-0.010584616023111566
714,7.140000000000001,-0.010433711501121715
715,7.15,-0.010285894362868413
716,7.16,-0.010141109262761235
717,7.17,-0.009999301902908375
718,7.18,-0.009860419017089008
719,7.19,-0.009724408354969644
720,7.2,-0.009591218666560273
721,7.21,-0.009460799691367632
722,7.22,-0.009333102178127396
723,7.23,-0.00920807787782626
724,7.24,-0.009085679493766837
725,7.25,-0.008965860658814918
726,7.26,-0.008848575925816834
727,7.2700000000000005,-0.008733780753446305
728,7.28,-0.008621431492275676
729,7.29,-0.008511485371081534
730,7.3,-0.008403900483381762
731,7.3100000000000005,-0.008298635774202751
732,7.32,-0.00819565102851457
733,7.33,-0.008094906872688436
734,7.34,-0.007996364772971902
735,7.3500000000000005,-0.007899987010191291
736,7.36,-0.007805736655666993
737,7.37,-0.00771357755855284
738,7.38,-0.0076234743341345125
739,7.390000000000001,-0.007535392352343784
740,7.4,-0.007449297726484295
741,7.41,-0.007365157302167644
742,7.42,-0.007282938646458585
743,7.43,-0.007202610024815081
744,7.44,-0.007124140375648937
745,7.45,-0.007047499381449573
746,7.46,-0.0069726574846152535
747,7.47,-0.006899585803687082
748,7.48,-0.00682825610738495
749,7.49,-0.006758640805466959
750,7.5,-0.006690712939768948
751,7.51,-0.006624446175421361
752,7.5200000000000005,-0.006559814792242327
753,7.53,-0.0064967936763059364
754,7.54,-0.006435358311683259
755,7.55,-0.006375484772354988
756,7.5600000000000005,-0.006317149714294596
757,7.57,-0.006260330374511872
758,7.58,-0.0062050046244662245
759,7.59,-0.006151150967987914
760,7.6000000000000005,-0.0060987484605002935
761,7.61,-0.006047776691951358
762,7.62,-0.005998215794935603
763,7.63,-0.005950046438039082
764,7.640000000000001,-0.005903249819240573
765,7.65,-0.005857807659479955
766,7.66,-0.005813702196391891
767,7.67,-0.005770916178203568
768,7.68,-0.005729432857795607
769,7.69,-0.005689235986924457
770,7.7,-0.005650309810605352
771,7.71,-0.005612639061818258
772,7.72,-0.005576208964257084
773,7.73,-0.00554100524673307
774,7.74,-0.00550701413457663
775,7.75,-0.005474222324115602
776,7.76,-0.005442616972536313
777,7.7700000000000005,-0.005412185693400985
778,7.78,-0.005382916552356519
779,7.79,-0.005354798062992312
780,7.8,-0.005327819182845972
781,7.8100000000000005,-0.005301969309556259
782,7.82,-0.005277238277162373
783,7.83,-0.0052536163525488235
784,7.84,-0.0052310942320350886
785,7.8500000000000005,-0.005209663038271234
786,7.86,-0.005189314328962296
787,7.87,-0.005170040112739814
788,7.88,-0.005151832829273183
789,7.890000000000001,-0.00513468532734701
790,7.9,-0.00511859086824859
791,7.91,-0.005103543124368077
792,7.92,-0.005089536176963864
793,7.930000000000001,-0.005076564514070063
794,7.94,-0.005064623028545255
795,7.95,-0.005053707016262523
796,7.96,-0.0050438121744399616
797,7.97,-0.0050349346001116605
798,7.98,-0.005027070788738638
799,7.99,-0.005020217632962369
800,8.0,-0.005014372425128174
801,8.01,-0.005009532866956386
802,8.02,-0.005005697062047056
803,8.03,-0.005002863503788849
804,8.040000000000001,-0.005001031078424789
805,8.05,-0.005000199065999324
806,8.06,-0.005000367140102474
807,8.07,-0.005001535367754263
808,8.08,-0.0050037042094291445
809,8.09,-0.005006874519220513
810,8.1,-0.005011047545145417
811,8.11,-0.005016224929589409
812,8.120000000000001,-0.005022408709891741
813,8.13,-0.005029601319070953
814,8.14,-0.005037805585505578
815,8.15,-0.005047024731113302
816,8.16,-0.005057262383750014
817,8.17,-0.005068522584288335
818,8.18,-0.0050808097773763945
819,8.19,-0.005094128809458769
820,8.2,-0.005108484930496106
821,8.21,-0.005123883795828681
822,8.22,-0.005140331468181134
823,8.23,-0.0051578344198086315
824,8.24,-0.005176399534784935
825,8.25,-0.005196034111432885
826,8.26,-0.005216745864897874
827,8.27,-0.005238542929864879
828,8.28,-0.005261433864466571
829,8.290000000000001,-0.005285427666713734
830,8.3,-0.005310533779043314
831,8.31,-0.005336762073443186
832,8.32,-0.005364122854054991
833,8.33,-0.0053926268672642485
834,8.34,-0.005422285305640819
835,8.35,-0.005453109811900947
836,8.36,-0.005485112483024089
837,8.370000000000001,-0.005518305874525572
838,8.38,-0.005552703004885528
839,8.39,-0.005588317360135266
840,8.4,-0.005625162898602468
841,8.41,-0.005663254055815396
842,8.42,-0.00570260574944382
843,8.43,-0.005743233381440062
844,8.44,-0.005785152846608247
845,8.45,-0.005828380547612628
846,8.46,-0.005872933397956635
847,8.47,-0.005918828821485651
848,8.48,-0.005966084758115093
849,8.49,-0.006014719670058812
850,8.5,-0.006064752548227835
851,8.51,-0.006116202918799595
852,8.52,-0.0061690908499599855
853,8.53,-0.006223436958819077
854,8.540000000000001,-0.006279262418502136
855,8.55,-0.006336588965417623
856,8.56,-0.006395438906704995
857,8.57,-0.0064558351292285385
858,8.58,-0.006517801114840236
859,8.59,-0.00658136095154636
860,8.6,-0.006646539334977172
861,8.61,-0.006713361572855107
862,8.620000000000001,-0.006781853593446367
863,8.63,-0.006852041954344967
864,8.64,-0.006923953851449392
865,8.65,-0.006997617128133962
866,8.66,-0.007073060284615396
867,8.67,-0.007150312487518601
868,8.68,-0.007229403579641922
869,8.69,-0.007310364089923713
870,8.700000000000001,-0.0073932252436135675
871,8.71,-0.007478018972085942
872,8.72,-0.007564777926655424
873,8.73,-0.007653535500643233
874,8.74,-0.007744325838678555
875,8.75,-0.007837183836616371
876,8.76,-0.007932145150901328
877,8.77,-0.008029246210193929
878,8.78,-0.00812852422721563
879,8.790000000000001,-0.008230017210814145
880,8.8,-0.008333763978250728
881,8.81,-0.008439804167713194
882,8.82,-0.008548178251055381
883,8.83,-0.008658927546766355
884,8.84,-0.00877209423317202
885,8.85,-0.008887721360009032
886,8.86,-0.009005852853905417
887,8.870000000000001,-0.009126533556761731
888,8.88,-0.009249809257170486
889,8.89,-0.009375726678489559
890,8.9,-0.009504333480731724
891,8.91,-0.009635678275121098
892,8.92,-0.009769810638970105
893,8.93,-0.00990678113079835
894,8.94,-0.010046641305697024
895,8.950000000000001,-0.010189443730939376
896,8.96,-0.010335242001842045
897,8.97,-0.010484090757878886
898,8.98,-0.010636045699049086
899,8.99,-0.010791163601580105
900,9.0,-0.010949502323666063
901,9.01,-0.011111120848925696
902,9.02,-0.011276079335712163
903,9.03,-0.011444439102225971
904,9.040000000000001,-0.011616262615559082
905,9.05,-0.011791613508455671
906,9.06,-0.011970556597173772
907,9.07,-0.012153157899601467
908,9.08,-0.012339484653628996
909,9.09,-0.012529605335779834
910,9.1,-0.012723589680104171
911,9.11,-0.01292150869733599
912,9.120000000000001,-0.013123434694315931
913,9.13,-0.013329441293120269
914,9.14,-0.013539603416755704
915,9.15,-0.013753997320832342
916,9.16,-0.013972700723667224
917,9.17,-0.014195792804842415
918,9.18,-0.014423354130326308
919,9.19,-0.014655466664240653
920,9.200000000000001,-0.0148922137888171
921,9.21,-0.015133680324586268
922,9.22,-0.015379952550796912
923,9.23,-0.015631118226068184
924,9.24,-0.015887266609279027
925,9.25,-0.016148488480692075
926,9.26,-0.01641487616331723
927,9.27,-0.01668652354451808
928,9.28,-0.01696352608710813
929,9.290000000000001,-0.01724598079005267
930,9.3,-0.01753398633266097
931,9.31,-0.01782764320138592
932,9.32,-0.0181270535633593
933,9.33,-0.018432321207875014
934,9.34,-0.018743551565767336
935,9.35,-0.019060851729574748
936,9.36,-0.0193843304738493
937,9.370000000000001,-0.019714098275612206
938,9.38,-0.02005026733495182
939,9.39,-0.020392951595770804
940,9.4,-0.02074226676667623
941,9.41,-0.02109833034201668
942,9.42,-0.021461261622831622
943,9.43,-0.021831181663246314
944,9.44,-0.022208213254872457
945,9.450000000000001,-0.022592481243761637
946,9.46,-0.022984112558951775
947,9.47,-0.02338323593672168
948,9.48,-0.02378998189565146
949,9.49,-0.024204482752078656
950,9.5,-0.02462687263549248
951,9.51,-0.025057287503868018
952,9.52,-0.025495865158933474
953,9.53,-0.0259427452613683
954,9.540000000000001,-0.0263980693459329
955,9.55,-0.026861980836524118
956,9.56,-0.0273346250611563
957,9.57,-0.02781614924744406
958,9.58,-0.02830670230341713
959,9.59,-0.028806435068229882
960,9.6,-0.029315500758260473
961,9.61,-0.029834054634627877
962,9.620000000000001,-0.030362253678834317
963,9.63,-0.030900256586765318
964,9.64,-0.03144822377013733
965,9.65,-0.032006317357485235
966,9.66,-0.032574701194673865
967,9.67,-0.033153540844937116
968,9.68,-0.033743003588434434
969,9.69,-0.034343258421317004
970,9.700000000000001,-0.034954476054302755
971,9.71,-0.03557682891074894
972,9.72,-0.0362104909739933
973,9.73,-0.0368556375069429
974,9.74,-0.03751244578562266
975,9.75,-0.038181095329394836
976,9.76,-0.03886176705932681
977,9.77,-0.03955464308656226
978,9.78,-0.04025990668455688
979,9.790000000000001,-0.040977742260186516
980,9.8,-0.04170833532372029
981,9.81,-0.04245187245763327
982,9.82,-0.043208541284275974
983,9.83,-0.043978530432370405
984,9.84,-0.044762029502337174
985,9.85,-0.04555922903044741
986,9.86,-0.04637032043022041
987,9.870000000000001,-0.047195495397610004
988,9.88,-0.048034946082626366
989,9.89,-0.04888886620270478
990,9.9,-0.04975745045186936
991,9.91,-0.05064089343248631
992,9.92,-0.0515393895241767
993,9.93,-0.05245313280040141
994,9.94,-0.053382316942925286
995,9.950000000000001,-0.054327135154155215
996,9.96,-0.05528778006737277
997,9.97,-0.05626444365484174
998,9.98,-0.05725731713378913
999,9.99,-0.05826659087028809
1000,10.0,-0.05929245428102909
1001,10.01,-0.060335095508588454
1002,10.02,-0.06139470039458732
1003,10.03,-0.06247145360188014
1004,10.040000000000001,-0.06356553941479018
1005,10.05,-0.06467713993604436
1006,10.06,-0.06580643429595566
1007,10.07,-0.06695359847939286
1008,10.08,-0.06811880515033557
1009,10.09,-0.06930222347321564
1010,10.1,-0.07050401893107082
1011,10.11,-0.07172435314054444
1012,10.120000000000001,-0.07296338366378548
1013,10.13,-0.07422126381728475
1014,10.14,-0.07549814247768709
1015,10.15,-0.07679416387281002
1016,10.16,-0.0781094665106814
1017,10.17,-0.07944418245006306
1018,10.18,-0.08079843884032024
1019,10.19,-0.08217235740343797
1020,10.200000000000001,-0.08356605227011348
1021,10.21,-0.0849796295069963
1022,10.22,-0.08641318681235415
1023,10.23,-0.08786681320791614
1024,10.24,-0.08934058872702101
1025,10.25,-0.09083458409923842
1026,10.26,-0.09234886043158932
1027,10.27,-0.09388346888652561
1028,10.28,-0.09543845035685244
1029,10.290000000000001,-0.09701383513774202
1030,10.3,-0.0986096425374599
1031,10.31,-0.10022587958422685
1032,10.32,-0.10186253926428347
1033,10.33,-0.10351960001640208
1034,10.34,-0.10519702565225973
1035,10.35,-0.10689476486965896
1036,10.36,-0.10861275081622787
1037,10.370000000000001,-0.1103509006528145
1038,10.38,-0.11210911511518955
1039,10.39,-0.11388727807439829
1040,10.4,-0.11568525609614624
1041,10.41,-0.11750289799959866
1042,10.42,-0.11934003342215826
1043,10.43,-0.12119646820494205
1044,10.44,-0.12307198566379944
1045,10.450000000000001,-0.1249663494695793
1046,10.46,-0.12687930047952084
1047,10.47,-0.12881055513181958
1048,10.48,-0.1307598048726797
1049,10.49,-0.13272671558606766
1050,10.5,-0.1347109270269101
1051,10.51,-0.13671205225851368
1052,10.52,-0.13872967709491976
1053,10.53,-0.14076335955300945
1054,10.540000000000001,-0.14281262961054944
1055,10.55,-0.1448769868869086
1056,10.56,-0.14695589629387756
1057,10.57,-0.14904878802838636
1058,10.58,-0.15115505953909078
1059,10.59,-0.1532740752129443
1060,10.6,-0.15540516582927877
1061,10.61,-0.15754762802789504
1062,10.620000000000001,-0.15970072379231381
1063,10.63,-0.16186367929722856
1064,10.64,-0.16403567766716418
1065,10.65,-0.1662158588215052
1066,10.66,-0.16840332666505203
1067,10.67,-0.1705971462623655
1068,10.68,-0.17279633973806313
1069,10.69,-0.1749998856945247
1070,10.700000000000001,-0.17720671870564214
1071,10.71,-0.17941572884156495
1072,10.72,-0.18162576124164073
1073,10.73,-0.1838356193692093
1074,10.74,-0.1860440672750025
1075,10.75,-0.1882498159313408
1076,10.76,-0.1904515198330029
1077,10.77,-0.19264778761694204
1078,10.78,-0.19483718346186582
1079,10.790000000000001,-0.1970182270105851
1080,10.8,-0.19918939334178246
1081,10.81,-0.20134911299349914
1082,10.82,-0.20349577121834198
1083,10.83,-0.20562769733651365
1084,10.84,-0.20774316231380316
1085,10.85,-0.20984039211906827
1086,10.86,-0.2119175691420291
1087,10.870000000000001,-0.21397282781495608
1088,10.88,-0.21600425488805983
1089,10.89,-0.21800988987935618
1090,10.9,-0.21998772560624869
1091,10.91,-0.22193570881117025
1092,10.92,-0.22385174502563437
1093,10.93,-0.22573370336183052
1094,10.94,-0.2275794021721586
1095,10.950000000000001,-0.22938660741982764
1096,10.96,-0.23115304867414002
1097,10.97,-0.23287642273875347
1098,10.98,-0.23455439509667983
1099,10.99,-0.23618460145554254
1100,11.0,-0.2377646493959477
1101,11.01,-0.23929211970310243
1102,11.02,-0.2407645607400377
1103,11.03,-0.24217948576497875
1104,11.040000000000001,-0.24353438589683582
1105,11.05,-0.2448267394180785
1106,11.06,-0.24605401270278213
1107,11.07,-0.24721366267338524
1108,11.08,-0.2483031394442023
1109,11.09,-0.24931988908645067
1110,11.1,-0.2502613565200938
1111,11.11,-0.2511249917990472
1112,11.120000000000001,-0.25190825851890203
1113,11.13,-0.2526086281682587
1114,11.14,-0.2532235839638096
1115,11.15,-0.25375063807420806
1116,11.16,-0.2541873376237925
1117,11.17,-0.25453126852871627
1118,11.18,-0.254780059430919
1119,11.19,-0.25493138573018037
1120,11.200000000000001,-0.254982973273121
1121,11.21,-0.25493259790610595
1122,11.22,-0.25477810043716104
1123,11.23,-0.25451740809288803
1124,11.24,-0.2541485336213849
1125,11.25,-0.25366957207594715
1126,11.26,-0.25307870519928705
1127,11.27,-0.2523742060720385
1128,11.28,-0.25155444795833476
1129,11.290000000000001,-0.2506179346017079
1130,11.3,-0.24956329954430564
1131,11.31,-0.2483892919776493
1132,11.32,-0.24709479878402463
1133,11.33,-0.24567885853289417
1134,11.34,-0.2441406658402614
1135,11.35,-0.24247957562074518
1136,11.36,-0.240695101588718
1137,11.370000000000001,-0.23878691668264856
1138,11.38,-0.23675488682835708
1139,11.39,-0.23459908569145385
1140,11.4,-0.23231977798791306
1141,11.41,-0.22991741929185072
1142,11.42,-0.22739265924973126
1143,11.43,-0.2247463450554881
1144,11.44,-0.22197954414840051
1145,11.450000000000001,-0.21909357155968656
1146,11.46,-0.2160899727630909
1147,11.47,-0.2129705155261041
1148,11.48,-0.2097372069182839
1149,11.49,-0.20639229498954897
1150,11.5,-0.2029382686949127
1151,11.51,-0.1993778566332459
1152,11.52,-0.19571402243506109
1153,11.53,-0.1919499852042139
1154,11.540000000000001,-0.18808923559462085
1155,11.55,-0.18413551601464087
1156,11.56,-0.18009280670898123
1157,11.57,-0.17596532214810295
1158,11.58,-0.17175750712775725
1159,11.59,-0.16747403765320884
1160,11.6,-0.16311984610068428
1161,11.61,-0.15870011571037093
1162,11.620000000000001,-0.1542202494485262
1163,11.63,-0.14968586720673388
1164,11.64,-0.14510280240877893
1165,11.65,-0.1404770927550494
1166,11.66,-0.13581497038378523
1167,11.67,-0.1311228497459957
1168,11.68,-0.1264073231519285
1169,11.69,-0.12167516354425238
1170,11.700000000000001,-0.11693330570557307
1171,11.71,-0.11218881960665396
1172,11.72,-0.10744889585409202
1173,11.73,-0.10272083202988773
1174,11.74,-0.09801201954360098
1175,11.75,-0.09332994877656121
1176,11.76,-0.08868217896608255
1177,11.77,-0.0840762939906209
1178,11.78,-0.07951992854642881
1179,11.790000000000001,-0.0750207623622421
1180,11.8,-0.07058645451079529
1181,11.81,-0.06622464796915063
1182,11.82,-0.06194294982357251
1183,11.83,-0.057748875378532925
1184,11.84,-0.05364987332374882
1185,11.85,-0.049653305060568885
1186,11.86,-0.04576640697033129
1187,11.870000000000001,-0.04199629721430643
1188,11.88,-0.03834994097518396
1189,11.89,-0.034834119583401504
1190,11.9,-0.03145542428417872
1191,11.91,-0.02822023085356489
1192,11.92,-0.025134681625300057
1193,11.93,-0.02220467763252123
1194,11.94,-0.01943585572455433
1195,11.950000000000001,-0.01683357236328754
1196,11.96,-0.014402892202631055
1197,11.97,-0.012148566850656467
1198,11.98,-0.010075021370971694
1199,11.99,-0.008186342903941476
1200,12.0,-0.0064862667258755585
1201,12.01,-0.004978166975105194
1202,12.02,-0.003665045501994493
1203,12.030000000000001,-0.002549522218035978
1204,12.040000000000001,-0.001633828816235006
1205,12.05,-0.0009198008689564718
1206,12.06,-0.00040887099757251524
1207,12.07,-0.00010206525836858603
1208,12.08,-4.0680436192354763e-10
1209,12.09,-0.00010288168393625757
1210,12.1,-0.0004105018443030603
1211,12.11,-0.0009222425021183641
1212,12.120000000000001,-0.0016370765328082015
1213,12.13,-0.0025535700573545636
1214,12.14,-0.0036698854218614073
1215,12.15,-0.004983788427227913
1216,12.16,-0.006492658056823309
1217,12.17,-0.008193493177351005
1218,12.18,-0.010082918722388035
1219,12.19,-0.012157194042566318
1220,12.200000000000001,-0.014412227853059078
1221,12.21,-0.016843595572101824
1222,12.22,-0.019446549603197107
1223,12.23,-0.02221602851028811
1224,12.24,-0.025146669654708464
1225,12.25,-0.02823282986138005
1226,12.26,-0.03146860908817849
1227,12.27,-0.03484786365152042
1228,12.280000000000001,-0.038364217006018095
1229,12.290000000000001,-0.0420110752611043
1230,12.3,-0.04578165089058458
1231,12.31,-0.049668990247174014
1232,12.32,-0.05366598890947923
1233,12.33,-0.057765403154265114
1234,12.34,-0.061959866903823865
1235,12.35,-0.06624191551357426
1236,12.36,-0.07060401388677086
1237,12.370000000000001,-0.07503857293395268
1238,12.38,-0.07953796106173246
1239,12.39,-0.08409452110407353
1240,12.4,-0.08870059212425987
1241,12.41,-0.09334853461888892
1242,12.42,-0.09803074621170732
1243,12.43,-0.10273967324818567
1244,12.44,-0.107467826886792
1245,12.450000000000001,-0.11220780118891399
1246,12.46,-0.11695229236635729
1247,12.47,-0.12169411198269657
1248,12.48,-0.12642619847262457
1249,12.49,-0.13114163152321867
1250,12.5,-0.13583364571057624
1251,12.51,-0.1404956421415678
1252,12.52,-0.14512119853970948
1253,12.530000000000001,-0.1497040811330335
1254,12.540000000000001,-0.15423825383419
1255,12.55,-0.15871788737547632
1256,12.56,-0.16313736597643347
1257,12.57,-0.16749129037557403
1258,12.58,-0.1717744908994641
1259,12.59,-0.17598203518689579
1260,12.6,-0.1801092225968213
1261,12.61,-0.18415158949950017
1262,12.620000000000001,-0.18810492425399372
1263,12.63,-0.1919652620533558
1264,12.64,-0.19572887564564706
1265,12.65,-0.19939228977522647
1266,12.66,-0.20295228466580864
1267,12.67,-0.20640588247941602
1268,12.68,-0.2097503488102023
1269,12.69,-0.21298320029003645
1270,12.700000000000001,-0.21610219637381933
1271,12.71,-0.21910533018272316
1272,12.72,-0.22199083318609725
1273,12.73,-0.22475717254613567
1274,12.74,-0.22740303917643387
1275,12.75,-0.2299273426762858
1276,12.76,-0.23232921843858043
1277,12.77,-0.234608021396914
1278,12.780000000000001,-0.23676330638626175
1279,12.790000000000001,-0.2387948204772796
1280,12.8,-0.2407025013629344
1281,12.81,-0.24248648814726742
1282,12.82,-0.24414710021324124
1283,12.83,-0.24568480765597597
1284,12.84,-0.24710024631622937
1285,12.85,-0.24839422858026972
1286,12.86,-0.2495677390597041
1287,12.870000000000001,-0.25062191272628037
1288,12.88,-0.25155799207546575
1289,12.89,-0.2523773250735267
1290,12.9,-0.2530813903780912
1291,12.91,-0.2536717987971485
1292,12.92,-0.25415028804708867
1293,12.93,-0.2545186926346889
1294,12.94,-0.2547789195245397
1295,12.950000000000001,-0.2549329715199375
1296,12.96,-0.254982937739148
1297,12.97,-0.2549309597518158
1298,12.98,-0.2547792437864026
1299,12.99,-0.2545300704268342
1300,13.0,-0.25418576165467993
1301,13.01,-0.25374867895278314
1302,13.02,-0.25322124824260855
1303,13.030000000000001,-0.2526059402973465
1304,13.040000000000001,-0.2519052371463079
1305,13.05,-0.25112164595706116
1306,13.06,-0.2502577026544451
1307,13.07,-0.24931594329384793
1308,13.08,-0.24829890665420634
1309,13.09,-0.24720914822742268
1310,13.1,-0.24604922439592877
1311,13.11,-0.24482168071256938
1312,13.120000000000001,-0.2435290636488101
1313,13.13,-0.24217391478509287
1314,13.14,-0.24075875375411487
1315,13.15,-0.23928608097955534
1316,13.16,-0.23775838077529834
1317,13.17,-0.23617810828754526
1318,13.18,-0.23454768749374957
1319,13.19,-0.2328695172574013
1320,13.200000000000001,-0.231145967852701
1321,13.21,-0.22937937338217948
1322,13.22,-0.22757203285668437
1323,13.23,-0.22572620895901982
1324,13.24,-0.22384412363255438
1325,13.25,-0.22192795880798544
1326,13.26,-0.21997985618115537
1327,13.27,-0.21800191191012078
1328,13.280000000000001,-0.21599617513286318
1329,13.290000000000001,-0.2139646506586667
1330,13.3,-0.21190929996160826
1331,13.31,-0.20983203777976536
1332,13.32,-0.20773473032338366
1333,13.33,-0.20561919450474106
1334,13.34,-0.20348719613548194
1335,13.35,-0.20134045656072266
1336,13.36,-0.19918065527319936
1337,13.370000000000001,-0.19700942226847887
1338,13.38,-0.19482833544663844
1339,13.39,-0.19263892072542493
1340,13.4,-0.19044265221687925
1341,13.41,-0.18824095280142192
1342,13.42,-0.18603520181150085
1343,13.43,-0.18382674246566041
1344,13.44,-0.18161687487906328
1345,13.450000000000001,-0.17940684844267818
1346,13.46,-0.17719786166636017
1347,13.47,-0.17499106270615183
1348,13.48,-0.17278755006697294
1349,13.49,-0.17058837848541133
1350,13.5,-0.1683945703345187
1351,13.51,-0.16620711368538463
1352,13.52,-0.1640269529236828
1353,13.530000000000001,-0.16185498755112418
1354,13.540000000000001,-0.15969207286208917
1355,13.55,-0.15753902062733863
1356,13.56,-0.1553966005239062
1357,13.57,-0.15326554838622694
1358,13.58,-0.15114657286581634
1359,13.59,-0.14904034985425313
1360,13.6,-0.14694751758575908
1361,13.61,-0.1448686771664297
1362,13.620000000000001,-0.14280439327640126
1363,13.63,-0.14075519489089142
1364,13.64,-0.13872157805882554
1365,13.65,-0.13670401399073692
1366,13.66,-0.1347029504050583
1367,13.67,-0.13271880594570476
1368,13.68,-0.13075196931934605
1369,13.69,-0.12880280005586695
1370,13.700000000000001,-0.12687162916269049
1371,13.71,-0.12495875991021559
1372,13.72,-0.12306447173639026
1373,13.73,-0.1211890254252996
1374,13.74,-0.11933266151796067
1375,13.75,-0.11749559735009125
1376,13.76,-0.11567802770453597
1377,13.77,-0.11388012540439173
1378,13.780000000000001,-0.11210204187813909
1379,13.790000000000001,-0.11034390818677262
1380,13.8,-0.10860583901420037
1381,13.81,-0.10688793471001987
1382,13.82,-0.10519027913665054
1383,13.83,-0.10351293917789567
1384,13.84,-0.10185596544949668
1385,13.85,-0.10021939276278517
1386,13.86,-0.09860324059215515
1387,13.870000000000001,-0.09700751445720644
1388,13.88,-0.09543220876402939
1389,13.89,-0.093877306937732
1390,13.9,-0.09234278019234506
1391,13.91,-0.09082858811415895
1392,13.92,-0.08933467911345845
1393,13.93,-0.08786099078668773
1394,13.94,-0.08640745033887359
1395,13.950000000000001,-0.08497397608009613
1396,13.96,-0.0835604787783211
1397,13.97,-0.08216686119441184
1398,13.98,-0.08079301799113535
1399,13.99,-0.07943883635526053
1400,14.0,-0.07810419628323209
1401,14.01,-0.07678897085208297
1402,14.02,-0.07549302666226528
1403,14.030000000000001,-0.0742162250048071
1404,14.040000000000001,-0.07295842218833334
1405,14.05,-0.0717194692752382
1406,14.06,-0.07049921259449965
1407,14.07,-0.06929749409600978
1408,14.08,-0.06811415154778896
1409,14.09,-0.06694901873366184
1410,14.1,-0.06580192591648185
1411,14.11,-0.06467270041438193
1412,14.120000000000001,-0.06356116656710474
1413,14.13,-0.06246714590435045
1414,14.14,-0.061390457661668424
1415,14.15,-0.06033091895377137
1416,14.16,-0.05928834490934125
1417,14.17,-0.058262548831837443
1418,14.18,-0.057253342617819766
1419,14.19,-0.0562605367892045
1420,14.200000000000001,-0.055283940409704344
1421,14.21,-0.054323361603422785
1422,14.22,-0.053378607916925835
1423,14.23,-0.052449486409947045
1424,14.24,-0.051535803740068865
1425,14.25,-0.05063736624545321
1426,14.26,-0.04975398009812977
1427,14.27,-0.048885451620713845
1428,14.280000000000001,-0.04803158696115794
1429,14.290000000000001,-0.04719219205359368
1430,14.3,-0.04636707331859267
1431,14.31,-0.04555603790289625
1432,14.32,-0.04475889372232469
1433,14.33,-0.04397544950328239
1434,14.34,-0.04320551482304942
1435,14.35,-0.04244890014823266
1436,14.36,-0.04170541668553211
1437,14.370000000000001,-0.04097487626076347
1438,14.38,-0.04025709169398106
1439,14.39,-0.03955187716896423
1440,14.4,-0.038859048283565956
1441,14.41,-0.03817842206632296
1442,14.42,-0.037509816992272536
1443,14.43,-0.0368530529997656
1444,14.44,-0.03620795154665265
1445,14.450000000000001,-0.03557433541508685
1446,14.46,-0.03495202852677885
1447,14.47,-0.034340856308541876
1448,14.48,-0.033740646017410454
1449,14.49,-0.033151226755621016
1450,14.5,-0.03257242946696009
1451,14.51,-0.03200408693276705
1452,14.52,-0.0314460337660268
1453,14.530000000000001,-0.03089810630199538
1454,14.540000000000001,-0.030360142328376864
1455,14.55,-0.029831981180847213
1456,14.56,-0.029313464096734354
1457,14.57,-0.02880443430496044
1458,14.58,-0.02830473701313463
1459,14.59,-0.027814219393472724
1460,14.6,-0.027332730568620355
1461,14.61,-0.026860121594797084
1462,14.620000000000001,-0.02639624533818931
1463,14.63,-0.02594095626947286
1464,14.64,-0.025494110583267005
1465,14.65,-0.02505556644904961
1466,14.66,-0.024625184042053248
1467,14.67,-0.024202825522736567
1468,14.68,-0.023788355016258048
1469,14.69,-0.023381638592038012
1470,14.700000000000001,-0.022982544230707818
1471,14.71,-0.022590941660225364
1472,14.72,-0.022206702228401987
1473,14.73,-0.02182969906217534
1474,14.74,-0.02145980721702195
1475,14.75,-0.021096903668780292
1476,14.76,-0.02074086729000158
1477,14.77,-0.020391578826511377
1478,14.780000000000001,-0.020048920874097497
1479,14.790000000000001,-0.019712777824845075
1480,14.8,-0.019383035701562135
1481,14.81,-0.019059582115971006
1482,14.82,-0.018742306418728875
1483,14.83,-0.018431099758898627
1484,14.84,-0.01812585506217038
1485,14.85,-0.017826467006660896
1486,14.86,-0.017532831998988987
1487,14.870000000000001,-0.017244848158288507
1488,14.88,-0.016962415418387642
1489,14.89,-0.01668543528010223
1490,14.9,-0.016413810425232808
1491,14.91,-0.0161474449547806
1492,14.92,-0.01588624465847726
1493,14.93,-0.0156301169997607
1494,14.94,-0.015378971089882825
1495,14.950000000000001,-0.015132717662398383
1496,14.96,-0.014891269048034544
1497,14.97,-0.014654539149931785
1498,14.98,-0.014422443419257188
1499,14.99,-0.014194898829134486
1500,15.0,-0.01397182357848655
1501,15.01,-0.013753136760352438
1502,15.02,-0.013538759016888098
1503,15.030000000000001,-0.01332861283643227
1504,15.040000000000001,-0.013122622082066281
1505,15.05,-0.012920711912144245
1506,15.06,-0.012722808762342835
1507,15.07,-0.012528840327906327
1508,15.08,-0.012338735546085593
1509,15.09,-0.012152424578765265
1510,15.1,-0.011969838795282503
1511,15.11,-0.01179091075543369
1512,15.120000000000001,-0.011615574192762896
1513,15.13,-0.011443764127948166
1514,15.14,-0.011275417072727048
1515,15.15,-0.01111047090300604
1516,15.16,-0.010948864610043236
1517,15.17,-0.010790538252376396
1518,15.18,-0.010635432940964286
1519,15.19,-0.010483490824489754
1520,15.200000000000001,-0.01033465507482517
1521,15.21,-0.010188869872656256
1522,15.22,-0.01004608039326606
1523,15.23,-0.00990623279247476
1524,15.24,-0.00976927421265733
1525,15.25,-0.009635152995071514
1526,15.26,-0.00950381876948216
1527,15.27,-0.009375222190063811
1528,15.280000000000001,-0.00924931480758547
1529,15.290000000000001,-0.009126049090415844
1530,15.3,-0.009005378411485047
1531,15.31,-0.008887257034949088
1532,15.32,-0.008771640103046239
1533,15.33,-0.008658483623144288
1534,15.34,-0.008547744454975088
1535,15.35,-0.008439380298055944
1536,15.36,-0.008333349683606639
1537,15.370000000000001,-0.008229612073218262
1538,15.38,-0.008128127926781543
1539,15.39,-0.008028858535533827
1540,15.4,-0.007931765933877214
1541,15.41,-0.007836812942475485
1542,15.42,-0.007743963159577514
1543,15.43,-0.007653180949369883
1544,15.44,-0.007564431430540408
1545,15.450000000000001,-0.0074776804650473466
1546,15.46,-0.007392894647094726
1547,15.47,-0.007310041292311652
1548,15.48,-0.007229088427374825
1549,15.49,-0.00715000480647839
1550,15.5,-0.00707275993369944
1551,15.51,-0.006997323994046146
1552,15.52,-0.006923667811582478
1553,15.530000000000001,-0.006851762877042195
1554,15.540000000000001,-0.0067815813430761205
1555,15.55,-0.006713096014751221
1556,15.56,-0.0066462803402524565
1557,15.57,-0.006581108401786481
1558,15.58,-0.0065175549066850075
1559,15.59,-0.0064555951787062535
1560,15.6,-0.006395205149532192
1561,15.610000000000001,-0.006336361340523606
1562,15.620000000000001,-0.006279040830051452
1563,15.63,-0.006223221286648347
1564,15.64,-0.0061688809901594656
1565,15.65,-0.00611599878817649
1566,15.66,-0.006064554079216466
1567,15.67,-0.006014526805747883
1568,15.68,-0.005965897447384546
1569,15.69,-0.0059186470142459655
1570,15.700000000000001,-0.005872757040483572
1571,15.71,-0.005828209577970566
1572,15.72,-0.00578498719015506
1573,15.73,-0.005743072948700346
1574,15.74,-0.005702450451723095
1575,15.75,-0.005663103820028111
1576,15.76,-0.00562501766257412
1577,15.77,-0.0055881770679484894
1578,15.780000000000001,-0.005552567605621564
1579,15.790000000000001,-0.005518175320958808
1580,15.8,-0.005484986730338834
1581,15.81,-0.005452988816429018
1582,15.82,-0.00542216902361794
1583,15.83,-0.005392515253603145
1584,15.84,-0.005364015861133813
1585,15.85,-0.005336659649946159
1586,15.860000000000001,-0.00531043587089693
1587,15.870000000000001,-0.005285334223338058
1588,15.88,-0.0052613448504427295
1589,15.89,-0.005238458330034383
1590,15.9,-0.005216665669711033
1591,15.91,-0.00519595830365907
1592,15.92,-0.005176328089626565
1593,15.93,-0.005157767306042803
1594,15.94,-0.005140268649283551
1595,15.950000000000001,-0.0051238252310814745
1596,15.96,-0.005108430576081203
1597,15.97,-0.005094078619449107
1598,15.98,-0.005080763698682541
1599,15.99,-0.005068480555528635
1600,16.0,-0.00505722435729152
1601,16.01,-0.0050469906912684725
1602,16.02,-0.005037775544397971
1603,16.03,-0.005029575300193506
1604,16.04,-0.00502238673747818
1605,16.05,-0.0050162070292555415
1606,16.06,-0.005011033741716273
1607,16.07,-0.005006864833380673
1608,16.080000000000002,-0.005003698654376571
1609,16.09,-0.005001533945852678
1610,16.1,-0.005000369839527182
1611,16.11,-0.005000205857399463
1612,16.12,-0.005001041921961061
1613,16.13,-0.005002878377684097
1614,16.14,-0.00500571596828467
1615,16.15,-0.005009555814356651
1616,16.16,-0.005014399428321984
1617,16.17,-0.005020248718128192
1618,16.18,-0.0050271059879310204
1619,16.19,-0.005034973938918888
1620,16.2,-0.005043855670279156
1621,16.21,-0.005053754680306392
1622,16.22,-0.005064674867653157
1623,16.23,-0.005076620532723269
1624,16.240000000000002,-0.005089596379208014
1625,16.25,-0.0051036075157653476
1626,16.26,-0.00511865945509711
1627,16.27,-0.00513475811146364
1628,16.28,-0.005151909816403245
1629,16.29,-0.005170121327324152
1630,16.3,-0.005189399818319731
1631,16.31,-0.005209752880139633
1632,16.32,-0.005231188522879029
1633,16.330000000000002,-0.005253715178812929
1634,16.34,-0.005277341705375568
1635,16.35,-0.005302077388286109
1636,16.36,-0.005327931944821179
1637,16.37,-0.005354915527234564
1638,16.38,-0.005383038726325555
1639,16.39,-0.005412312575155809
1640,16.4,-0.00544274855515312
1641,16.41,-0.00547435861235137
1642,16.42,-0.0055071551589729074
1643,16.43,-0.0055411510645658685
1644,16.44,-0.00557635966234222
1645,16.45,-0.005612794756268397
1646,16.46,-0.005650470625920893
1647,16.47,-0.005689402031501118
1648,16.48,-0.005729604219011368
1649,16.490000000000002,-0.005771092925593397
1650,16.5,-0.005813884385030212
1651,16.51,-0.005857995333412755
1652,16.52,-0.005903443014972489
1653,16.53,-0.005950245188080698
1654,16.54,-0.00599842013145395
1655,16.55,-0.006047986652435858
1656,16.56,-0.006098964097779746
1657,16.57,-0.006151372359720983
1658,16.580000000000002,-0.0062052318790479025
1659,16.59,-0.006260563651348514
1660,16.6,-0.006317389234248355
1661,16.61,-0.0063757307548298085
1662,16.62,-0.006435610917231314
1663,16.63,-0.0064970530104297205
1664,16.64,-0.0065600809162060895
1665,16.65,-0.006624719117297867
1666,16.66,-0.006690992705737682
1667,16.67,-0.006758927391381242
1668,16.68,-0.006828549510034892
1669,16.69,-0.006899886029345273
1670,16.7,-0.006972964569244018
1671,16.71,-0.00704781342021904
1672,16.72,-0.007124461541635229
1673,16.73,-0.007202938565047928
1674,16.740000000000002,-0.007283274804014876
1675,16.75,-0.007365501264181793
1676,16.76,-0.00744964965357218
1677,16.77,-0.007535752393082501
1678,16.78,-0.007623842627184404
1679,16.79,-0.0077139542348371466
1680,16.8,-0.0078061218406119464
1681,16.81,-0.007900380826029943
1682,16.82,-0.00799676734110587
1683,16.830000000000002,-0.008095318319217278
1684,16.84,-0.008196071501251283
1685,16.85,-0.008299065448854552
1686,16.86,-0.008404339543976453
1687,16.87,-0.008511933996613649
1688,16.88,-0.008621889857587741
1689,16.89,-0.008734249031623148
1690,16.9,-0.008849054290657144
1691,16.91,-0.008966349287382014
1692,16.92,-0.009086178569023802
1693,16.93,-0.00920858759135893
1694,16.94,-0.009333622732970758
1695,16.95,-0.009461331309750331
1696,16.96,-0.009591761589053697
1697,16.97,-0.009724962791763993
1698,16.98,-0.009860985121962795
1699,16.990000000000002,-0.009999879817970398
1700,17.0,-0.010141699149943827
1701,17.01,-0.010286496407484032
1702,17.02,-0.010434325914193578
1703,17.03,-0.010585243043786339
1704,17.04,-0.010739304236447138
1705,17.05,-0.010896567015441184
1706,17.06,-0.01105709000397769
1707,17.07,-0.011220932942330881
1708,17.080000000000002,-0.011388156705219319
1709,17.09,-0.011558823319446326
1710,17.1,-0.01173299598147878
1711,17.11,-0.01191073906108002
1712,17.12,-0.012092118136200085
1713,17.13,-0.012277200063625987
1714,17.14,-0.012466052974141982
1715,17.150000000000002,-0.012658746242652303
1716,17.16,-0.012855350503363682
1717,17.17,-0.013055937668678283
1718,17.18,-0.0132605809483393
1719,17.19,-0.013469354868828304
1720,17.2,-0.013682335293017553
1721,17.21,-0.013899599440081175
1722,17.22,-0.014121225905666146
1723,17.23,-0.014347294682324006
1724,17.240000000000002,-0.01457788718002691
1725,17.25,-0.01481308621959182
1726,17.26,-0.015052976054472022
1727,17.27,-0.015297642497399769
1728,17.28,-0.015547172929537006
1729,17.29,-0.015801656219295277
1730,17.3,-0.016061182731043323
1731,17.31,-0.016325844345594198
1732,17.32,-0.01659573448090331
1733,17.330000000000002,-0.01687094811297808
1734,17.34,-0.017151581797001308
1735,17.35,-0.01743773368866837
1736,17.36,-0.017729503565742585
1737,17.37,-0.018026992849828213
1738,17.38,-0.018330304628326084
1739,17.39,-0.018639543636286664
1740,17.400000000000002,-0.018954816244431835
1741,17.41,-0.019276230665231913
1742,17.42,-0.019603896996246612
1743,17.43,-0.019937927050123382
1744,17.44,-0.020278434341916136
1745,17.45,-0.020625534108358868
1746,17.46,-0.020979343327230674
1747,17.47,-0.021339980736815
1748,17.48,-0.02170756685544655
1749,17.490000000000002,-0.022082224001151552
1750,17.5,-0.0224640763113788
1751,17.51,-0.022853249762816913
1752,17.52,-0.023249872191305525
1753,17.53,-0.023654073261061836
1754,17.54,-0.024065984384485168
1755,17.55,-0.02448573902557506
1756,17.56,-0.02491347281447858
1757,17.57,-0.025349323243698763
1758,17.580000000000002,-0.025793429603183888
1759,17.59,-0.02624593299281812
1760,17.6,-0.02670697633475647
1761,17.61,-0.027176704385596096
1762,17.62,-0.02765526374838369
1763,17.63,-0.028142802884457366
1764,17.64,-0.028639472125111434
1765,17.650000000000002,-0.029145423683092076
1766,17.66,-0.02966081166390974
1767,17.67,-0.03018579201482392
1768,17.68,-0.030720522309915142
1769,17.69,-0.03126516217461667
1770,17.7,-0.03181987355469305
1771,17.71,-0.032384820211758536
1772,17.72,-0.03296016753755654
1773,17.73,-0.03354608254920952
1774,17.740000000000002,-0.034142733884096534
1775,17.75,-0.034750291794107234
1776,17.76,-0.03536892813926676
1777,17.77,-0.03599881638072957
1778,17.78,-0.03664013157312497
1779,17.79,-0.037293050356265005
1780,17.8,-0.03795775094618661
1781,17.81,-0.0386344130589916
1782,17.82,-0.0393232174993035
1783,17.830000000000002,-0.04002434667062896
1784,17.84,-0.04073798508641532
1785,17.85,-0.041464318627336606
1786,17.86,-0.042203534126218904
1787,17.87,-0.0429558193270736
1788,17.88,-0.04372136284530567
1789,17.89,-0.044500354126574576
1790,17.900000000000002,-0.04529298340429046
1791,17.91,-0.04609944165574579
1792,17.92,-0.04691992055687542
1793,17.93,-0.04775461243563339
1794,17.94,-0.04860371022398535
1795,17.95,-0.049467407344768226
1796,17.96,-0.050345897025467226
1797,17.97,-0.051239372781389514
1798,17.98,-0.05214802928126054
1799,17.990000000000002,-0.053072061375395774
1800,18.0,-0.05401166328809533
1801,18.01,-0.05496702850714051
1802,18.02,-0.055938349683181295
1803,18.03,-0.056925818526777534
1804,18.04,-0.05792962570308356
1805,18.05,-0.058949960724192514
1806,18.06,-0.059987011839147876
1807,18.07,-0.061040965921611894
1808,18.080000000000002,-0.06211200835523364
1809,18.09,-0.06320032286574813
1810,18.1,-0.06430609052754885
1811,18.11,-0.06542948995806092
1812,18.12,-0.06657069854829098
1813,18.13,-0.06772989139065508
1814,18.14,-0.06890723992459048
1815,18.150000000000002,-0.07010291170428112
1816,18.16,-0.07131707020230502
1817,18.17,-0.0725498746098782
1818,18.18,-0.07380147963376196
1819,18.19,-0.0750720352898822
1820,18.2,-0.07636168669370189
1821,18.21,-0.07767057384741079
1822,18.22,-0.0789988314240066
1823,18.23,-0.08034658851765779
1824,18.240000000000002,-0.0817139674101959
1825,18.25,-0.0831010830394284
1826,18.26,-0.08450804427733152
1827,18.27,-0.08593495305089581
1828,18.28,-0.08738190248975779
1829,18.29,-0.08884897651125405
1830,18.3,-0.09033624949140388
1831,18.31,-0.09184378593218712
1832,18.32,-0.09337164012527091
1833,18.330000000000002,-0.09491985581238524
1834,18.34,-0.0964884658425082
1835,18.35,-0.0980774918260493
1836,18.36,-0.09968694378624422
1837,18.37,-0.10131681980123804
1838,18.38,-0.10296710497579678
1839,18.39,-0.10463776941558127
1840,18.400000000000002,-0.10632876766692848
1841,18.41,-0.10804003880975345
1842,18.42,-0.10977150562937722
1843,18.43,-0.11152307409706372
1844,18.44,-0.1132946329093843
1845,18.45,-0.11508605302625927
1846,18.46,-0.11689718720810022
1847,18.47,-0.11872786955244084
1848,18.48,-0.12057791503049686
1849,18.490000000000002,-0.12244711854630572
1850,18.5,-0.12433525101941689
1851,18.51,-0.12624205902458754
1852,18.52,-0.12816726715956675
1853,18.53,-0.13011057607050022
1854,18.54,-0.13207166069788195
1855,18.55,-0.13405016969082995
1856,18.56,-0.1360457248295379
1857,18.57,-0.13805792045234525
1858,18.580000000000002,-0.14008632288829181
1859,18.59,-0.14213046989601724
1860,18.6,-0.1441898701126871
1861,18.61,-0.1462640022531185
1862,18.62,-0.14835231208759575
1863,18.63,-0.15045420970109347
1864,18.64,-0.1525690702055346
1865,18.650000000000002,-0.15469623447189446
1866,18.66,-0.15683500863138414
1867,18.67,-0.15898466352824456
1868,18.68,-0.16114443418873944
1869,18.69,-0.16331351930764912
1870,18.7,-0.1654910795671502
1871,18.71,-0.16767623138926657
1872,18.72,-0.1698680485589805
1873,18.73,-0.17206556685541108
1874,18.740000000000002,-0.17426778032489987
1875,18.75,-0.1764736391806906
1876,18.76,-0.17868204931655501
1877,18.77,-0.1808918718532222
1878,18.78,-0.18310192271910447
1879,18.79,-0.18531097254370313
1880,18.8,-0.1875177510538304
1881,18.81,-0.18972094285611213
1882,18.82,-0.19191917618498647
1883,18.830000000000002,-0.194111026978341
1884,18.84,-0.19629502588248907
1885,18.85,-0.1984696584562775
1886,18.86,-0.2006333651672822
1887,18.87,-0.20278454144180225
1888,18.88,-0.20492153776865543
1889,18.89,-0.20704265636310454
1890,18.900000000000002,-0.20914614082055555
1891,18.91,-0.21123018201744045
1892,18.92,-0.2132929285026675
1893,18.93,-0.2153324827548969
1894,18.94,-0.2173469002201013
1895,18.95,-0.2193341898239007
1896,18.96,-0.2212923145673464
1897,18.97,-0.22321919220944705
1898,18.98,-0.22511269691981042
1899,18.990000000000002,-0.2269706672285912
1900,19.0,-0.22879089901330563
1901,19.01,-0.23057113567261334
1902,19.02,-0.23230908009023282
1903,19.03,-0.2340024035133288
1904,19.04,-0.23564874716818035
1905,19.05,-0.23724572388493662
1906,19.06,-0.23879091982706058
1907,19.07,-0.24028189630000202
1908,19.080000000000002,-0.24171618807157824
1909,19.09,-0.2430912976038529
1910,19.1,-0.24440470312737012
1911,19.11,-0.24565387145498002
1912,19.12,-0.24683626047429688
1913,19.13,-0.24794932144020201
1914,19.14,-0.24899050171341963
1915,19.150000000000002,-0.24995724761990293
1916,19.16,-0.25084700743346816
1917,19.17,-0.25165723598271483
1918,19.18,-0.25238540478386634
1919,19.19,-0.25302899967781756
1920,19.2,-0.2535855211007543
1921,19.21,-0.25405250003855084
1922,19.22,-0.2544275062096156
1923,19.23,-0.25470815198414526
1924,19.240000000000002,-0.2548920963912989
1925,19.25,-0.2549770492212005
1926,19.26,-0.2549607750638601
1927,19.27,-0.2548410945458675
1928,19.28,-0.254615896485057
1929,19.29,-0.25428315819019137
1930,19.3,-0.2538409480299432
1931,19.31,-0.25328742251245495
1932,19.32,-0.25262083052680046
1933,19.330000000000002,-0.25183951800539595
1934,19.34,-0.25094193545820953
1935,19.35,-0.24992666542106257
1936,19.36,-0.2487924263578811
1937,19.37,-0.24753806019548802
1938,19.38,-0.2461625503471145
1939,19.39,-0.24466503611825363
1940,19.400000000000002,-0.2430448170457686
1941,19.41,-0.24130135708305495
1942,19.42,-0.23943428407309011
1943,19.43,-0.2374433916915948
1944,19.44,-0.23532867078854613
1945,19.45,-0.23309032275190208
1946,19.46,-0.23072874452777856
1947,19.47,-0.22824452851009913
1948,19.48,-0.2256384655650169
1949,19.490000000000002,-0.22291154843434718
1950,19.5,-0.2200649945489625
1951,19.51,-0.21710027054832765
1952,19.52,-0.21401907567011347
1953,19.53,-0.2108233355510838
1954,19.54,-0.2075152172616263
1955,19.55,-0.2040971303235787
1956,19.56,-0.2005717263293369
1957,19.57,-0.19694189710356885
1958,19.580000000000002,-0.19321077181382657
1959,19.59,-0.18938173840208714
1960,19.6,-0.18545845440999134
1961,19.61,-0.18144482574684664
1962,19.62,-0.177344995298446
1963,19.63,-0.17316333901715983
1964,19.64,-0.16890446160859293
1965,19.650000000000002,-0.16457320008526435
1966,19.66,-0.1601746469094603
1967,19.67,-0.1557141371899936
1968,19.68,-0.15119722026609658
1969,19.69,-0.14662965957978935
1970,19.7,-0.14201742666698872
1971,19.71,-0.1373666914663139
1972,19.72,-0.1326838119440763
1973,19.73,-0.12797532170615822
1974,19.740000000000002,-0.1232479285155296
1975,19.75,-0.11850851231824214
1976,19.76,-0.11376410193422139
1977,19.77,-0.1090218520817371
1978,19.78,-0.1042890293789754
1979,19.79,-0.09957299829239193
1980,19.8,-0.09488120970311485
1981,19.81,-0.09022120436443451
1982,19.82,-0.0856005750987165
1983,19.830000000000002,-0.08102693382190258
1984,19.84,-0.07650793013340743
1985,19.85,-0.0720512403648542
1986,19.86,-0.0676645109732787
1987,19.87,-0.06335535139277673
1988,19.88,-0.05913133317924007
1989,19.89,-0.054999940585179964
1990,19.900000000000002,-0.05096855280257007
1991,19.91,-0.04704445427133538
1992,19.92,-0.04323480341307252
1993,19.93,-0.039546600960779714
1994,19.94,-0.035986690947404705
1995,19.95,-0.03256173745345593
1996,19.96,-0.029278190736208274
1997,19.97,-0.026142276834021892
1998,19.98,-0.023159983880251405
1999,19.990000000000002,-0.020337035766210588
2000,20.0,-0.017678881267520517
2001,20.01,-0.015190682530029613
2002,20.02,-0.012877294049246544
2003,20.03,-0.010743248814102402
2004,20.04,-0.008792749587869228
2005,20.05,-0.007029652803953828
2006,20.06,-0.005457453929792045
2007,20.07,-0.004079279059529464
2008,20.080000000000002,-0.0028978761367755355
2009,20.09,-0.0019156061155032476
2010,20.1,-0.0011344363771171007
2011,20.11,-0.0005559335132180126
2012,20.12,-0.00018125866558861298
2013,20.13,-1.1165247597491794e-05
2014,20.14,-4.599590317416803e-05
2015,20.150000000000002,-0.0002856803028834271
2016,20.16,-0.0007297361798973085
2017,20.17,-0.0013772715992280895
2018,20.18,-0.0022269871483210687
2019,20.19,-0.003277178893115021
2020,20.2,-0.00452574380206078
2021,20.21,-0.005970188669350433
2022,20.22,-0.007607637761720579
2023,20.23,-0.009434838526678917
2024,20.240000000000002,-0.011448169766234927
2025,20.25,-0.013643656235334086
2026,20.26,-0.016016984022128648
2027,20.27,-0.01856351041842956
2028,20.28,-0.021278274484157676
2029,20.29,-0.024156010799600728
2030,20.3,-0.027191170154883103
2031,20.31,-0.030377939158454225
2032,20.32,-0.03371025200714377
2033,20.330000000000002,-0.03718180338870426
2034,20.34,-0.0407860684045847
2035,20.35,-0.044516326517928195
2036,20.36,-0.048365678629382916
2037,20.37,-0.05232706332042486
2038,20.38,-0.05639327612513204
2039,20.39,-0.06055699439665156
2040,20.400000000000002,-0.06481079377000533
2041,20.41,-0.06914715552732141
2042,20.42,-0.07355849845169792
2043,20.43,-0.07803720605049635
2044,20.44,-0.08257563010728751
2045,20.45,-0.08716610571213261
2046,20.46,-0.09180098699468471
2047,20.47,-0.09647266312071537
2048,20.48,-0.10117355544519738
2049,20.490000000000002,-0.1058961448804902
2050,20.5,-0.11063300522331068
2051,20.51,-0.11537680309499307
2052,20.52,-0.12012029988945237
2053,20.53,-0.12485638775783661
2054,20.54,-0.12957810849341792
2055,20.55,-0.13427864292423466
2056,20.56,-0.138951325829995
2057,20.57,-0.14358967967395164
2058,20.580000000000002,-0.14818741565742374
2059,20.59,-0.15273842321826225
2060,20.6,-0.15723679664502793
2061,20.61,-0.16167685702052154
2062,20.62,-0.16605313827329485
2063,20.63,-0.17036038459087066
2064,20.64,-0.17459358033014077
2065,20.650000000000002,-0.17874795669183055
2066,20.66,-0.18281897313489387
2067,20.67,-0.18680232462802143
2068,20.68,-0.19069396329219826
2069,20.69,-0.19449009273898596
2070,20.7,-0.1981871521992895
2071,20.71,-0.20178182881291637
2072,20.72,-0.20527106858449073
2073,20.73,-0.2086520629244792
2074,20.740000000000002,-0.21192223958291578
2075,20.75,-0.2150792734320067
2076,20.76,-0.2181210865863824
2077,20.77,-0.22104583366549685
2078,20.78,-0.22385189849190051
2079,20.79,-0.22653789877422295
2080,20.8,-0.22910267910861687
2081,20.81,-0.23154529944757504
2082,20.82,-0.2338650334505762
2083,20.830000000000002,-0.23606136577912132
2084,20.84,-0.2381339829266701
2085,20.85,-0.24008276597433825
2086,20.86,-0.24190778663259885
2087,20.87,-0.2436092998743716
2088,20.88,-0.24518773462291935
2089,20.89,-0.24664368752336924
2090,20.900000000000002,-0.2479779194444181
2091,20.91,-0.24919134956360486
2092,20.92,-0.250285036534041
2093,20.93,-0.2512601706608156
2094,20.94,-0.2521180811852465
2095,20.95,-0.25286023406487923
2096,20.96,-0.2534882137242743
2097,20.97,-0.25400370179253745
2098,20.98,-0.2544084776315072
2099,20.990000000000002,-0.25470442121357834
2100,21.0,-0.25489350702388336
2101,21.01,-0.2549777949857276
2102,21.02,-0.25495941353301366
2103,21.03,-0.2548405523458591
2104,21.04,-0.2546234647217969
2105,21.05,-0.25431046478430597
2106,21.06,-0.2539039200572023
2107,21.07,-0.25340623688439257
2108,21.080000000000002,-0.25281985436895915
2109,21.09,-0.25214724446552117
2110,21.1,-0.25139090645392226
2111,21.11,-0.25055336223806046
2112,21.12,-0.24963714924631744
2113,21.13,-0.24864481451835144
2114,21.14,-0.24757891140645427
2115,21.150000000000002,-0.24644199547909335
2116,21.16,-0.24523662093041082
2117,21.17,-0.2439653357221866
2118,21.18,-0.2426306776845118
2119,21.19,-0.24123517166576444
2120,21.2,-0.23978132515400485
2121,21.21,-0.23827162493178608
2122,21.22,-0.23670853455776203
2123,21.23,-0.2350944926077204
2124,21.240000000000002,-0.23343191032991636
2125,21.25,-0.23172316763037035
2126,21.26,-0.22997061020592743
2127,21.27,-0.2281765471744481
2128,21.28,-0.2263432509757875
2129,21.29,-0.22447295942957568
2130,21.3,-0.22256787159311386
2131,21.31,-0.22063014215161786
2132,21.32,-0.21866188013083493
2133,21.330000000000002,-0.21666514810689616
2134,21.34,-0.2146419638043543
2135,21.35,-0.21259430461078632
2136,21.36,-0.2105241049824013
2137,21.37,-0.2084332498452528
2138,21.38,-0.2063235729752383
2139,21.39,-0.2041968567685609
2140,21.400000000000002,-0.20205483380511774
2141,21.41,-0.19989919287519337
2142,21.42,-0.19773157955679846
2143,21.43,-0.19555359016173404
2144,21.44,-0.19336676947382728
2145,21.45,-0.19117261085174156
2146,21.46,-0.1889725568289282
2147,21.47,-0.18676800390159679
2148,21.48,-0.18456030717724334
2149,21.490000000000002,-0.1823507768546848
2150,21.5,-0.18014067410821902
2151,21.51,-0.17793121108126222
2152,21.52,-0.17572355141710624
2153,21.53,-0.17351881350166368
2154,21.54,-0.1713180765434213
2155,21.55,-0.1691223800259223
2156,21.56,-0.16693271946264288
2157,21.57,-0.16475004612323024
2158,21.580000000000002,-0.16257526762896818
2159,21.59,-0.16040924934274572
2160,21.6,-0.15825281947032757
2161,21.61,-0.1561067717561344
2162,21.62,-0.15397186256425321
2163,21.63,-0.15184880955026928
2164,21.64,-0.1497382922785289
2165,21.650000000000002,-0.14764095301651312
2166,21.66,-0.14555739997821868
2167,21.67,-0.14348821135976148
2168,21.68,-0.14143393453025735
2169,21.69,-0.1393950841713791
2170,21.7,-0.13737214280626941
2171,21.71,-0.13536556145259793
2172,21.72,-0.1333757611609972
2173,21.73,-0.1314031367390763
2174,21.740000000000002,-0.12944805793313485
2175,21.75,-0.12751086788900967
2176,21.76,-0.12559188326442336
2177,21.77,-0.12369139486455666
2178,21.78,-0.12180966823144773
2179,21.79,-0.11994694538899613
2180,21.8,-0.11810344857225301
2181,21.81,-0.11627938089414855
2182,21.82,-0.11447492444827491
2183,21.830000000000002,-0.11269024027403812
2184,21.84,-0.11092546889769221
2185,21.85,-0.10918073087333317
2186,21.86,-0.10745612756233659
2187,21.87,-0.10575174600207492
2188,21.88,-0.10406765970462105
2189,21.89,-0.10240392311590313
2190,21.900000000000002,-0.10076057358772735
2191,21.91,-0.09913763565205816
2192,21.92,-0.09753512150327837
2193,21.93,-0.09595303134363274
2194,21.94,-0.09439135372603769
2195,21.95,-0.09285006545196488
2196,21.96,-0.09132912954763629
2197,21.97,-0.08982849519253362
2198,21.98,-0.08834810112530465
2199,21.990000000000002,-0.086887877584293
2200,22.0,-0.08544774664393487
2201,22.01,-0.0840276224813591
2202,22.02,-0.08262741164029204
2203,22.03,-0.08124701322247568
2204,22.04,-0.07988631774536828
2205,22.05,-0.07854520587840808
2206,22.06,-0.07722355053573796
2207,22.07,-0.07592121940298799
2208,22.080000000000002,-0.07463807541088466
2209,22.09,-0.07337397692379453
2210,22.1,-0.07212877792574654
2211,22.11,-0.07090232807586229
2212,22.12,-0.06969447127155735
2213,22.13,-0.06850504537075468
2214,22.14,-0.06733388455640568
2215,22.150000000000002,-0.06618082023071414
2216,22.16,-0.06504568073180853
2217,22.17,-0.06392829148416243
2218,22.18,-0.06282847515510283
2219,22.19,-0.061746051812977654
2220,22.2,-0.06068083922613561
2221,22.21,-0.05963265306612236
2222,22.22,-0.05860130697355922
2223,22.23,-0.05758661298441368
2224,22.240000000000002,-0.05658838194416663
2225,22.25,-0.05560642362903319
2226,22.26,-0.054640546848745766
2227,22.27,-0.0536905595472023
2228,22.28,-0.052756268947169276
2229,22.29,-0.051837481713472286
2230,22.3,-0.05093400400849931
2231,22.31,-0.05004564174661658
2232,22.32,-0.04917220092590721
2233,22.330000000000002,-0.048313487726490634
2234,22.34,-0.04746930857334033
2235,22.35,-0.04663947019747361
2236,22.36,-0.04582377970696981
2237,22.37,-0.045022044712432714
2238,22.38,-0.044234073407711516
2239,22.39,-0.04345967470124731
2240,22.400000000000002,-0.04269865841162517
2241,22.41,-0.0419508353465261
2242,22.42,-0.041216017336815354
2243,22.43,-0.04049401726937515
2244,22.44,-0.039784649123646
2245,22.45,-0.039087728092579335
2246,22.46,-0.0384030706632042
2247,22.47,-0.037730494618350034
2248,22.48,-0.037069819149458165
2249,22.490000000000002,-0.03642086495700979
2250,22.5,-0.035783454265385296
2251,22.51,-0.03515741083431084
2252,22.52,-0.034542559970156934
2253,22.53,-0.03393872859138071
2254,22.54,-0.03334574529033262
2255,22.55,-0.03276344027006441
2256,22.56,-0.03219164540664057
2257,22.57,-0.0316301943872849
2258,22.580000000000002,-0.031078922719958886
2259,22.59,-0.030537667729087073
2260,22.6,-0.030006268550928687
2261,22.61,-0.029484566128594417
2262,22.62,-0.02897240320672249
2263,22.63,-0.02846962432554152
2264,22.64,-0.027976075834343413
2265,22.650000000000002,-0.02749160598396987
2266,22.66,-0.027016064988247292
2267,22.67,-0.026549304985592822
2268,22.68,-0.02609118000759163
2269,22.69,-0.025641545965216006
2270,22.7,-0.02520026063515684
2271,22.71,-0.02476718364604381
2272,22.72,-0.024342176464549475
2273,22.73,-0.023925102381386395
2274,22.740000000000002,-0.023515826537295097
2275,22.75,-0.02311421607706933
2276,22.76,-0.02272014009821069
2277,22.77,-0.022333469504661307
2278,22.78,-0.021954077048143485
2279,22.79,-0.02158183733560727
2280,22.8,-0.021216626809259547
2281,22.81,-0.020858323726679805
2282,22.82,-0.020506808141030973
2283,22.830000000000002,-0.020161961881362447
2284,22.84,-0.01982366853301582
2285,22.85,-0.019491813431844418
2286,22.86,-0.019166283719833203
2287,22.87,-0.018846968367795022
2288,22.88,-0.018533758106779655
2289,22.89,-0.01822654537647316
2290,22.900000000000002,-0.017925224303018183
2291,22.91,-0.017629690678014724
2292,22.92,-0.017339841937691676
2293,22.93,-0.017055577142249388
2294,22.94,-0.016776796955373444
2295,22.95,-0.016503403632406356
2296,22.96,-0.01623530109156079
2297,22.97,-0.015972394933980567
2298,22.98,-0.015714592338161682
2299,22.990000000000002,-0.01546180201439751
2300,23.0,-0.015213934202011937
2301,23.01,-0.014970900648331415
2302,23.02,-0.014732614587684035
2303,23.03,-0.01449899072064151
2304,23.04,-0.014269945193491625
2305,23.05,-0.014045395577963141
2306,23.06,-0.013825260866119737
2307,23.07,-0.013609461507509702
2308,23.080000000000002,-0.013397919389665168
2309,23.09,-0.01319055777155009
2310,23.1,-0.012987301261114767
2311,23.11,-0.012788075798299759
2312,23.12,-0.012592808635380025
2313,23.13,-0.012401428317562168
2314,23.14,-0.012213864663841185
2315,23.150000000000002,-0.01203004874811023
2316,23.16,-0.011849912880937691
2317,23.17,-0.01167339060902217
2318,23.18,-0.01150041673535193
2319,23.19,-0.011330927294874818
2320,23.2,-0.011164859503385227
2321,23.21,-0.011002151733660316
2322,23.22,-0.010842743497977193
2323,23.23,-0.01068657543079874
2324,23.240000000000002,-0.010533589271709559
2325,23.25,-0.010383727848600791
2326,23.26,-0.010236935061102624
2327,23.27,-0.0100931558694252
2328,23.28,-0.009952336315625933
2329,23.29,-0.009814423513344547
2330,23.3,-0.009679365594861131
2331,23.31,-0.009547111690206217
2332,23.32,-0.009417611917326542
2333,23.330000000000002,-0.009290817366839123
2334,23.34,-0.009166680087020259
2335,23.35,-0.009045153069038069
2336,23.36,-0.008926190232426095
2337,23.37,-0.00880974641080237
2338,23.38,-0.008695777340944729
2339,23.39,-0.008584239665570762
2340,23.400000000000002,-0.008475090926188783
2341,23.41,-0.008368289534195666
2342,23.42,-0.008263794748831989
2343,23.43,-0.008161566663912111
2344,23.44,-0.008061566195113225
2345,23.45,-0.007963755067487211
2346,23.46,-0.007868095803193562
2347,23.47,-0.0077745517094512315
2348,23.48,-0.007683086863251716
2349,23.490000000000002,-0.007593666068274602
2350,23.5,-0.007506254899696492
2351,23.51,-0.007420819765951859
2352,23.52,-0.00733732784059131
2353,23.53,-0.007255747004454744
2354,23.54,-0.007176045834537901
2355,23.55,-0.00709819359394611
2356,23.56,-0.0070221602220349455
2357,23.57,-0.006947916324735532
2358,23.580000000000002,-0.006875433165063945
2359,23.59,-0.006804682653811802
2360,23.6,-0.006735637340417203
2361,23.61,-0.0066682704040137404
2362,23.62,-0.006602555646014589
2363,23.63,-0.006538467526468695
2364,23.64,-0.00647598120104969
2365,23.650000000000002,-0.006415072451166817
2366,23.66,-0.006355717629925801
2367,23.67,-0.0062978936730939804
2368,23.68,-0.006241578092916413
2369,23.69,-0.006186748970535867
2370,23.7,-0.0061333849485868544
2371,23.71,-0.006081465223961982
2372,23.72,-0.006030969540749281
2373,23.73,-0.005981878183339103
2374,23.740000000000002,-0.005934171969699434
2375,23.75,-0.005887832244817953
2376,23.76,-0.005842840874354569
2377,23.77,-0.005799180245364101
2378,23.78,-0.00575683328441589
2379,23.79,-0.005715783452381161
2380,23.8,-0.005676014713627864
2381,23.81,-0.005637511521892874
2382,23.82,-0.005600258814900717
2383,23.830000000000002,-0.005564242009183862
2384,23.84,-0.0055294469950576235
2385,23.85,-0.00549586013174846
2386,23.86,-0.005463468242674334
2387,23.87,-0.005432258610876921
2388,23.88,-0.005402218974603983
2389,23.89,-0.005373337523041352
2390,23.900000000000002,-0.005345602892207771
2391,23.91,-0.005319004169101032
2392,23.92,-0.0052935309120321515
2393,23.93,-0.005269173136396013
2394,23.94,-0.005245921285714747
2395,23.95,-0.005223766231269674
2396,23.96,-0.005202699270797901
2397,23.97,-0.00518271212543336
2398,23.98,-0.005163796936793117
2399,23.990000000000002,-0.005145946264207511
2400,24.0,-0.0051291530820942914
2401,24.01,-0.005113410777475743
2402,24.02,-0.005098713147638157
2403,24.03,-0.005085054397933678
2404,24.04,-0.005072429139723593
2405,24.05,-0.005060832391490544
2406,24.060000000000002,-0.00505025959024985
2407,24.07,-0.005040706584663206
2408,24.080000000000002,-0.005032169618734392
2409,24.09,-0.005024645333263669
2410,24.1,-0.0050181307668752785
2411,24.11,-0.0050126233549631465
2412,24.12,-0.005008120928777311
2413,24.13,-0.005004621714650834
2414,24.14,-0.005002124333367062
2415,24.150000000000002,-0.004981979820888241
2416,24.16,-0.005000131521897099
2417,24.17,-0.005019318129904785
2418,24.18,-0.005002139334423586
2419,24.19,-0.0050046442072500235
2420,24.2,-0.005008150897534888
2421,24.21,-0.005012660783593498
2422,24.22,-0.0050181756514457955
2423,24.23,-0.0050246976847742415
2424,24.240000000000002,-0.00503222946163607
2425,24.25,-0.005040773955373602
2426,24.26,-0.005050334535672916
2427,24.27,-0.005060914969761123
2428,24.28,-0.005072519423742567
2429,24.29,-0.005085152464074196
2430,24.3,-0.005098819059180512
2431,24.310000000000002,-0.005113524581208377
2432,24.32,-0.005129274807922011
2433,24.330000000000002,-0.005146075925860884
2434,24.34,-0.005163934546059947
2435,24.35,-0.005182857707423952
2436,24.36,-0.005202852861089594
2437,24.37,-0.005223927872347154
2438,24.38,-0.005246091029563634
2439,24.39,-0.005269351047242174
2440,24.400000000000002,-0.0052937170691192735
2441,24.41,-0.0053191986714115295
2442,24.42,-0.0053458058662124745
2443,24.43,-0.005373549105040513
2444,24.44,-0.005402439282538649
2445,24.45,-0.005432487740326756
2446,24.46,-0.005463706271007056
2447,24.47,-0.005496107122167216
2448,24.48,-0.005529702998391269
2449,24.490000000000002,-0.005564507069674312
2450,24.5,-0.0056005329829996705
2451,24.51,-0.005637794863568793
2452,24.52,-0.005676307315188705
2453,24.53,-0.005716085425232516
2454,24.54,-0.005757144769918189
2455,24.55,-0.0057995014197490015
2456,24.560000000000002,-0.005843171945118023
2457,24.57,-0.005888173422077205
2458,24.580000000000002,-0.0059345234382719
2459,24.59,-0.005982240099042906
2460,24.6,-0.006031342033696919
2461,24.61,-0.00608184840196628
2462,24.62,-0.00613377890278523
2463,24.63,-0.006187153788090495
2464,24.64,-0.0062419938703876686
2465,24.650000000000002,-0.006298320523584114
2466,24.66,-0.006356155688300183
2467,24.67,-0.006415521879399614
2468,24.68,-0.00647644219370636
2469,24.69,-0.006538940317904813
2470,24.7,-0.0066030405366249885
2471,24.71,-0.00666876774071309
2472,24.72,-0.006736147435690939
2473,24.73,-0.006805205750404446
2474,24.740000000000002,-0.006875969445863739
2475,24.75,-0.006948465924272834
2476,24.76,-0.00702272323848406
2477,24.77,-0.007098770107403269
2478,24.78,-0.007176635931745245
2479,24.79,-0.007256350798423179
2480,24.8,-0.0073379454842699724
2481,24.810000000000002,-0.007421451465788022
2482,24.82,-0.007506900929597606
2483,24.830000000000002,-0.007594326783093878
2484,24.84,-0.0076837626653134565
2485,24.85,-0.007775242958013235
2486,24.86,-0.007868802796963852
2487,24.87,-0.007964478083458907
2488,24.88,-0.008062305496043302
2489,24.89,-0.008162322502461569
2490,24.900000000000002,-0.008264567368486948
2491,24.91,-0.008369079169198186
2492,24.92,-0.008475897824946425
2493,24.93,-0.008585064117363556
2494,24.94,-0.008696619679987727
2495,24.95,-0.008810607007200067
2496,24.96,-0.008927069467627769
2497,24.97,-0.009046051317780317
2498,24.98,-0.009167597715918671
2499,24.990000000000002,-0.009291754736161072
2500,25.0,-0.009418569382828975
2501,25.01,-0.009548089605032471
2502,25.02,-0.009680364311500947
2503,25.03,-0.009815443385659654
2504,25.04,-0.009953377698393679
2505,25.05,-0.010094219121093543
2506,25.060000000000002,-0.010238020572060965
2507,25.07,-0.010384836039550508
2508,25.080000000000002,-0.010534720564570893
2509,25.09,-0.010687730247631368
2510,25.1,-0.010843922265203431
2511,25.11,-0.011003354886441483
2512,25.12,-0.011166087490156374
2513,25.13,-0.011332180582045253
2514,25.14,-0.011501695812177134
2515,25.150000000000002,-0.011674695992740762
2516,25.16,-0.011851245116056092
2517,25.17,-0.012031408372849663
2518,25.18,-0.012215252165325288
2519,25.19,-0.012402844092561125
2520,25.2,-0.012594253030549282
2521,25.21,-0.01278954921130215
2522,25.22,-0.012988804172411923
2523,25.23,-0.01319209073588926
2524,25.240000000000002,-0.013399483026839895
2525,25.25,-0.013611056492739108
2526,25.26,-0.0138268879229521
2527,25.27,-0.014047055468499372
2528,25.28,-0.014271638662073254
2529,25.29,-0.014500718438307976
2530,25.3,-0.014734377154299394
2531,25.310000000000002,-0.01497269861038428
2532,25.32,-0.015215768071057255
2533,25.330000000000002,-0.015463672256362852
2534,25.34,-0.015716499362554405
2535,25.35,-0.01597433921333452
2536,25.36,-0.0162372832720576
2537,25.37,-0.01650542453517402
2538,25.38,-0.016778857536262095
2539,25.39,-0.017057678366464702
2540,25.400000000000002,-0.01734198469511784
2541,25.41,-0.017631875790571627
2542,25.42,-0.017927452541206236
2543,25.43,-0.018228817476641988
2544,25.44,-0.018536074789145797
2545,25.45,-0.018849330355235342
2546,25.46,-0.01916869175748026
2547,25.47,-0.019494268296611682
2548,25.48,-0.019826170915104552
2549,25.490000000000002,-0.020164512348618224
2550,25.5,-0.02050940733309051
2551,25.51,-0.02086097245381764
2552,25.52,-0.02121932602450603
2553,25.53,-0.02158458810275463
2554,25.54,-0.021956880508298242
2555,25.55,-0.022336326841296317
2556,25.560000000000002,-0.02272305250066768
2557,25.57,-0.02311718470246241
2558,25.580000000000002,-0.02351885249827939
2559,25.59,-0.023928186793722512
2560,25.6,-0.024345320366892097
2561,25.61,-0.02477038788689319
2562,25.62,-0.02520352584636781
2563,25.63,-0.025644872472506245
2564,25.64,-0.026094568144224436
2565,25.650000000000002,-0.02655275549599544
2566,25.66,-0.027019579012797536
2567,25.67,-0.02749518496057447
2568,25.68,-0.02797972139520871
2569,25.69,-0.02847333817122724
2570,25.7,-0.02897618695024259
2571,25.71,-0.029488421209121433
2572,25.72,-0.030010196247878172
2573,25.73,-0.03054166919728221
2574,25.740000000000002,-0.031082999026182966
2575,25.75,-0.031634346548545314
2576,25.76,-0.03219587441324737
2577,25.77,-0.03276774682110346
2578,25.78,-0.03335012975627543
2579,25.79,-0.033943191572633515
2580,25.8,-0.03454710261825489
2581,25.810000000000002,-0.035162034753712934
2582,25.82,-0.035788161322962087
2583,25.830000000000002,-0.036425657140171507
2584,25.84,-0.0370746984757486
2585,25.85,-0.037735463041537354
2586,25.86,-0.03840812997518718
2587,25.87,-0.03909287982369195
2588,25.88,-0.039789894526084106
2589,25.89,-0.04049935739527462
2590,25.900000000000002,-0.041221453099044264
2591,25.91,-0.04195636746816171
2592,25.92,-0.042704287037953106
2593,25.93,-0.043465399929779054
2594,25.94,-0.04423989623959321
2595,25.95,-0.04502796694060688
2596,25.96,-0.04582980354327839
2597,25.97,-0.04664559803988559
2598,25.98,-0.04747554284744572
2599,25.990000000000002,-0.048319830748972656
2600,26.0,-0.0491786548330536
2601,26.01,-0.05005220843174376
2602,26.02,-0.05094068505677726
2603,26.03,-0.05184427833408961
2604,26.04,-0.05276318193664662
2605,26.05,-0.053697589494534854
2606,26.060000000000002,-0.05464769385520972
2607,26.07,-0.05561368714090526
2608,26.080000000000002,-0.05659576207630681
2609,26.09,-0.057594111335012806
2610,26.1,-0.05860892616061606
2611,26.11,-0.05964039616593285
2612,26.12,-0.06068870920257504
2613,26.13,-0.06175405122776212
2614,26.14,-0.0628366061683763
2615,26.150000000000002,-0.06393655578227556
2616,26.16,-0.06505407951688527
2617,26.17,-0.06618935436509127
2618,26.18,-0.06734255471844044
2619,26.19,-0.06851385221769019
2620,26.2,-0.0697034153511293
2621,26.21,-0.07091140815187419
2622,26.22,-0.07213799127403935
2623,26.23,-0.07338332288381773
2624,26.240000000000002,-0.07464755662216661
2625,26.25,-0.07593084063472519
2626,26.26,-0.07723331732839374
2627,26.27,-0.07855512312551052
2628,26.28,-0.07989638821433406
2629,26.29,-0.08125723629594758
2630,26.3,-0.08263778432766136
2631,26.310000000000002,-0.08403814226300603
2632,26.32,-0.08545841278840631
2633,26.330000000000002,-0.0868986910566582
2634,26.34,-0.08835906440469064
2635,26.35,-0.08983961114161339
2636,26.36,-0.0913403994042749
2637,26.37,-0.09286148832800516
2638,26.38,-0.0944029275422389
2639,26.39,-0.09596475504207193
2640,26.400000000000002,-0.0975469966353961
2641,26.41,-0.09914966555025854
2642,26.42,-0.10077276203892291
2643,26.43,-0.10241627297887046
2644,26.44,-0.10408017147099406
2645,26.45,-0.10576441643529357
2646,26.46,-0.10746895220430353
2647,26.47,-0.10919370811459528
2648,26.48,-0.1109385980966388
2649,26.490000000000002,-0.11270464974995352
2650,26.5,-0.11448949441380603
2651,26.51,-0.11629295670723198
2652,26.52,-0.11811714191021018
2653,26.53,-0.1199607639818106
2654,26.54,-0.1218236499900066
2655,26.55,-0.1237055336546877
2656,26.560000000000002,-0.12560616233664965
2657,26.57,-0.12752528572859648
2658,26.580000000000002,-0.12946259004260366
2659,26.59,-0.13141778180542923
2660,26.6,-0.13339055295854294
2661,26.61,-0.13538047673268178
2662,26.62,-0.137387164390633
2663,26.63,-0.13941024783880435
2664,26.64,-0.14144921332258967
2665,26.650000000000002,-0.14350357846790107
2666,26.66,-0.14557289351086028
2667,26.67,-0.14765653154968153
2668,26.68,-0.14975386561882068
2669,26.69,-0.1518643953985553
2670,26.7,-0.1539875663442309
2671,26.71,-0.15612267031950494
2672,26.72,-0.1582688934977165
2673,26.73,-0.1604254850838633
2674,26.740000000000002,-0.1625916667451678
2675,26.75,-0.1647665321153886
2676,26.76,-0.16694919419023568
2677,26.77,-0.1691388163401638
2678,26.78,-0.17133449480946783
2679,26.79,-0.1735352219967073
2680,26.8,-0.17573998078944325
2681,26.810000000000002,-0.17794769844102423
2682,26.82,-0.18015720426752896
2683,26.830000000000002,-0.18236731415669946
2684,26.84,-0.1845768336195778
2685,26.85,-0.18678450707125285
2686,26.86,-0.18898902836724002
2687,26.87,-0.19118904209450718
2688,26.88,-0.1933831505087246
2689,26.89,-0.1955699143302102
2690,26.900000000000002,-0.19774783770116688
2691,26.91,-0.19991536614533365
2692,26.92,-0.20207090390324145
2693,26.93,-0.2042128178674475
2694,26.94,-0.20633942255640997
2695,26.95,-0.20844897513221863
2696,26.96,-0.21053968432983555
2697,26.97,-0.21260971788218425
2698,26.98,-0.21465719670665018
2699,26.990000000000002,-0.2166801907831605
2700,27.0,-0.2186767230093846
2701,27.01,-0.22064477218116624
2702,27.02,-0.22258227008094306
2703,27.03,-0.22448710366754046
2704,27.04,-0.226357121654574
2705,27.05,-0.2281901342840211
2706,27.060000000000002,-0.22998390346782735
2707,27.07,-0.23173614570381335
2708,27.080000000000002,-0.23344454751298868
2709,27.09,-0.23510677034307406
2710,27.1,-0.2367204440689336
2711,27.11,-0.238283153398371
2712,27.12,-0.23979244714085332
2713,27.13,-0.2412458585738413
2714,27.14,-0.2426409106589254
2715,27.150000000000002,-0.24397510707596295
2716,27.16,-0.2452459178564896
2717,27.17,-0.24645079187440674
2718,27.18,-0.24758717861136323
2719,27.19,-0.24865253403481447
2720,27.2,-0.24964431516592175
2721,27.21,-0.25055996281747106
2722,27.22,-0.25139691240013945
2723,27.23,-0.25215262304351677
2724,27.240000000000002,-0.2528245869332158
2725,27.25,-0.25341032083406556
2726,27.26,-0.2539073458181676
2727,27.27,-0.2543132012979257
2728,27.28,-0.25462547761735255
2729,27.29,-0.25484182612939266
2730,27.3,-0.2549599520893332
2731,27.310000000000002,-0.25497759327691866
2732,27.32,-0.254892533753998
2733,27.330000000000002,-0.25470264004932436
2734,27.34,-0.25440587320366626
2735,27.35,-0.2540002815256199
2736,27.36,-0.25348397807241574
2737,27.37,-0.252855154938525
2738,27.38,-0.252112121566649
2739,27.39,-0.25125331895591174
2740,27.400000000000002,-0.25027732525597807
2741,27.41,-0.24918281235252637
2742,27.42,-0.24796853524287385
2743,27.43,-0.2466333981852195
2744,27.44,-0.24517648844381382
2745,27.45,-0.24359708065902763
2746,27.46,-0.24189462935357556
2747,27.47,-0.24006871829577311
2748,27.48,-0.23811905254953508
2749,27.490000000000002,-0.2360455229556105
2750,27.5,-0.2338482398699463
2751,27.51,-0.23152753694228542
2752,27.52,-0.22908397137940814
2753,27.53,-0.22651829506968685
2754,27.54,-0.22383142630691913
2755,27.55,-0.2210244873414245
2756,27.560000000000002,-0.21809884743787855
2757,27.57,-0.21505612827992945
2758,27.580000000000002,-0.21189820315920865
2759,27.59,-0.208627169222449
2760,27.6,-0.20524534101620306
2761,27.61,-0.20175529127118053
2762,27.62,-0.19815984514954169
2763,27.63,-0.19446205319529994
2764,27.64,-0.19066521066827208
2765,27.650000000000002,-0.18677287619440527
2766,27.66,-0.18278885464932595
2767,27.67,-0.17871719520560103
2768,27.68,-0.17456220273402914
2769,27.69,-0.17032841979495061
2770,27.7,-0.1660206229395006
2771,27.71,-0.16164383918474082
2772,27.72,-0.157203327065659
2773,27.73,-0.15270454923548837
2774,27.740000000000002,-0.14815317461447153
2775,27.75,-0.14355510223555062
2776,27.76,-0.1389164551931898
2777,27.77,-0.13424354282437811
2778,27.78,-0.12954284110352604
2779,27.79,-0.1248209853828436
2780,27.8,-0.12008479073555027
2781,27.810000000000002,-0.1153412516984162
2782,27.82,-0.11059749189322803
2783,27.830000000000002,-0.1058607295597085
2784,27.84,-0.1011382740526935
2785,27.85,-0.09643755472615445
2786,27.86,-0.09176611318175257
2787,27.87,-0.08713154168819714
2788,27.88,-0.08254144751820892
2789,27.89,-0.07800344699296595
2790,27.900000000000002,-0.07352519279785305
2791,27.91,-0.0691143652522502
2792,27.92,-0.06477860612065915
2793,27.93,-0.060525479254459516
2794,27.94,-0.05636246526631505
2795,27.95,-0.05229698766724936
2796,27.96,-0.04833640063730349
2797,27.97,-0.04448792368954033
2798,27.98,-0.04075860499685834
2799,27.990000000000002,-0.037155315767895616
2800,28.0,-0.03368477072145424
2801,28.01,-0.030353514525883064
2802,28.02,-0.027167863972512897
2803,28.03,-0.02413387643177584
2804,28.04,-0.021257345060036383
2805,28.05,-0.018543812679774646
2806,28.060000000000002,-0.015998557569844658
2807,28.07,-0.013626548106961256
2808,28.080000000000002,-0.011432419856498415
2809,28.09,-0.009420474266237731
2810,28.1,-0.00759468215963083
2811,28.11,-0.00595866516256443
2812,28.12,-0.00451567444842615
2813,28.13,-0.003268583894073859
2814,28.14,-0.0022198833910971
2815,28.150000000000002,-0.001371673847795817
2816,28.16,-0.0007256571112297073
2817,28.17,-0.0002831280600312973
2818,28.18,-4.497476112438044e-05
2819,28.19,-1.1676900485593636e-05
2820,28.2,-0.00018330167360060167
2821,28.21,-0.0005595036636742291
2822,28.22,-0.0011395270551324357
2823,28.23,-0.001922207467051764
2824,28.240000000000002,-0.002905974524446238
2825,28.25,-0.004088857631960477
2826,28.26,-0.005468493077985386
2827,28.27,-0.007042130036000293
2828,28.28,-0.008806638767267682
2829,28.29,-0.010758521489927618
2830,28.3,-0.012893921796013178
2831,28.310000000000002,-0.015208634768297891
2832,28.32,-0.017698122510534698
2833,28.330000000000002,-0.020357529950542724
2834,28.34,-0.02318169507483351
2835,28.35,-0.026165160115787452
2836,28.36,-0.02930219263339148
2837,28.37,-0.0325868098659546
2838,28.38,-0.03601278930033586
2839,28.39,-0.039573676008901666
2840,28.400000000000002,-0.043262805902488884
2841,28.41,-0.04707333859779629
2842,28.42,-0.050998273354120674
2843,28.43,-0.055030454578102156
2844,28.44,-0.059162588476742904
2845,28.45,-0.06338727430804035
2846,28.46,-0.06769702754000409
2847,28.47,-0.07208429083733353
2848,28.48,-0.07654145420921768
2849,28.490000000000002,-0.08106087569556265
2850,28.5,-0.08563489958155096
2851,28.51,-0.09025587181201175
2852,28.52,-0.09491615924738184
2853,28.53,-0.09960817127624719
2854,28.54,-0.10432437609664524
2855,28.55,-0.10905731357784178
2856,28.560000000000002,-0.11379961082462375
2857,28.57,-0.1185439997140795
2858,28.580000000000002,-0.12328333177710646
2859,28.59,-0.1280105924438903
2860,28.6,-0.13271891285984153
2861,28.61,-0.13740158096553182
2862,28.62,-0.14205205487261435
2863,28.63,-0.14666397576401027
2864,28.64,-0.15123117755126064
2865,28.650000000000002,-0.15574769190826043
2866,28.66,-0.16020775604357426
2867,28.67,-0.16460582484580843
2868,28.68,-0.16893658036357323
2869,28.69,-0.17319493498913105
2870,28.7,-0.17737602977222222
2871,28.71,-0.1814752405041685
2872,28.72,-0.18548818840361447
2873,28.73,-0.1894107453508063
2874,28.740000000000002,-0.19323902948728522
2875,28.75,-0.19696939914147457
2876,28.76,-0.2005984586962179
2877,28.77,-0.20412306611041192
2878,28.78,-0.20754033567604613
2879,28.79,-0.210847627349575
2880,28.8,-0.21404252892031572
2881,28.810000000000002,-0.2171228626806103
2882,28.82,-0.22008669951227483
2883,28.830000000000002,-0.22293236003703495
2884,28.84,-0.22565840485934494
2885,28.85,-0.22826360495318082
2886,28.86,-0.23074693353710485
2887,28.87,-0.23310758231829495
2888,28.88,-0.23534496442515554
2889,28.89,-0.23745871145599243
2890,28.900000000000002,-0.2394486576648896
2891,28.91,-0.2413148104850173
2892,28.92,-0.24305734753165018
2893,28.93,-0.24467663013462895
2894,28.94,-0.24617320250353508
2895,28.95,-0.24754778632472413
2896,28.96,-0.2488012580066136
2897,28.97,-0.24993462421627513
2898,28.98,-0.2509490260242636
2899,28.990000000000002,-0.2518457460616459
2900,29.0,-0.25262620409997594
2901,29.01,-0.2532919496089133
2902,29.02,-0.2538446384258123
2903,29.03,-0.2542860167980799
2904,29.04,-0.254617927019412
2905,29.05,-0.25484230818868936
2906,29.060000000000002,-0.2549611912532302
2907,29.07,-0.25497668990195044
2908,29.080000000000002,-0.25489098060984733
2909,29.09,-0.2547062945465908
2910,29.1,-0.25442492142957807
2911,29.11,-0.2540492059045004
2912,29.12,-0.2535815429417876
2913,29.13,-0.2530243685197993
2914,29.14,-0.2523801461551857
2915,29.150000000000002,-0.2516513636002379
2916,29.16,-0.25084053283395413
2917,29.17,-0.2499501851611136
2918,29.18,-0.24898286733985509
2919,29.19,-0.24794113378542187
2920,29.2,-0.24682753956938072
2921,29.21,-0.24564463876128137
2922,29.22,-0.24439498111169225
2923,29.23,-0.24308110783619236
2924,29.240000000000002,-0.24170554854248583
2925,29.25,-0.2402708163836369
2926,29.26,-0.23877940578334145
2927,29.27,-0.23723379028429847
2928,29.28,-0.23563641763108223
2929,29.29,-0.23398970692549942
2930,29.3,-0.23229604653751823
2931,29.310000000000002,-0.2305577929099818
2932,29.32,-0.22877727051871602
2933,29.330000000000002,-0.22695676831962633
2934,29.34,-0.2250985352157115
2935,29.35,-0.2232047784977677
2936,29.36,-0.22127766304954274
2937,29.37,-0.21931931314716116
2938,29.38,-0.21733181270439134
2939,29.39,-0.2153172007763474
2940,29.400000000000002,-0.21327746843553483
2941,29.41,-0.2112145579874639
2942,29.42,-0.2091303619079046
2943,29.43,-0.207026728811671
2944,29.44,-0.20490546704903978
2945,29.45,-0.20276833693685933
2946,29.46,-0.20061704587645124
2947,29.47,-0.19845324820934734
2948,29.48,-0.19627854540050943
2949,29.490000000000002,-0.19409449045081364
2950,29.5,-0.19190259627276424
2951,29.51,-0.1897043334835941
2952,29.52,-0.18750112268020278
2953,29.53,-0.185294333193141
2954,29.54,-0.18308528343212677
2955,29.55,-0.1808752414563028
2956,29.560000000000002,-0.1786654296869053
2957,29.57,-0.17645703242723432
2958,29.580000000000002,-0.1742511937174728
2959,29.59,-0.1720490111962717
2960,29.6,-0.16985153555444263
2961,29.61,-0.16765977110308541
2962,29.62,-0.16547467666168456
2963,29.63,-0.16329717088201112
2964,29.64,-0.1611281385674978
2965,29.650000000000002,-0.15896842795667804
2966,29.66,-0.1568188463014332
2967,29.67,-0.15468016007280924
2968,29.68,-0.15255309562471703
2969,29.69,-0.15043834026371547
2970,29.7,-0.14833654745821315
2971,29.71,-0.14624834147239618
2972,29.72,-0.1441743146482384
2973,29.73,-0.14211502481939997
2974,29.740000000000002,-0.14007099593796615
2975,29.75,-0.1380427187396109
2976,29.76,-0.13603065183249757
2977,29.77,-0.13403522611682245
2978,29.78,-0.13205684802328224
2979,29.79,-0.13009589739461483
2980,29.8,-0.12815272615417062
2981,29.810000000000002,-0.12622765898555757
2982,29.82,-0.12432099394970275
2983,29.830000000000002,-0.12243300355486177
2984,29.84,-0.12056393843575192
2985,29.85,-0.11871402942364485
2986,29.86,-0.116883485936429
2987,29.87,-0.11507249559689613
2988,29.88,-0.11328122489849031
2989,29.89,-0.11150981974497168
2990,29.900000000000002,-0.10975840705187843
2991,29.91,-0.10802709768503432
2992,29.92,-0.10631598413919902
2993,29.93,-0.10462514051410372
2994,29.94,-0.10295462743919476
2995,29.95,-0.10130449215928841
2996,29.96,-0.099674765158831
2997,29.97,-0.09806546278322319
2998,29.98,-0.0964765898236336
2999,29.990000000000002,-0.09490813646119566
3000,30.0,-0.09413060372687355
