t, x1, y1, x2, y2
0.,-0.5,0.3,0.5,-0.3
0.01,-0.4921370405676911,0.30996175979333185,0.49606852028384546,-0.30498087989666595
0.02,-0.48414877105098086,0.31984553848036645,0.4920743855254904,-0.3099227692401833
0.03,-0.4760359840935694,0.3296489860343224,0.48801799204678464,-0.31482449301716126
0.04,-0.4677995559625211,0.3393697779020211,0.48389977798126055,-0.3196848889510106
0.05,-0.4594404357338703,0.3490056043616781,0.4797202178669351,-0.32450280218083916
0.06,-0.4509596369181569,0.3585541662086889,0.4754798184590784,-0.32927708310434456
0.07,-0.4423582337652389,0.36801318416731055,0.4711791168826194,-0.33400659208365535
0.08,-0.43363736534934333,0.37738039411064045,0.4668186826746716,-0.33869019705532033
0.09,-0.4247982329979154,0.3866535560981619,0.46239911649895765,-0.343326778049081
0.1,-0.41584210486690837,0.3958304511136972,0.4579210524334541,-0.3479152255568487
0.11,-0.40677030681853277,0.4049088877741132,0.45338515340926633,-0.3524544438870567
0.12,-0.3975842323150457,0.4138867012150518,0.4487921161575228,-0.356943350607526
0.13,-0.38828532358549117,0.4227617547204016,0.44414266179274553,-0.36138087736020097
0.14,-0.3788751205125228,0.43153196233363295,0.43943756025626135,-0.36576598116681663
0.15,-0.36935517597307843,0.440195244098922,0.4346775879865391,-0.3700976220494611
0.16,-0.3597271153170176,0.44874956687807305,0.42986355765850875,-0.37437478343903663
0.17,-0.34999265548729513,0.457192965275013,0.42499632774364754,-0.3785964826375066
0.18,-0.3401535217420595,0.46552348006895783,0.4200767608710297,-0.38276174003447905
0.19,-0.33021151143554184,0.47373920421782395,0.41510575571777086,-0.3868696021089121
0.2,-0.3201685040922949,0.48183830393775423,0.41008425204614735,-0.3909191519688772
0.21,-0.3100263864946066,0.4898189529022144,0.4050131932473032,-0.3949094764511073
0.22,-0.29978711446678696,0.49767939220435664,0.3998935572333934,-0.3988396961021784
0.23,-0.28945271566695746,0.5054179408239403,0.39472635783347865,-0.40270897041197024
0.24,-0.27902522418499964,0.513032925169962,0.3895126120924997,-0.4065164625849811
0.25,-0.26850673827794114,0.5205227502056424,0.38425336913897046,-0.4102613751028213
0.26,-0.25789941673792455,0.527885902807896,0.3789497083689622,-0.4139429514039481
0.27,-0.2472054240313832,0.5351208778735204,0.3736027120156915,-0.41756043893676026
0.28,-0.23642698239798682,0.542226258977915,0.3682134911989933,-0.42111312948895757
0.29,-0.22556636297902707,0.549200713785151,0.36278318148951344,-0.4246003568925756
0.3,-0.2146258405653832,0.5560429154514034,0.3573129202826915,-0.42802145772570177
0.31,-0.2036077386201177,0.5627516324693983,0.35180386931005875,-0.4313758162346992
0.32,-0.19251442773720967,0.5693257425877353,0.3462572138686047,-0.4346628712938677
0.33,-0.18134828035579986,0.5757641287337835,0.3406741401778998,-0.4378820643668918
0.34,-0.17011168414647593,0.5820657075925535,0.33505584207323785,-0.4410328537962768
0.35000000000000003,-0.15880707991445184,0.588229556106882,0.32940353995722577,-0.444114778053441
0.36,-0.1474369188542787,0.5942547987014729,0.3237184594271392,-0.44712739935073653
0.37,-0.13600365295557193,0.6001405612881395,0.31800182647778585,-0.45007028064406984
0.38,-0.12450975813550536,0.6058860607955475,0.31225487906775257,-0.45294303039777384
0.39,-0.11295773279014494,0.611490656503782,0.3064788663950724,-0.45574532825189107
0.4,-0.10135007548841315,0.6169537200875659,0.30067503774420645,-0.458476860043783
0.41000000000000003,-0.08968928780518742,0.6222746377913151,0.29484464390259363,-0.4611373188956576
0.42,-0.07797788402341627,0.6274529420480512,0.288988942011708,-0.4637264710240257
0.43,-0.06621837770559635,0.6324882496352741,0.28310918885279807,-0.4662441248176371
0.44,-0.05441328211706228,0.6373801783751486,0.277206641058531,-0.4686900891875744
0.45,-0.0425651116392586,0.6421283974702697,0.2712825558196292,-0.47106419873513494
0.46,-0.030676368637300347,0.6467327340797832,0.26533818431865,-0.47336636703989166
0.47000000000000003,-0.01874954995912862,0.6511930455951513,0.2593747749795642,-0.47559652279757575
0.48,-0.006787152486973369,0.6555091933584593,0.2533935762434865,-0.4777545966792297
0.49,0.005208342604865867,0.6596811440175757,0.24739582869756693,-0.47984057200878794
0.5,0.017234481311634596,0.6637089780511198,0.24138275934418257,-0.48185448902556
0.51,0.029288811912103134,0.6675927815931668,0.2353555940439483,-0.4837963907965835
0.52,0.041368887289443,0.6713326627563436,0.22931555635527837,-0.4856663313781719
0.53,0.05347230380260817,0.6749288679701367,0.2232638480986958,-0.48746443398506845
0.54,0.06559668034920091,0.6783816971759233,0.2172016598253994,-0.48919084858796175
0.55,0.07773963572987169,0.6816914503763513,0.21113018213506402,-0.4908457251881757
0.56,0.08989880638474285,0.6848584778169738,0.20505059680762844,-0.492429238908487
0.5700000000000001,0.10207189978489967,0.6878832694167819,0.19896405010755003,-0.49394163470839103
0.58,0.11425663775499746,0.6907663381183557,0.19287168112250114,-0.49538316905917795
0.59,0.1264507421196919,0.6935081968642755,0.18677462894015393,-0.4967540984321378
0.6,0.13865194878334725,0.696109388203113,0.18067402560832624,-0.49805469410155656
0.61,0.15085808139661583,0.6985705907508049,0.17457095930169195,-0.49928529537540245
0.62,0.16306699668665653,0.7008925214870969,0.1684665016566716,-0.5004462607435485
0.63,0.17527655142564494,0.7030758973767903,0.1623617242871774,-0.5015379486883951
0.64,0.18748460739161454,0.7051214438836784,0.1562576963041926,-0.5025607219418391
0.65,0.19968910757133734,0.7070299866304821,0.1501554462143312,-0.5035149933152411
0.66,0.21188806046109215,0.7088024152269798,0.14405596976945378,-0.5044012076134899
0.67,0.22407947639968437,0.7104396202188569,0.13796026180015766,-0.5052198101094285
0.68,0.23626136645508283,0.7119424933758678,0.13186931677245844,-0.5059712466879339
0.6900000000000001,0.24843179922356687,0.7133119840776422,0.1257841003882164,-0.5066559920388212
0.7000000000000001,0.26058894121209175,0.7145491202161952,0.11970552939395399,-0.5072745601080977
0.71,0.2727309684435677,0.7156549350280786,0.11363451577821601,-0.5078274675140394
0.72,0.2848560569409347,0.7166304617511378,0.10757197152953253,-0.508315230875569
0.73,0.2969624124593148,0.71747675815212,0.10151879377034247,-0.5087383790760601
0.74,0.30904835547276677,0.7181949567274138,0.0954758222636165,-0.509097478363707
0.75,0.32111223411565737,0.7187862032992793,0.08944388294217118,-0.5093931016496397
0.76,0.3331523965223536,0.7192516436899762,0.08342380173882306,-0.5096258218449882
0.77,0.34516720174672827,0.7195924311363701,0.07741639912663573,-0.5097962155681851
0.78,0.3571551130205972,0.719809773089839,0.07142244348970128,-0.5099048865449195
0.79,0.3691146513453094,0.7199048996199708,0.06544267432734514,-0.5099524498099853
0.8,0.3810443383372399,0.7198790407701564,0.059477830831379926,-0.5099395203850782
0.81,0.39294269790214154,0.7197334279781172,0.05352865104892908,-0.5098667139890586
0.8200000000000001,0.4048083283216281,0.7194693226205912,0.04759583583918581,-0.5097346613102955
0.8300000000000001,0.4166399167108849,0.7190880124323943,0.04168004164455741,-0.509544006216197
0.84,0.42843615539197477,0.7185907857657029,0.03578192230401246,-0.5092953928828513
0.85,0.4401957367590006,0.7179789310329258,0.029902131620499567,-0.5089894655164627
0.86,0.4519173935293361,0.7172537488396411,0.024041303235331803,-0.5086268744198205
0.87,0.4635999652253175,0.7164165613458692,0.018200017387341103,-0.5082082806729344
0.88,0.4752423088119489,0.7154686921695911,0.012378845594025394,-0.5077343460847953
0.89,0.4868432812542345,0.7144114649287878,0.006578359372882612,-0.5072057324643936
0.9,0.4984017552826523,0.7132462065313352,0.0007991223586736873,-0.5066231032656673
0.91,0.5099167043861256,0.7119742553064689,-0.004958352193062969,-0.5059871276532342
0.92,0.5213871415827221,0.7105969502279396,-0.010693570791361276,-0.5052984751139695
0.93,0.5328120799783099,0.7091156301998229,-0.016406039989155144,-0.5045578150999112
0.9400000000000001,0.5441905367616103,0.7075316347052147,-0.02209526838080536,-0.5037658173526071
0.9500000000000001,0.5555216037830396,0.7058463051365746,-0.027760801891520012,-0.502923152568287
0.96,0.5668044379475596,0.7040609793057157,-0.03340221897378001,-0.5020304896528575
0.97,0.5780381983154551,0.7021769945000746,-0.039019099157727735,-0.5010884972500369
0.98,0.589222043992674,0.7001956881287001,-0.04461102199633721,-0.5000978440643497
0.99,0.6003551713491218,0.6981183962713332,-0.050177585674561084,-0.49905919813566624
1.,0.6114368691398574,0.6959464421252517,-0.05571843456992889,-0.4979732210626255
1.01,0.6224664397771857,0.6936811458277852,-0.06123321988859308,-0.4968405729138922
1.02,0.6334431856734117,0.6913238275162632,-0.06672159283670608,-0.49566191375813123
1.03,0.6443664105090471,0.6888758073362405,-0.07218320525452375,-0.4944379036681199
1.04,0.6552354738647295,0.6863383959420927,-0.07761773693236494,-0.49316919797104597
1.05,0.6660498110013434,0.6837128838987805,-0.08302490550067189,-0.4918564419493899
1.06,0.6768088624602435,0.6810005594437123,-0.08840443123012194,-0.4905002797218558
1.07,0.6875120687827846,0.6782027108142963,-0.0937560343913925,-0.4891013554071478
1.08,0.6981588730141407,0.675320625845384,-0.09907943650707056,-0.48766031292269163
1.09,0.708748777135033,0.6723555748135758,-0.10437438856751673,-0.4861777874067875
1.1,0.7192813420676963,0.6693088048391993,-0.10964067103384835,-0.4846544024195993
1.11,0.7297561312277392,0.6661815615101686,-0.11487806561386973,-0.48309078075508394
1.12,0.7401727080307702,0.6629750904143981,-0.12008635401538521,-0.48148754520719866
1.1300000000000001,0.7505306400310104,0.6596906358673268,-0.12526532001550536,-0.47984531793366303
1.1400000000000001,0.7608295541054781,0.6563294169674101,-0.13041477705273918,-0.47816470848370474
1.1500000000000001,0.7710691209067655,0.6528926298371519,-0.13553456045338289,-0.47644631491857564
1.16,0.7812490120600394,0.6493814697710665,-0.1406245060300198,-0.47469073488553293
1.17,0.7913688991904672,0.6457971320636681,-0.14568444959523372,-0.4728985660318337
1.18,0.8014284599714012,0.6421408092953499,-0.15071422998570078,-0.47107040464767463
1.19,0.8114274291604278,0.6384136622752404,-0.15571371458021402,-0.4692068311376199
1.2,0.8213655724373244,0.6346168312438635,-0.16068278621866236,-0.46730841562193143
1.21,0.8312426557545212,0.6307514560977253,-0.16562132787726072,-0.46537572804886235
1.22,0.8410584450644477,0.6268186767333326,-0.17052922253222394,-0.463409338366666
1.23,0.850812714435083,0.6228196282687398,-0.17540635721754164,-0.4614098141343696
1.24,0.8605052906208543,0.618755409214608,-0.18025264531042728,-0.4593777046073037
1.25,0.8701360210418044,0.6146271011573893,-0.18506801052090233,-0.45731355057869433
1.26,0.8797047531478466,0.6104357855921112,-0.18985237657392345,-0.4552178927960553
1.27,0.8892113343888945,0.6061825440138017,-0.19460566719444744,-0.4530912720069005
1.28,0.898655622413238,0.6018684504346962,-0.19932781120661916,-0.4509342252173478
1.29,0.908037521479325,0.5974945395127764,-0.20401876073966266,-0.4487472697563879
1.3,0.9173569488606271,0.5930618330145899,-0.2086784744303137,-0.44653091650729465
1.31,0.9266138218238587,0.5885713526992529,-0.21330691091192946,-0.4442856763496261
1.32,0.9358080576344068,0.5840241203279162,-0.21790402881720353,-0.4420120601639578
1.33,0.9449395811709755,0.5794211518283642,-0.2224697905854879,-0.4397105759141818
1.34,0.9540083611013608,0.5747634184715731,-0.2270041805506805,-0.43738170923578623
1.35,0.9630143799816685,0.5700518756420807,-0.2315071899908344,-0.43502593782104004
1.36,0.9719576203680048,0.565287478724425,-0.23597881018400255,-0.4326437393622122
1.37,0.9808380648164758,0.5604711831031436,-0.2404190324082381,-0.4302355915515715
1.3800000000000001,0.9896556958850692,0.5556039441619968,-0.2448278479425347,-0.42780197208099807
1.3900000000000001,0.9984105094373644,0.5506867034743256,-0.24920525471868235,-0.4253433517371625
1.4000000000000001,1.007102540365069,0.5457203549033087,-0.25355127018253465,-0.42286017745165405
1.41,1.015731830214685,0.5407057820671418,-0.2578659151073425,-0.4203528910335706
1.42,1.0242984205327141,0.5356438685840204,-0.2621492102663572,-0.41782193429200987
1.43,1.0328023528656585,0.5305354980721402,-0.26640117643282935,-0.4152677490360698
1.44,1.0412436687624955,0.5253815541483109,-0.2706218343812478,-0.41269077707415514
1.45,1.049622420654462,0.5201829067817981,-0.2748112103272311,-0.41009145339089875
1.46,1.0579386920790579,0.5149403801855182,-0.27896934603952905,-0.4074701900927588
1.47,1.0661925717147773,0.5096547890563177,-0.2830962858573887,-0.4048273945281585
1.48,1.074384148240114,0.5043269480910432,-0.2871920741200571,-0.4021634740455213
1.49,1.0825135103335624,0.49895767198654134,-0.2912567551667813,-0.39947883599327033
1.5,1.0905807466766115,0.49354777543747336,-0.2952903733383059,-0.39677388771873634
1.51,1.0985859547626946,0.4880980598306097,-0.29929297738134736,-0.39404902991530455
1.52,1.1065292565429548,0.48260928323335683,-0.3032646282714775,-0.3913046416166781
1.53,1.1144107778593575,0.4770821949866794,-0.30720538892967886,-0.38854109749333937
1.54,1.122230644553868,0.4715175444315421,-0.31111532227693406,-0.38575877221577076
1.55,1.129988982468451,0.4659160809089097,-0.3149944912342257,-0.38295804045445453
1.56,1.137685917448436,0.46027855375668775,-0.31884295872421814,-0.38013927687834353
1.57,1.1453215823538117,0.45460569953814656,-0.32266079117690594,-0.37730284976907297
1.58,1.1528961289340596,0.44889821425457993,-0.32644806446703,-0.3744491071272896
1.59,1.160409711824467,0.4431567859502897,-0.3302048559122337,-0.37157839297514456
1.6,1.1678624856603208,0.4373821026695777,-0.33393124283016057,-0.3686910513347886
1.61,1.175254605076908,0.4315748524567458,-0.33762730253845413,-0.3657874262283726
1.62,1.1825862247131267,0.425735723352078,-0.34129311235656357,-0.36286786167603874
1.6300000000000001,1.1898575047072626,0.41986539124338557,-0.34492875235363146,-0.3599326956216925
1.6400000000000001,1.1970686194831355,0.4139644943413876,-0.3485343097415679,-0.3569822471706935
1.6500000000000001,1.2042197455349148,0.40803366365163285,-0.35210987276745764,-0.35401683182581617
1.6600000000000001,1.2113110593567709,0.4020735301796703,-0.3556555296783857,-0.3510367650898349
1.67,1.218342737442873,0.39608472493104885,-0.35917136872143685,-0.34804236246552417
1.68,1.2253149562910994,0.390067878906316,-0.36265747814554994,-0.3450339394531577
1.69,1.2322278966143576,0.3840236116376932,-0.3661139483071791,-0.3420118058188463
1.7,1.2390817496245154,0.3779525078833496,-0.36954087481225806,-0.3389762539416745
1.71,1.2458767079557342,0.3718551459067279,-0.3729383539778674,-0.3359275729533637
1.72,1.252612964242175,0.36573210397127104,-0.37630648212108775,-0.33286605198563524
1.73,1.259290711117999,0.3595839603404217,-0.3796453555589997,-0.3297919801702106
1.74,1.2659101412161837,0.3534112932944947,-0.3829550706080921,-0.3267056466472471
1.75,1.2724714492137152,0.3472146754679119,-0.3862357246068579,-0.3236073377339557
1.76,1.278974838153496,0.3409946429150631,-0.3894874190767483,-0.3204973214575313
1.77,1.2854205131408891,0.33475172039887,-0.3927102565704448,-0.31737586019943476
1.78,1.2918086792812573,0.3284864326822545,-0.395904339640629,-0.314243216341127
1.79,1.2981395416799641,0.3221993045281385,-0.39906977083998235,-0.311099652264069
1.8,1.3044133054423723,0.3158908606994438,-0.40220665272118644,-0.30794543034972166
1.81,1.310630175673845,0.30956162595909215,-0.4053150878369228,-0.30478081297954585
1.82,1.3167903586465861,0.3032121202424607,-0.4083951793232934,-0.3016060601212301
1.83,1.3228940665728577,0.29684282944795193,-0.4114470332864292,-0.2984214147239757
1.84,1.3289415130367859,0.2904542251528365,-0.4144707565183933,-0.295227112576418
1.85,1.3349329115885618,0.2840467789026418,-0.4174664557942812,-0.29202338945132067
1.86,1.3408684757783758,0.27762096224289534,-0.4204342378891882,-0.2888104811214474
1.87,1.3467484191564187,0.2711772467191245,-0.42337420957820976,-0.285588623359562
1.8800000000000001,1.3525729552728816,0.2647161038768568,-0.4262864776364412,-0.2823580519384281
1.8900000000000001,1.3583422978956177,0.2582380042021887,-0.4291711489478091,-0.2791190021010941
1.9000000000000001,1.364056663611429,0.2517433948204539,-0.4320283318057148,-0.2758716974102267
1.9100000000000001,1.3697162702752608,0.24523270049698825,-0.4348581351376307,-0.27261635024849384
1.92,1.3753213356460128,0.23870634514330544,-0.4376606678230067,-0.2693531725716525
1.93,1.3808720774825853,0.23216475267091868,-0.44043603874129306,-0.26608237633545906
1.94,1.3863687135438787,0.22560834699134172,-0.4431843567719397,-0.2628041734956706
1.95,1.3918114615887922,0.21903755201608813,-0.44590573079439655,-0.2595187760080438
1.96,1.39720053938946,0.21245279159906907,-0.4486002696947303,-0.25622639579953427
1.97,1.4025361655981192,0.2058544772003214,-0.45126808279905994,-0.2529272386001604
1.98,1.4078185592009045,0.19924299355255998,-0.45390927960045263,-0.24962149677627973
1.99,1.4130479389157227,0.19261872200927074,-0.4565239694578617,-0.2463093610046351
2.,1.4182245234604804,0.18598204392393952,-0.45911226173024067,-0.2429910219619695
2.0100000000000002,1.4233485315530852,0.17933334065005216,-0.46167426577654297,-0.23966667032502584
2.02,1.4284201819114426,0.17267299354109497,-0.46421009095572174,-0.23633649677054724
2.0300000000000002,1.4334396932534605,0.16600138395055328,-0.4667198466267307,-0.2330006919752764
2.04,1.4384072844147306,0.1593188885037113,-0.46920364220736577,-0.2296594442518554
2.05,1.4433231734685965,0.1526258587265618,-0.47166158673429875,-0.22631292936328065
2.06,1.4481875776653685,0.14592263804013453,-0.4740937888326847,-0.222961319020067
2.07,1.4530007142467067,0.13920956986880142,-0.4765003571233538,-0.21960478493440047
2.08,1.4577628004542724,0.1324869976369333,-0.47888140022713666,-0.2162434988184664
2.09,1.4624740535297258,0.12575526476890214,-0.48123702676486335,-0.21287763238445084
2.1,1.467134690714728,0.1190147146890787,-0.4835673453573645,-0.20950735734453912
2.11,1.4717449292387152,0.11226568958656646,-0.4858724646193581,-0.206132844793283
2.12,1.476304984968326,0.10550851326745853,-0.48815249248416354,-0.20275425663372904
2.13,1.480815071969742,0.09874349570122962,-0.49040753598487147,-0.19937174785061457
2.14,1.4852754042074046,0.0919709465419777,-0.4926377021037028,-0.1959854732709886
2.15,1.4896861956457546,0.08519117544380189,-0.49484309782287783,-0.19259558772190072
2.16,1.4940476602492339,0.07840449206080016,-0.4970238301246175,-0.18920224603039984
2.17,1.4983600119822833,0.07161120604707166,-0.49918000599114215,-0.1858056030235356
2.18,1.5026234648084649,0.06481162692727448,-0.501311732404233,-0.182405813463637
2.19,1.5068382314811868,0.058006053674978256,-0.503419115740594,-0.1790030268374889
2.2,1.5110045218044836,0.051194767546526826,-0.5055022609022424,-0.17559738377326317
2.21,1.5151225451594865,0.04437804815191567,-0.5075612725797438,-0.1721890240759576
2.22,1.519192510927328,0.03755617510113905,-0.5095962554636646,-0.16877808755056928
2.23,1.5232146284891397,0.030729428004192476,-0.5116073142445704,-0.16536471400209599
2.24,1.5271891072260533,0.02389808647107021,-0.5135945536130272,-0.16194904323553486
2.25,1.5311161565192009,0.01706243011176774,-0.515558078259601,-0.1585312150558836
2.2600000000000002,1.53499598583656,0.010222737589713086,-0.5174979929182806,-0.15511136879485626
2.27,1.538828800730912,0.003379268461221982,-0.5194144003654566,-0.15168963423061071
2.2800000000000002,1.54261480435341,-0.003467727572120702,-0.5213074021767056,-0.1482661362139394
2.29,1.546354199851926,-0.010318000820075848,-0.5231770999259635,-0.14484099958996183
2.3000000000000003,1.5500471903743325,-0.01717130159240552,-0.5250235951871668,-0.14141434920379697
2.31,1.553693979068502,-0.024027380198870605,-0.5268469895342516,-0.13798630990056446
2.32,1.5572947690823071,-0.03088598694923287,-0.5286473845411541,-0.13455700652538333
2.33,1.5608497635636205,-0.0377468721532541,-0.5304248817818108,-0.1311265639233727
2.34,1.5643591656603142,-0.044609786120695154,-0.5321795828301576,-0.12769510693965216
2.35,1.5678231779631369,-0.05147448195702865,-0.533911588981569,-0.12426275902148542
2.36,1.5712419982448735,-0.058340731595164085,-0.5356209991224373,-0.12082963420241771
2.37,1.5746158218108905,-0.06520831438771563,-0.5373079109054458,-0.11739584280614193
2.38,1.5779448439465675,-0.07207700968380928,-0.5389724219732843,-0.11396149515809512
2.39,1.5812292599372837,-0.07894659683257226,-0.5406146299686424,-0.11052670158371362
2.4,1.5844692650684185,-0.08581685518313054,-0.5422346325342098,-0.10709157240843448
2.41,1.5876650546253515,-0.09268756408461136,-0.5438325273126763,-0.10365621795769407
2.42,1.5908168238934615,-0.09955850288614071,-0.5454084119467313,-0.1002207485569294
2.43,1.5939247681581286,-0.10642945093684578,-0.5469623840790648,-0.09678527453157686
2.44,1.5969890824430968,-0.11330018867492275,-0.548494541221549,-0.09334990566253838
2.45,1.600009957406893,-0.12017051077370315,-0.550004978703447,-0.08991474461314818
2.46,1.602987580103035,-0.12704022150830738,-0.551493790051518,-0.08647988924584606
2.47,1.6059221374771289,-0.13390912529849155,-0.552961068738565,-0.08304543735075398
2.48,1.60881381647478,-0.14077702656401056,-0.5544069082373906,-0.07961148671799448
2.49,1.6116628040415941,-0.1476437297246205,-0.5558314020207976,-0.0761781351376895
2.5,1.614469287123177,-0.15450903920007628,-0.557234643561589,-0.07274548039996162
2.5100000000000002,1.6172334526651342,-0.161372759410134,-0.5586167263325676,-0.06931362029493277
2.52,1.6199554876130715,-0.16823469477454855,-0.5599777438065363,-0.06588265261272548
2.5300000000000002,1.6226355788258304,-0.1750946500275819,-0.5613177894129158,-0.06245267498620881
2.54,1.625273909651217,-0.18195243970701072,-0.562636954825609,-0.0590237801464944
2.5500000000000003,1.6278706588097018,-0.1888078893623768,-0.5639353294048515,-0.05559605531881136
2.56,1.6304260047070953,-0.19566082507679777,-0.5652130023535482,-0.05216958746160086
2.57,1.6329401257492082,-0.2025110729333922,-0.5664700628746047,-0.04874446353330364
2.58,1.6354132003418513,-0.20935845901527866,-0.5677066001709262,-0.04532077049236042
2.59,1.637845406890835,-0.21620280940557474,-0.5689227034454181,-0.041898595297212377
2.6,1.64023692380197,-0.2230439501873993,-0.5701184619009856,-0.03847802490630009
2.61,1.6425879294810672,-0.22988170744387,-0.5712939647405342,-0.035059146278064744
2.62,1.6448986023215195,-0.23671590730302833,-0.5724493011607603,-0.03164204634848558
2.63,1.6471691182625816,-0.24354638195901812,-0.5735845591312914,-0.02822680902049069
2.64,1.6493996478988147,-0.2503729750406519,-0.5746998239494079,-0.02481351247967378
2.65,1.6515903611253278,-0.25719553136676104,-0.5757951805626644,-0.021402234316619237
2.66,1.65374142783723,-0.2640138957561778,-0.5768707139186156,-0.01799305212191086
2.67,1.6558530179296305,-0.27082791302773346,-0.5779265089648158,-0.014586043486133033
2.68,1.6579253012976385,-0.2776374280002604,-0.5789626506488198,-0.011181285999869551
2.69,1.659958447836363,-0.2844422854925899,-0.579979223918182,-0.007778857253704808
2.7,1.6619526274409133,-0.29124233032355434,-0.5809763137204572,-0.004378834838222591
2.71,1.6639080100063983,-0.2980374073119849,-0.5819540050031997,-0.0009812963440072968
2.72,1.6658247639441246,-0.30482736456661785,-0.5829123819720629,0.002413682283309161
2.73,1.6677030521050182,-0.3116120610298627,-0.5838515260525097,0.0058060305149316045
2.74,1.669543036048708,-0.3183913577426255,-0.5847715180243546,0.009195678871312996
2.75,1.6713448773348285,-0.32516511574577395,-0.5856724386674148,0.012582557872887219
2.7600000000000002,1.6731087375230151,-0.331933196080177,-0.5865543687615081,0.015966598040088754
2.77,1.6748347781729025,-0.33869545978670246,-0.5874173890864518,0.019347729893351484
2.7800000000000002,1.6765231608441258,-0.3454517679062193,-0.5882615804220634,0.02272588395310989
2.79,1.67817404709632,-0.3522019814795952,-0.5890870235481606,0.02610099073979785
2.8000000000000003,1.6797875984891202,-0.3589459615476992,-0.5898937992445606,0.02947298077384985
2.81,1.6813639758018082,-0.3656835707213116,-0.5906819879009046,0.032841785360656045
2.82,1.6829033346325746,-0.3724146808676257,-0.5914516673162878,0.036207340433813115
2.83,1.684405828485055,-0.379139167091638,-0.592202914242528,0.03956958354581925
2.84,1.6858716108578036,-0.38585690449441556,-0.5929358054289023,0.042928452247208045
2.85,1.6873008352493744,-0.3925677681770268,-0.5936504176246877,0.04628388408851369
2.86,1.6886936551583218,-0.399271633240539,-0.5943468275791615,0.04963581662026977
2.87,1.6900502240832003,-0.40596837478602044,-0.5950251120416007,0.052984187393010494
2.88,1.6913706955225636,-0.41265786791453835,-0.5956853477612823,0.05632893395726945
2.89,1.6926552229749663,-0.4193399877271611,-0.5963276114874837,0.05966999386358082
2.9,1.6939039601560688,-0.42601460909637434,-0.596951980078035,0.06300730454818744
2.91,1.6951170576777723,-0.4326816121121865,-0.5975585288388867,0.06634080605609352
2.92,1.696294660685232,-0.4393408850651833,-0.5981473303426166,0.06967044253259194
2.93,1.6974369140168741,-0.4459923166826952,-0.5987184570084376,0.07299615834134786
2.94,1.6985439625111245,-0.45263579569205104,-0.5992719812555628,0.07631789784602579
2.95,1.6996159510064095,-0.4592712108205812,-0.5998079755032053,0.07963560541029087
2.96,1.700653024341155,-0.4658984507956147,-0.6003265121705781,0.08294922539780764
2.97,1.7016553273537878,-0.47251740434448186,-0.6008276636768944,0.08625870217224121
2.98,1.7026230048827333,-0.4791279601945117,-0.6013115024413672,0.08956398009725614
2.99,1.7035562017664183,-0.48573000707303454,-0.6017781008832097,0.09286500353651753
3.,1.7044550628432684,-0.49232343370737935,-0.6022275314216348,0.09616171685368993
3.0100000000000002,1.7053197329489398,-0.4989081288307198,-0.6026598664744705,0.09945406441536017
3.02,1.7061503546541057,-0.5054839847169836,-0.6030751773270534,0.1027419923584921
3.0300000000000002,1.7069470646140408,-0.5120509018876903,-0.6034735323070209,0.10602545094384541
3.04,1.707709998569088,-0.5186087818958546,-0.6038549992845446,0.10930439094792756
3.0500000000000003,1.7084392922595906,-0.5251575262944927,-0.6042196461297958,0.11257876314724663
3.06,1.7091350814258912,-0.5316970366366197,-0.6045675407129462,0.11584851831831011
3.0700000000000003,1.7097975018083331,-0.5382272144752516,-0.6048987509041671,0.11911360723762605
3.08,1.710426689147259,-0.5447479613634033,-0.6052133445736301,0.12237398068170194
3.09,1.711022779183012,-0.5512591788540909,-0.6055113895915065,0.1256295894270457
3.1,1.711585907655935,-0.55776076850033,-0.605792953827968,0.12888038425016524
3.11,1.7121162103063712,-0.5642526318551356,-0.6060581051531861,0.13212631592756807
3.12,1.7126138228746632,-0.5707346704715239,-0.6063069114373322,0.13536733523576222
3.13,1.7130788807812272,-0.5772067863894262,-0.6065394403906141,0.13860339319471338
3.14,1.7135115147959434,-0.5836688878829939,-0.6067557573979723,0.1418344439414972
3.15,1.7139118522709778,-0.5901208872324855,-0.6069559261354894,0.145060443616243
3.16,1.714280020487838,-0.5965626967540081,-0.6071400102439195,0.1482813483770043
3.17,1.714616146728032,-0.6029942287636673,-0.6073080733640166,0.1514971143818339
3.18,1.714920358273068,-0.6094153955775701,-0.6074601791365346,0.15470769778878532
3.19,1.7151927824044542,-0.6158261095118223,-0.6075963912022276,0.15791305475591141
3.2,1.7154335464036983,-0.6222262828825307,-0.6077167732018497,0.16111314144126562
3.21,1.7156427775523087,-0.6286158280058012,-0.6078213887761549,0.16430791400290085
3.22,1.7158206031317929,-0.6349946571977405,-0.607910301565897,0.16749732859887057
3.23,1.715967150423659,-0.6413626827744546,-0.6079835752118301,0.1706813413872276
3.24,1.7160825467093244,-0.6477198170522198,-0.6080412733546627,0.17385990852611022
3.25,1.7161669176109196,-0.6540659744791684,-0.6080834588054603,0.1770329872395845
3.2600000000000002,1.716220383552709,-0.6604010754824365,-0.6081101917763551,0.18020053774121858
3.27,1.716243063987346,-0.6667250414054607,-0.6081215319936736,0.18336252070273068
3.2800000000000002,1.7162350783674842,-0.6730377935916785,-0.6081175391837427,0.18651889679583952
3.29,1.7161965461457769,-0.6793392533845259,-0.608098273072889,0.18966962669226328
3.3000000000000003,1.716127586774877,-0.6856293421274409,-0.6080637933874391,0.19281467106372072
3.31,1.7160283197074386,-0.6919079811638593,-0.6080141598537199,0.19595399058192997
3.3200000000000003,1.7158988643961146,-0.698175091837219,-0.6079494321980579,0.19908754591860983
3.33,1.7157393402935586,-0.7044305954909562,-0.6078696701467798,0.20221529774547842
3.34,1.7155498668524238,-0.7106744134685081,-0.6077749334262125,0.20533720673425437
3.35,1.7153305635253637,-0.716906467113312,-0.6076652817626824,0.2084532335566563
3.36,1.715081549566939,-0.7231266780203818,-0.60754077478347,0.2115633390101912
3.37,1.7148029405201006,-0.72933497191681,-0.6074014702600509,0.21466748595840532
3.38,1.7144948487260903,-0.7355312776672593,-0.6072474243630457,0.21776563883363
3.39,1.7141573864301771,-0.7417155241888126,-0.6070786932150891,0.22085776209440663
3.4,1.7137906658776305,-0.7478876403985513,-0.6068953329388158,0.22394382019927597
3.41,1.7133947993137202,-0.7540475552135582,-0.6066973996568606,0.22702377760677941
3.42,1.7129698989837152,-0.7601951975509148,-0.6064849494918582,0.2300975987754577
3.43,1.712516077132885,-0.7663304963277038,-0.606258038566443,0.23316524816385223
3.44,1.712033446006499,-0.7724533804610069,-0.60601672300325,0.23622669023050374
3.45,1.7115221178498268,-0.7785637788679066,-0.6057610589249139,0.23928188943395362
3.46,1.7109822049081376,-0.7846616204654847,-0.6054911024540693,0.24233081023274267
3.47,1.710413819426701,-0.7907468341708237,-0.605206909713351,0.24537341708541222
3.48,1.7098170724757398,-0.7968193501713347,-0.6049085362378704,0.2484096750856677
3.49,1.7091920706900419,-0.8028791029385304,-0.6045960353450215,0.25143955146926555
3.5,1.7085389197029743,-0.8089260277358113,-0.6042694598514877,0.25446301386790604
3.5100000000000002,1.707857725148277,-0.8149600598259085,-0.603928862574139,0.25748002991295454
3.52,1.7071485926596894,-0.8209811344715513,-0.6035742963298453,0.26049056723577596
3.5300000000000002,1.7064116278709514,-0.8269891869354707,-0.6032058139354762,0.2634945934677357
3.54,1.7056469364158027,-0.8329841524803967,-0.6028234682079019,0.26649207624019866
3.5500000000000003,1.7048546239279827,-0.8389659663690598,-0.6024273119639919,0.26948298318453023
3.56,1.7040347960412312,-0.84493456386419,-0.6020173980206162,0.2724672819320953
3.5700000000000003,1.7031875583892881,-0.8508898802285179,-0.6015937791946446,0.27544494011425924
3.58,1.702313016605893,-0.8568318507247734,-0.6011565083029471,0.278415925362387
3.59,1.70141127620872,-0.8627604107418867,-0.6007056381043605,0.28138020537094366
3.6,1.700482439827297,-0.8686754983800239,-0.6002412199136491,0.28433774919001226
3.61,1.6995266071693065,-0.8745770541461415,-0.5997633035846538,0.28728852707307106
3.62,1.6985438778222302,-0.8804650186077239,-0.5992719389111156,0.29023250930386224
3.63,1.6975343513735504,-0.8863393323322544,-0.5987671756867757,0.2931696661661275
3.64,1.6964981274107493,-0.8921999358872174,-0.5982490637053752,0.296099967943609
3.65,1.6954353055213096,-0.8980467698400962,-0.5977176527606554,0.29902338492004843
3.66,1.6943459852927132,-0.9038797747583754,-0.5971729926463571,0.30193988737918803
3.67,1.6932302663124426,-0.9096988912095381,-0.5966151331562218,0.30484944560476934
3.68,1.6920882481679798,-0.9155040597610687,-0.5960441240839904,0.3077520298805347
3.69,1.6909200304468073,-0.9212952209804507,-0.5954600152234042,0.31064761049022566
3.7,1.6897257127364074,-0.9270723154351683,-0.5948628563682042,0.3135361577175845
3.71,1.6885053950756364,-0.9328352834484921,-0.5942526975378187,0.31641764172424636
3.72,1.6872591739727514,-0.938584068216088,-0.5936295869863762,0.3192920341080443
3.73,1.6859871427489974,-0.9443186153037426,-0.5929935713744993,0.3221593076518716
3.74,1.6846893947071417,-0.9500388702903158,-0.5923446973535714,0.3250194351451582
3.75,1.6833660231499523,-0.9557447787546657,-0.5916830115749767,0.32787238937733315
3.7600000000000002,1.6820171213801967,-0.961436286275652,-0.5910085606900989,0.3307181431378263
3.77,1.6806427827006425,-0.9671133384321333,-0.5903213913503218,0.33355666921606697
3.7800000000000002,1.6792431004140576,-0.972775880802969,-0.5896215502070293,0.3363879404014848
3.79,1.6778181678232096,-0.9784238589670174,-0.5889090839116053,0.3392119294835091
3.8000000000000003,1.676368078230866,-0.9840572185031384,-0.5881840391154336,0.3420286092515696
3.81,1.6748929249397952,-0.9896759049901903,-0.5874464624698982,0.3448379524950955
3.8200000000000003,1.6733928012527641,-0.9952798640070326,-0.5866964006263826,0.34763993200351667
3.83,1.6718678004725407,-1.0008690411325238,-0.5859339002362709,0.35043452056626234
3.84,1.6703180159018929,-1.0064433819455234,-0.585159007950947,0.35322169097276207
3.85,1.668743540843588,-1.0120028320248902,-0.5843717704217946,0.3560014160124455
3.86,1.6671444674739588,-1.0175473378883646,-0.58357223373698,0.35877366894418267
3.87,1.6655208836606288,-1.0230768491636952,-0.582760441830315,0.36153842458184804
3.88,1.6638728763721475,-1.0285913159176816,-0.5819364381860743,0.36429565795884117
3.89,1.6622005325796454,-1.0340906882138692,-0.5811002662898233,0.367045344106935
3.9,1.6605039392542533,-1.039574916115803,-0.5802519696271272,0.36978745805790186
3.91,1.6587831833671018,-1.0450439496870287,-0.5793915916835515,0.3725219748435147
3.92,1.6570383518893215,-1.050497738991091,-0.5785191759446613,0.37524886949554587
3.93,1.6552695317920432,-1.0559362340915357,-0.5776347658960221,0.3779681170457682
3.94,1.6534768100463972,-1.0613593850519076,-0.5767384050231992,0.3806796925259542
3.95,1.6516602736235144,-1.0667671419357525,-0.5758301368117578,0.3833835709678766
3.96,1.6498200094945257,-1.0721594548066151,-0.5749100047472634,0.38607972740330787
3.97,1.6479561046305613,-1.0775362737280412,-0.5739780523152812,0.3887681368640209
3.98,1.646068646002752,-1.0828975487635755,-0.5730343230013766,0.3914487743817881
3.99,1.6441577205822286,-1.0882432299767637,-0.5720788602911149,0.3941216149883823
4.,1.6422234153401216,-1.093573267431151,-0.5711117076700614,0.3967866337155758
4.01,1.6402658162048993,-1.0988876119794146,-0.5701329081024502,0.3994438059897077
4.0200000000000005,1.6382850053239864,-1.1041862168686043,-0.5691425026619937,0.4020931084343025
4.03,1.636281064105161,-1.1094690356163817,-0.5681405320525811,0.4047345178081912
4.04,1.6342540739578855,-1.114736021738411,-0.5671270369789433,0.40736801086920593
4.05,1.632204116291621,-1.1199871287503564,-0.566102058145811,0.4099935643751786
4.0600000000000005,1.6301312725158301,-1.125222310167882,-0.5650656362579156,0.41261115508394136
4.07,1.6280356240399747,-1.130441519506651,-0.5640178120199879,0.4152207597533258
4.08,1.6259172522735168,-1.1356447102823275,-0.562958626136759,0.41782235514116406
4.09,1.6237762386259187,-1.1408318360105754,-0.5618881193129599,0.420415918005288
4.1,1.6216126645066418,-1.1460028502070587,-0.5608063322533214,0.42300142510352967
4.11,1.6194266113251485,-1.1511577063874419,-0.5597133056625748,0.4255788531937212
4.12,1.6172181604909008,-1.1562963580673875,-0.558609080245451,0.42814817903369407
4.13,1.614987393413361,-1.1614187587625604,-0.557493696706681,0.4307093793812805
4.14,1.6127343915019905,-1.1665248619886242,-0.5563671957509958,0.4332624309943124
4.15,1.6104592361662515,-1.1716146212612433,-0.5552296180831263,0.4358073106306219
4.16,1.608162007850588,-1.1766879907452135,-0.5540810039252946,0.438343995372607
4.17,1.6058427837026519,-1.1817449263930524,-0.5529213918513265,0.4408724631965264
4.18,1.6035016402743694,-1.186785384302876,-0.5517508201371852,0.4433926921514382
4.19,1.6011386541186898,-1.1918093205717004,-0.5505693270593455,0.4459046602858504
4.2,1.5987539017885626,-1.1968166912965408,-0.5493769508942818,0.4484083456482706
4.21,1.5963474598369365,-1.2018074525744131,-0.5481737299184688,0.4509037262872068
4.22,1.5939194048167604,-1.2067815605023333,-0.5469597024083808,0.4533907802511669
4.23,1.5914698132809837,-1.2117389711773177,-0.5457349066404924,0.4558694855886591
4.24,1.5889987617825556,-1.216679640696381,-0.5444993808912784,0.45833982034819076
4.25,1.5865063268744248,-1.2216035251565394,-0.543253163437213,0.46080176257827
4.26,1.5839925851095407,-1.226510580654809,-0.5419962925547709,0.4632552903274047
4.2700000000000005,1.581457613040852,-1.2314007632882054,-0.5407288065204265,0.465700381644103
4.28,1.5789014872213083,-1.2362740291537442,-0.5394507436106547,0.4681370145768723
4.29,1.5763242842038583,-1.241130334348441,-0.5381621421019297,0.4705651671742208
4.3,1.5737260805414512,-1.2459696349693121,-0.5368630402707262,0.4729848174846563
4.3100000000000005,1.5711069518985978,-1.250791887645536,-0.5355534759492995,0.4753959438227682
4.32,1.5684669710921861,-1.255597050284766,-0.5342334855460937,0.4777985251423832
4.33,1.565806210469229,-1.260385080833245,-0.532903105234615,0.4801925404166228
4.34,1.563124742377276,-1.2651559372366723,-0.5315623711886386,0.4825779686183364
4.3500000000000005,1.5604226391638785,-1.2699095774407472,-0.5302113195819398,0.4849547887203738
4.36,1.5576999731765868,-1.2746459593911676,-0.528849986588294,0.487322979695584
4.37,1.5549568167629517,-1.2793650410336332,-0.5274784083814764,0.4896825205168168
4.38,1.5521932422705236,-1.284066780313843,-0.5260966211352623,0.4920333901569217
4.39,1.549409322046853,-1.2887511351774958,-0.524704661023427,0.4943755675887481
4.4,1.5466051284394904,-1.2934180635702914,-0.5233025642197457,0.4967090317851459
4.41,1.5437807337959866,-1.2980675234379275,-0.5218903668979938,0.499033761718964
4.42,1.5409362104638924,-1.302699472726104,-0.5204681052319468,0.5013497363630522
4.43,1.5380716307907578,-1.3073138693805197,-0.5190358153953795,0.5036569346902601
4.44,1.5351870671241337,-1.3119106713468742,-0.5175935335620674,0.5059553356734373
4.45,1.532282591811571,-1.3164898365708653,-0.5161412959057861,0.5082449182854328
4.46,1.5293582763858304,-1.3210513234224799,-0.5146791381929158,0.5105256617112401
4.47,1.526414189950713,-1.325595091112023,-0.5132070949753571,0.5127975455560116
4.48,1.5234504012532715,-1.3301210988046364,-0.5117252006266363,0.5150605494023184
4.49,1.520466979040778,-1.3346293056652552,-0.5102334895203896,0.5173146528326278
4.5,1.5174639920605049,-1.339119670858816,-0.508731996030253,0.5195598354294082
4.51,1.5144415090597243,-1.3435921535502549,-0.5072207545298627,0.5217960767751276
4.5200000000000005,1.5113995987857078,-1.3480467129045084,-0.5056997993928545,0.5240233564522544
4.53,1.5083383299857285,-1.3524833080865117,-0.5041691649928648,0.5262416540432561
4.54,1.505257771407058,-1.3569018982612013,-0.5026288857035296,0.5284509491306009
4.55,1.5021579917969687,-1.3613024425935136,-0.5010789958984849,0.530651221296757
4.5600000000000005,1.4990390599027323,-1.3656849002483848,-0.4995195299513667,0.5328424501241926
4.57,1.4959010444716216,-1.3700492303907505,-0.4979505222358113,0.5350246151953755
4.58,1.4927440142509083,-1.3743953921855467,-0.49637200712545476,0.5371976960927736
4.59,1.4895680379878649,-1.37872334479771,-0.494784018993933,0.5393616723988552
4.6000000000000005,1.486373184429763,-1.3830330473921766,-0.49318659221488204,0.5415165236960885
4.61,1.483159521580634,-1.3873244594606235,-0.49157976079031745,0.543662229730312
4.62,1.4799271154089095,-1.391597540954067,-0.4899635577044553,0.5457987704770337
4.63,1.4766760316283598,-1.395852251709014,-0.4883380158141805,0.5479261258545072
4.64,1.4734063359527994,-1.4000885515619323,-0.4867031679764002,0.5500442757809664
4.65,1.4701180940960419,-1.4043064003492913,-0.48505904704802155,0.5521532001746459
4.66,1.4668113717719031,-1.408505757907558,-0.4834056858859521,0.5542528789537792
4.67,1.463486234694197,-1.412686584073201,-0.4817431173470991,0.5563432920366007
4.68,1.4601427485767382,-1.4168488386826885,-0.4800713742883697,0.5584244193413445
4.69,1.456780979133341,-1.420992481572489,-0.4783904895666711,0.5604962407862447
4.7,1.4534009920778204,-1.4251174725790703,-0.47670049603891074,0.5625587362895353
4.71,1.4500028531239906,-1.4292237715389005,-0.4750014265619959,0.5646118857694504
4.72,1.4465866279856663,-1.4333113382884481,-0.47329331399283375,0.5666556691442243
4.73,1.4431523823766619,-1.4373801326641815,-0.47157619118833144,0.568690066332091
4.74,1.439700182010792,-1.4414301145025685,-0.4698500910053966,0.5707150572512845
4.75,1.4362300926018754,-1.4454612436400784,-0.46811504630093825,0.5727306218200394
4.76,1.4327421800768465,-1.4494734801626339,-0.4663710900384238,0.5747367400813171
4.7700000000000005,1.4292365084770993,-1.4534667842715674,-0.4646182542385502,0.5767333921357839
4.78,1.4257131406980816,-1.4574411159796572,-0.4628565703490413,0.5787205579898288
4.79,1.422172139635241,-1.4613964352996824,-0.46108606981762096,0.5806982176498414
4.8,1.4186135681840246,-1.4653327022444222,-0.45930678409201287,0.5826663511222113
4.8100000000000005,1.41503748923988,-1.4692498768266555,-0.4575187446199405,0.584624938413328
4.82,1.4114439656982551,-1.473147919059161,-0.4557219828491282,0.5865739595295807
4.83,1.4078330604545974,-1.4770267889547173,-0.4539165302272993,0.5885133944773588
4.84,1.4042048364043542,-1.4808864465261036,-0.4521024182021777,0.590443223263052
4.8500000000000005,1.400559356442973,-1.484726851786099,-0.45027967822148707,0.5923634258930497
4.86,1.3968966834659016,-1.488547964747482,-0.4484483417329514,0.5942739823737412
4.87,1.3932168803685874,-1.4923497454230317,-0.4466084401842943,0.596174872711516
4.88,1.389520010046478,-1.4961321538255268,-0.4447600050232396,0.5980660769127636
4.89,1.3858061353950206,-1.4998951499677464,-0.442903067697511,0.5999475749838734
4.9,1.3820753193096629,-1.5036386938624697,-0.4410376596548321,0.6018193469312351
4.91,1.378327624685853,-1.507362745522475,-0.439163812342927,0.6036813727612377
4.92,1.3745631144190376,-1.5110672649605412,-0.4372815572095194,0.6055336324802708
4.93,1.3707818514046648,-1.5147522121894474,-0.43539092570233295,0.6073761060947239
4.94,1.3669838985381815,-1.518417547221973,-0.43349194926909135,0.6092087736109867
4.95,1.363169318513545,-1.5220632301608037,-0.43158465925677303,0.611031615080402
4.96,1.3593381722195526,-1.5256892213130064,-0.42966908610977694,0.6128446106565034
4.97,1.3554905201063634,-1.5292954802947736,-0.42774526005318225,0.614647740147387
4.98,1.3516264226972488,-1.5328819666322553,-0.42581321134862493,0.6164409833161278
4.99,1.3477459405154812,-1.536448639851601,-0.4238729702577413,0.6182243199258007
5.,1.343849134084333,-1.539995459478961,-0.4219245670421671,0.6199977297394808
5.01,1.3399360639270756,-1.5435223850404856,-0.4199680319635384,0.621761192520243
5.0200000000000005,1.3360067905669808,-1.5470293760623246,-0.418003395283491,0.6235146880311625
5.03,1.3320613745273213,-1.5505163920706277,-0.4160306872636613,0.6252581960353141
5.04,1.328099876331369,-1.553983392591545,-0.4140499381656851,0.6269916962957727
5.05,1.3241223565023956,-1.5574303371512266,-0.4120611782511984,0.6287151685756135
5.0600000000000005,1.3201288755636729,-1.5608571852758228,-0.41006443778183704,0.6304285926379116
5.07,1.3161194940384735,-1.564263896491483,-0.40805974701923736,0.6321319482457417
5.08,1.3120942724500693,-1.5676504303243575,-0.4060471362250352,0.6338252151621789
5.09,1.3080532713217319,-1.5710167463005962,-0.40402663566086655,0.6355083731502983
5.1000000000000005,1.3039965511767333,-1.5743628039463493,-0.40199827558836726,0.6371814019731749
5.11,1.2999241725383461,-1.5776885627877666,-0.3999620862691737,0.6388442813938835
5.12,1.2958361959298421,-1.5809939823509982,-0.3979180979649216,0.6404969911754993
5.13,1.291732681874493,-1.584279022162194,-0.3958663409372471,0.6421395110810972
5.14,1.287613690894088,-1.587543641748467,-0.3938068454470446,0.6437718208742337
5.15,1.2834792826536412,-1.590787800800126,-0.39173964132682126,0.6453939004000632
5.16,1.2793295159132332,-1.594011458179447,-0.3896647579566172,0.6470057290897236
5.17,1.275164449675931,-1.5972145722732296,-0.38758222483796606,0.648607286136615
5.18,1.2709841429448019,-1.6003971014682732,-0.38549207147240155,0.6501985507341368
5.19,1.2667886547229132,-1.6035590041513779,-0.38339432736145723,0.6517795020756891
5.2,1.2625780440133332,-1.606700238709342,-0.3812890220066672,0.6533501193546712
5.21,1.2583523698191288,-1.609820763528966,-0.379176184909565,0.6549103817644832
5.22,1.2541116911433674,-1.6129205369970492,-0.3770558455716843,0.6564602684985248
5.23,1.2498560669891163,-1.615999517500391,-0.3749280334945588,0.6579997587501957
5.24,1.2455855563594438,-1.6190576634257905,-0.3727927781797225,0.6595288317128954
5.25,1.2413002182574167,-1.6220949331600478,-0.37065010912870894,0.6610474665800241
5.26,1.2370001116861027,-1.625111285089962,-0.3685000558430519,0.6625556425449812
5.2700000000000005,1.2326852956485688,-1.628106677602333,-0.36634264782428494,0.6640533388011667
5.28,1.228355829147883,-1.6310810690839597,-0.3641779145739421,0.66554053454198
5.29,1.224011771187113,-1.6340344179216422,-0.36200588559355706,0.6670172089608213
5.3,1.2196531807693256,-1.6369666825021794,-0.3598265903846634,0.6684833412510899
5.3100000000000005,1.2152801168975884,-1.6398778212123715,-0.35764005844879476,0.6699389106061859
5.32,1.2108926385749692,-1.6427677924390172,-0.3554463192874852,0.6713838962195088
5.33,1.2064908048045355,-1.6456365545689164,-0.3532454024022683,0.6728182772844584
5.34,1.202074674393226,-1.648484066045437,-0.3510373371966135,0.6742420330227187
5.3500000000000005,1.1976443051985937,-1.6513102847791845,-0.3488221525992974,0.6756551423895925
5.36,1.1931997554798226,-1.6541151674868395,-0.34659987773991185,0.67705758374342
5.37,1.1887410835806538,-1.6568986708031996,-0.3443705417903275,0.6784493354016
5.38,1.184268347844829,-1.6596607513630621,-0.342134173922415,0.6798303756815313
5.39,1.1797816066160893,-1.6624013658012242,-0.3398908033080452,0.6812006829006123
5.4,1.1752809182381763,-1.6651204707524834,-0.33764045911908874,0.6825602353762419
5.41,1.1707663410548321,-1.6678180228516366,-0.3353831705274166,0.6839090114258185
5.42,1.1662379334097979,-1.6704939787334814,-0.33311896670489954,0.6852469893667409
5.43,1.1616957536468153,-1.673148295032815,-0.33084787682340816,0.6865741475164077
5.44,1.1571398601096252,-1.675780928384435,-0.3285699300548131,0.6878904641922177
5.45,1.15257031114197,-1.678391835423138,-0.3262851555709856,0.6891959177115692
5.46,1.147987165087591,-1.6809809727837217,-0.32399358254379607,0.6904904863918611
5.47,1.1433904802902297,-1.6835482971009836,-0.3216952401451154,0.691774148550492
5.48,1.138780315093627,-1.686093765009721,-0.3193901575468141,0.6930468825048607
5.49,1.1341567278415257,-1.6886173331447307,-0.3170783639207634,0.6943086665723656
5.5,1.1295197768776664,-1.6911189581408106,-0.3147598884388338,0.6955594790704054
5.51,1.124869520545791,-1.6935985966327574,-0.3124347602728961,0.6967992983163789
5.5200000000000005,1.1202060171896404,-1.696056205255369,-0.31010300859482076,0.6980281026276847
5.53,1.1155293251470264,-1.698491740646676,-0.30776466257351376,0.6992458703233382
5.54,1.1108395021584905,-1.7009051593218638,-0.3054197510792458,0.7004525796609321
5.55,1.106136606332608,-1.7032964161311661,-0.3030683031663045,0.7016482080655833
5.5600000000000005,1.101420696250718,-1.7056654653714944,-0.30071034812535963,0.7028327326857474
5.57,1.096691830494162,-1.7080122613397597,-0.29834591524708154,0.70400613066988
5.58,1.0919500676442788,-1.7103367583328735,-0.2959750338221399,0.7051683791664369
5.59,1.0871954662824084,-1.7126389106477469,-0.29359773314120474,0.7063194553238736
5.6000000000000005,1.0824280849898902,-1.7149186725812913,-0.29121404249494565,0.7074593362906458
5.61,1.077647982348065,-1.7171759984304178,-0.28882399117403307,0.7085879992152091
5.62,1.0728552169382721,-1.7194108424920378,-0.2864276084691367,0.7097054212460191
5.63,1.0680498473418516,-1.7216231590630624,-0.28402492367092635,0.7108115795315314
5.64,1.063231932140143,-1.7238129024404032,-0.28161596607007217,0.7119064512202018
5.65,1.0584015299144862,-1.7259800269209715,-0.2792007649572437,0.712990013460486
5.66,1.0535586992462216,-1.728124486801678,-0.27677934962311135,0.7140622434008392
5.67,1.0487034987166886,-1.7302462363794344,-0.27435174935834483,0.7151231181897174
5.68,1.0438359869072271,-1.732345229951152,-0.27191799345361406,0.7161726149755762
5.69,1.0389562223991764,-1.734421421813742,-0.2694781111995888,0.7172107109068712
5.7,1.0340642637738775,-1.7364747662641156,-0.26703213188693936,0.718237383132058
5.71,1.0291601696126698,-1.738505217599184,-0.26458008480633544,0.7192526087995922
5.72,1.024243998496893,-1.7405127301158585,-0.26212199924844704,0.7202563650579294
5.73,1.0193158088186831,-1.742497258127248,-0.25965790440934206,0.7212486290636242
5.74,1.0143756589921895,-1.7444587546997234,-0.2571878294960953,0.7222293773498619
5.75,1.0094236087113184,-1.746397171285732,-0.25471180435565977,0.7231985856428662
5.76,1.0044597177632535,-1.7483124592652908,-0.2522298588816273,0.7241562296326456
5.7700000000000005,0.9994840459351788,-1.7502045700184172,-0.24974202296758993,0.7251022850092088
5.78,0.994496653014279,-1.7520734549251282,-0.24724832650714007,0.7260367274625643
5.79,0.989497598787738,-1.7539190653654408,-0.24474879939386956,0.7269595326827206
5.8,0.9844869430427399,-1.7557413527193724,-0.2422434715213705,0.7278706763596864
5.8100000000000005,0.9794647455664681,-1.7575402683669397,-0.23973237278323464,0.72877013418347
5.82,0.974431066146108,-1.75931576368816,-0.23721553307305454,0.7296578818440802
5.83,0.969385964568843,-1.7610677900630505,-0.23469298228442204,0.7305338950315254
5.84,0.9643295006218572,-1.7627962988716281,-0.2321647503109292,0.7313981494358143
5.8500000000000005,0.9592617340923344,-1.7645012414939105,-0.2296308670461678,0.7322506207469555
5.86,0.9541827247674596,-1.766182569309914,-0.2270913623837304,0.7330912846549572
5.87,0.9490925324344164,-1.767840233699656,-0.2245462662172088,0.7339201168498282
5.88,0.943991216880389,-1.7694741860431538,-0.22199560844019506,0.7347370930215771
5.89,0.9388788378925613,-1.7710843777204244,-0.21943941894628127,0.7355421888602124
5.9,0.9337554552581173,-1.7726707601114848,-0.2168777276290592,0.7363353800557426
5.91,0.9286211287642417,-1.7742332845963524,-0.21431056438212145,0.7371166422981764
5.92,0.9234759181832358,-1.7757719025615029,-0.2117379590916185,0.7378859512807516
5.93,0.9183198830249036,-1.7772865649495355,-0.20915994151245237,0.738643282474768
5.94,0.9131530846436526,-1.7787772202490142,-0.20657654232182687,0.7393886101245073
5.95,0.9079755851105009,-1.7802438163385295,-0.203987792555251,0.7401219081692649
5.96,0.9027874464964649,-1.7816863010966726,-0.20139372324823304,0.7408431505483365
5.97,0.897588730872562,-1.7831046224020342,-0.19879436543628157,0.7415523112010173
5.98,0.8923795003098086,-1.7844987281332052,-0.1961897501549049,0.7422493640666028
5.99,0.8871598168792229,-1.7858685661687765,-0.193579908439612,0.7429342830843885
6.,0.8819297426518213,-1.7872140843873388,-0.19096487132591125,0.7436070421936696
6.01,0.8766893396986212,-1.788535230667483,-0.18834466984931114,0.7442676153337417
6.0200000000000005,0.8714386700906389,-1.7898319528878002,-0.18571933504532,0.7449159764439003
6.03,0.8661777958988927,-1.7911041989268808,-0.18308889794944685,0.7455520994634406
6.04,0.860906779194399,-1.792351916663316,-0.18045338959720003,0.7461759583316582
6.05,0.8556256820481749,-1.7935750539756963,-0.177812841024088,0.7467875269878483
6.0600000000000005,0.8503345665312373,-1.794773558742613,-0.17516728326561917,0.7473867793713067
6.07,0.845033494714604,-1.7959473788426565,-0.1725167473573025,0.7479736894213285
6.08,0.8397225286692915,-1.7970964621544179,-0.16986126433464632,0.7485482310772091
6.09,0.8344017304663173,-1.7982207565564878,-0.16720086523315916,0.7491103782782441
6.1000000000000005,0.8290711621766976,-1.7993202099274577,-0.16453558108834931,0.749660104963729
6.11,0.8237308858714507,-1.8003947701459175,-0.16186544293572586,0.750197385072959
6.12,0.8183809629050224,-1.801444385598557,-0.15919048145251172,0.7507221927992787
6.13,0.8130214549432375,-1.802469003647144,-0.1565107274716193,0.7512345018235722
6.140000000000001,0.807652427698556,-1.803468567908005,-0.15382621384927858,0.7517342839540027
6.15,0.8022739471080474,-1.804443021809035,-0.15113697355402422,0.7522215109045177
6.16,0.7968860791087793,-1.80539230877813,-0.1484430395543902,0.7526961543890652
6.17,0.7914888896378202,-1.8063163722431854,-0.1457444448189106,0.7531581861215929
6.18,0.7860824446322383,-1.8072151556320968,-0.14304122231611965,0.7536075778160486
6.19,0.7806668100291014,-1.8080886023727598,-0.14033340501455124,0.7540443011863801
6.2,0.775242051765479,-1.80893665589307,-0.13762102588274,0.7544683279465352
6.21,0.7698082357784387,-1.8097592596209227,-0.13490411788921988,0.7548796298104615
6.22,0.7643654280050489,-1.8105563569842136,-0.13218271400252501,0.755278178492107
6.23,0.7589136943823777,-1.8113278914108384,-0.12945684719118933,0.7556639457054194
6.24,0.753453100847494,-1.8120738063286923,-0.1267265504237475,0.7560369031643464
6.25,0.7479837133374657,-1.8127940451656712,-0.12399185666873341,0.7563970225828358
6.26,0.7425055977893614,-1.8134885513496706,-0.12125279889468123,0.7567442756748355
6.2700000000000005,0.7370188201402487,-1.814157268308586,-0.11850941007012487,0.7570786341542932
6.28,0.731523446327197,-1.814800139470313,-0.115761723163599,0.7574000697351567
6.29,0.7260195422872741,-1.815417108262747,-0.11300977114363754,0.7577085541313737
6.3,0.7205071739575483,-1.8160081181137837,-0.11025358697877463,0.758004059056892
6.3100000000000005,0.7149864072750873,-1.8165731124513187,-0.10749320363754421,0.7582865562256595
6.32,0.7094573081769607,-1.8171120347032474,-0.10472865408848091,0.7585560173516239
6.33,0.7039199426002363,-1.8176248282974656,-0.10195997130011865,0.758812414148733
6.34,0.6983743764387245,-1.8181114366765072,-0.09918718821936276,0.7590557183382538
6.3500000000000005,0.692820675186631,-1.8185718026099185,-0.09641033759331605,0.7592859013049594
6.36,0.6872589091848752,-1.8190058649176704,-0.0936294545924381,0.7595029324588354
6.37,0.681689150436823,-1.8194135614573146,-0.09084457521841202,0.7597067807286575
6.38,0.6761114709458412,-1.8197948300864029,-0.08805573547292114,0.7598974150432016
6.390000000000001,0.6705259427152961,-1.8201496086624869,-0.08526297135764857,0.7600748043312436
6.4,0.6649326377485553,-1.8204778350431183,-0.08246631887427815,0.7602389175215594
6.41,0.6593316280489848,-1.820779447085849,-0.07966581402449296,0.7603897235429247
6.42,0.6537229856199517,-1.8210543826482306,-0.07686149280997637,0.7605271913241155
6.43,0.6481067824648223,-1.8213025795878148,-0.07405339123241171,0.7606512897939076
6.44,0.6424830905869631,-1.8215239757621537,-0.07124154529348208,0.7607619878810771
6.45,0.6368519819897416,-1.8217185090287986,-0.06842599099487132,0.7608592545143995
6.46,0.631213528676524,-1.8218861172453016,-0.06560676433826253,0.760943058622651
6.47,0.625567802650677,-1.8220267382692141,-0.06278390132533906,0.7610133691346073
6.48,0.6199148759155669,-1.822140309958088,-0.05995743795778399,0.7610701549790442
6.49,0.6142548204745613,-1.822226770169475,-0.0571274102372812,0.7611133850847377
6.5,0.6085877083310264,-1.8222860567609267,-0.05429385416551374,0.7611430283804635
6.51,0.6029136114883289,-1.8223181075899952,-0.05145680574416499,0.7611590537949978
6.5200000000000005,0.597232601949835,-1.8223228605142319,-0.048616300974918016,0.7611614302571161
6.53,0.5915447517189123,-1.8223002533911887,-0.04577237585945669,0.7611501266955946
6.54,0.5858501327989271,-1.8222502240784173,-0.0429250663994641,0.7611251120392089
6.55,0.5801488171932461,-1.8221727104334695,-0.04007440859662358,0.761086355216735
6.5600000000000005,0.5744408769052354,-1.8220676503138968,-0.037220438452618236,0.7610338251569486
6.57,0.5687263834358429,-1.8219349815625285,-0.034363191717922015,0.7609674907812645
6.58,0.5630054111188866,-1.8217746390142062,-0.03150270555944383,0.7608873195071033
6.59,0.5572780402027043,-1.82158655422647,-0.028639020101352736,0.7607932771132352
6.6000000000000005,0.5515443512158253,-1.8213706586428389,-0.025772175607913252,0.7606853293214196
6.61,0.5458044246867803,-1.8211268837068328,-0.02290221234339067,0.7605634418534166
6.62,0.540058341144098,-1.820855160861971,-0.020029170572049528,0.7604275804309857
6.63,0.5343061811163081,-1.8205554215517732,-0.017153090558154612,0.7602777107758868
6.640000000000001,0.5285480251319398,-1.8202275972197586,-0.01427401256597043,0.7601137986098795
6.65,0.5227839537195235,-1.8198716193094469,-0.011391976859762298,0.7599358096547236
6.66,0.5170140474075884,-1.8194874192643575,-0.00850702370379473,0.759743709632179
6.67,0.5112383867246639,-1.81907492852801,-0.005619193362332523,0.7595374642640051
6.68,0.5054570521992798,-1.8186340785439237,-0.002728526099640447,0.759317039271962
6.69,0.499670124359965,-1.8181648007556184,0.00016493782001695753,0.7590824003778094
6.7,0.4938776837352501,-1.8176670266066133,0.0030611581323744044,0.7588335133033068
6.71,0.4880798108536642,-1.817140687540428,0.0059600945731673564,0.7585703437702142
6.72,0.4822765862437368,-1.8165857150005817,0.008861706878131037,0.7582928575002911
6.73,0.47646809043399707,-1.8160020404305945,0.01176595478300092,0.7580010202152975
6.74,0.47065440395297553,-1.8153895952739856,0.014672798023511702,0.757694797636993
6.75,0.4648356073292012,-1.8147483109742741,0.017582196335398863,0.7573741554871373
6.76,0.4590117810912037,-1.8140781189749802,0.020494109454397613,0.7570390594874903
6.7700000000000005,0.4531830057675121,-1.813378950719623,0.02340849711624343,0.7566894753598117
6.78,0.4473493618866569,-1.8126507376517218,0.02632531905667101,0.7563253688258611
6.79,0.4415109299159231,-1.8118934112269722,0.02924453504203789,0.7559467056134863
6.8,0.4356677900599122,-1.8111069018432595,0.03216610497004334,0.75555345092163
6.8100000000000005,0.4298200315350227,-1.8102911348638533,0.0350899842324881,0.755145567431927
6.82,0.42396774655392666,-1.8094460344798988,0.038016126723036135,0.7547230172399496
6.83,0.41811102732929445,-1.80857152488254,0.04094448633535223,0.7542857624412702
6.84,0.41224996607379716,-1.8076675302629213,0.043875016963100866,0.7538337651314608
6.8500000000000005,0.40638465500010523,-1.806733974812187,0.046807672499946835,0.7533669874060936
6.86,0.40051518632089067,-1.8057707827214815,0.0497424068395541,0.752885391360741
6.87,0.394641652248824,-1.8047778781819495,0.05267917387558744,0.7523889390909749
6.88,0.3887641449965762,-1.8037551853847351,0.05561792750171136,0.7518775926923678
6.890000000000001,0.38288275677681766,-1.8027026285209826,0.05855862161159062,0.7513513142604915
6.9,0.3769975798022205,-1.8016201317818366,0.0615012100988892,0.7508100658909185
6.91,0.37110870628545517,-1.8005076193584415,0.06444564685727187,0.750253809679221
6.92,0.3652162284391926,-1.7993650154419416,0.06739188578040314,0.749682507720971
6.93,0.35932023847610384,-1.7981922442234812,0.07033988076194753,0.7490961221117408
6.94,0.35342082860885937,-1.7969892298942047,0.07328958569556977,0.7484946149471026
6.95,0.34751809105013115,-1.7957558966452567,0.07624095447493387,0.7478779483226285
6.96,0.3416121180125897,-1.7944921686677815,0.0791939409937046,0.747246084333891
6.97,0.33570300170890605,-1.7931979701529233,0.08214849914554644,0.7465989850764618
6.98,0.32979083435175055,-1.7918732252918266,0.08510458282412417,0.7459366126459135
6.99,0.3238757081537953,-1.7905178582756358,0.08806214592310178,0.7452589291378181
7.,0.31795771532771083,-1.7891317932954953,0.09102114233614403,0.7445658966477479
7.01,0.312036948086168,-1.7877149545425495,0.09398152595691543,0.7438574772712749
7.0200000000000005,0.30611349790426023,-1.7862672660743832,0.09694325104786933,0.7431336330371918
7.03,0.3001874617492157,-1.784788647973932,0.0999062691253916,0.7423943239869663
7.04,0.29425894714728074,-1.7832790165531964,0.10287052642635906,0.7416395082765985
7.05,0.2883280621379438,-1.7817382880034078,0.10583596893102754,0.7408691440017041
7.0600000000000005,0.28239491476069256,-1.7801663785157973,0.10880254261965315,0.7400831892578987
7.07,0.2764596130550165,-1.7785632042815962,0.1117701934724912,0.7392816021407983
7.08,0.2705222650604033,-1.7769286814920362,0.1147388674697978,0.7384643407460183
7.09,0.26458297881634124,-1.7752627263383485,0.11770851059182882,0.7376313631691744
7.1000000000000005,0.25864186236231823,-1.773565255011764,0.12067906881884033,0.7367826275058822
7.11,0.2526990237378236,-1.7718361837035148,0.12365048813108764,0.7359180918517576
7.12,0.2467545709823451,-1.7700754286048317,0.1266227145088269,0.735037714302416
7.13,0.24080861213537105,-1.7682829059069463,0.1295956939323139,0.7341414529534733
7.140000000000001,0.2348612552363893,-1.7664585318010897,0.1325693723818048,0.733229265900545
7.15,0.2289126083248891,-1.7646022224784934,0.1355436958375549,0.7323011112392469
7.16,0.22296277944035833,-1.7627138941303888,0.13851861027982026,0.7313569470651946
7.17,0.2170118766222853,-1.760793462948007,0.1414940616888568,0.7303967314740037
7.18,0.21106000791015828,-1.7588408451225797,0.1444699960449203,0.72942042256129
7.19,0.20510728134346506,-1.7568559568453377,0.1474463593282669,0.728427978422669
7.2,0.19915380496169505,-1.754838714307513,0.15042309751915192,0.7274193571537567
7.21,0.19319968680433602,-1.7527890337003365,0.15340015659783143,0.7263945168501684
7.22,0.18724503491087627,-1.7507068312150396,0.1563774825445613,0.72535341560752
7.23,0.18128995732080358,-1.7485920230428535,0.15935502133959764,0.724296011521427
7.24,0.1753345619812358,-1.7464445253776868,0.16233271900938157,0.7232222626888436
7.25,0.16937895652673976,-1.7442642526858387,0.16531052173662958,0.7221321263429196
7.26,0.16342326483922553,-1.7420511137749604,0.16828836758038668,0.7210255568874804
7.2700000000000005,0.1574676163065658,-1.7398050163466627,0.17126619184671654,0.7199025081733316
7.28,0.15151214031663482,-1.7375258681025567,0.17424392984168202,0.7187629340512786
7.29,0.14555696625730524,-1.7352135767442531,0.1772215168713468,0.7176067883721268
7.3,0.13960222351645024,-1.732868049973363,0.18019888824177432,0.7164340249866817
7.3100000000000005,0.1336480414819425,-1.730489195491497,0.18317597925902818,0.7152445977457487
7.32,0.12769454954165627,-1.7280769210002662,0.1861527252291713,0.7140384605001333
7.33,0.1217418770834642,-1.7256311342012811,0.18912906145826733,0.7128155671006408
7.34,0.11579015349523947,-1.7231517427961531,0.1921049232523797,0.7115758713980768
7.3500000000000005,0.10983950816485477,-1.7206386544864924,0.19508024591757206,0.7103193272432464
7.36,0.10389007048018431,-1.7180917769739104,0.19805496475990728,0.7090458884869554
7.37,0.09794196982910079,-1.715511017960018,0.20102901508544904,0.7077555089800092
7.38,0.09199533559947737,-1.7128962851464256,0.20400233220026076,0.706448142573213
7.390000000000001,0.08605029717918675,-1.710247486234744,0.20697485141040606,0.7051237431173722
7.4,0.08010698395610312,-1.707564528926585,0.20994650802194786,0.7037822644632927
7.41,0.0741655253180992,-1.7048473209235586,0.21291723734094983,0.7024236604617795
7.42,0.06822605065304813,-1.702095769927276,0.21588697467347537,0.7010478849636382
7.43,0.06228868934882313,-1.699309783639348,0.21885565532558787,0.6996548918196742
7.44,0.05635357079329687,-1.6964892697613851,0.221823214603351,0.6982446348806928
7.45,0.05042082437434357,-1.6936341359949987,0.22478958781282765,0.6968170679974995
7.46,0.04449057947983592,-1.6907442900417997,0.22775471026008146,0.6953721450209001
7.47,0.03856296983883091,-1.6878196377042016,0.23071851508058397,0.693909818852101
7.48,0.0326381511075485,-1.684860076723463,0.23368092444622518,0.6924300383617317
7.49,0.026716277962380214,-1.6818655070636541,0.23664186101880932,0.6909327535318273
7.5,0.020797504276389767,-1.6788358291117635,0.23960124786180453,0.689417914555882
7.51,0.01488198392264134,-1.67577094325478,0.24255900803867875,0.6878854716273902
7.5200000000000005,0.00896987077419864,-1.6726707498796913,0.2455150646129001,0.6863353749398459
7.53,0.0030613187041269377,-1.6695351493734867,0.24846934064793597,0.6847675746867435
7.54,-0.0028435184145100753,-1.6663640421231545,0.25142175920725446,0.6831820210615774
7.55,-0.008744486708648212,-1.663157328515683,0.2543722433543235,0.6815786642578417
7.5600000000000005,-0.014641432305223759,-1.659914908938061,0.2573207161526113,0.6799574544690306
7.57,-0.020534201331171467,-1.6566366837772766,0.26026710066558517,0.6783183418886385
7.58,-0.026422639913427637,-1.6533225534203186,0.26321131995671326,0.6766612767101595
7.59,-0.03230659417892806,-1.6499724182541757,0.26615329708946345,0.6749862091270881
7.6000000000000005,-0.038185910254609046,-1.6465861786658356,0.26909295512730397,0.673293089332918
7.61,-0.04406043426740533,-1.6431637350422879,0.27203021713370207,0.6715818675211441
7.62,-0.049930012344253226,-1.6397049877705203,0.27496500617212605,0.6698524938852604
7.63,-0.05579449061225958,-1.6362098372374976,0.2778972453061292,0.668104918618749
7.640000000000001,-0.06165371401753218,-1.6326781824067997,0.28082685700876553,0.6663390912034001
7.65,-0.06750750970949963,-1.6291099184806153,0.28375375485474924,0.6645549592403077
7.66,-0.0733556972603539,-1.6255049401838437,0.28667784863017637,0.6627524700919221
7.67,-0.07919809624228649,-1.6218631422413856,0.2895990481211427,0.660931571120693
7.68,-0.08503452622748889,-1.618184419378141,0.2925172631137439,0.6590922096890707
7.69,-0.0908648067881531,-1.6144686663190095,0.29543240339407595,0.657234333159505
7.7,-0.09668875749646957,-1.610715777788892,0.2983443787482342,0.6553578888944462
7.71,-0.10250619792463032,-1.6069256485126888,0.30125309896231456,0.6534628242563446
7.72,-0.10831694764482683,-1.6030981732152993,0.30415847382241284,0.6515490866076499
7.73,-0.1141208262292511,-1.599233246621624,0.30706041311462495,0.6496166233108122
7.74,-0.11991765325009357,-1.595330763456563,0.3099588266250462,0.6476653817282817
7.75,-0.1257072482795463,-1.5913906184450166,0.3128536241397726,0.6456953092225085
7.76,-0.1314894308898007,-1.587412706311885,0.3157447154448998,0.6437063531559427
7.7700000000000005,-0.13726402065304882,-1.5833969217820678,0.31863201032652383,0.6416984608910341
7.78,-0.14303083714148113,-1.5793431595804661,0.32151541857074,0.6396715797902333
7.79,-0.1487896999272896,-1.5752513144319793,0.3243948499636442,0.6376256572159898
7.8,-0.15454042886179217,-1.571121280900988,0.3272702144308955,0.6355606404504942
7.8100000000000005,-0.16028283607436844,-1.5669529506648545,0.3301414180371836,0.6334764753324275
7.82,-0.16601671078617913,-1.5627462140212878,0.333008355393089,0.6313731070106441
7.83,-0.1717418391985847,-1.55850096145347,0.3358709195992918,0.6292504807267352
7.84,-0.17745800751294513,-1.5542170834445836,0.33872900375647197,0.627108541722292
7.8500000000000005,-0.1831650019306208,-1.5498944704778104,0.34158250096530984,0.6249472352389054
7.86,-0.18886260865297064,-1.5455330130363338,0.3444313043264847,0.6227665065181671
7.87,-0.19455061388135508,-1.5411326016033358,0.347275306940677,0.6205663008016681
7.88,-0.20022880381713412,-1.5366931266619985,0.35011440190856646,0.6183465633309995
7.890000000000001,-0.20589696466166812,-1.5322144786955043,0.3529484823308335,0.6161072393477524
7.9,-0.21155488261631605,-1.5276965481870362,0.35577744130815747,0.6138482740935184
7.91,-0.2172023438824383,-1.5231392256197762,0.3586011719412186,0.6115696128098883
7.92,-0.22283913466139488,-1.5185424014769067,0.3614195673306969,0.6092712007384536
7.930000000000001,-0.2284650411545462,-1.5139059662416097,0.3642325205772725,0.6069529831208051
7.94,-0.23407984956325112,-1.5092298103970685,0.367039924781625,0.6046149051985346
7.95,-0.23968334608887018,-1.5045138244264649,0.36984167304443455,0.6022569122132327
7.96,-0.24527531693276325,-1.4997578988129816,0.3726376584663811,0.5998789494064911
7.97,-0.2508555483794281,-1.4949619229716582,0.37542777418971346,0.5974809614858294
7.98,-0.25642380587516844,-1.4901257838561346,0.37821190293758367,0.5950628919280676
7.99,-0.261979834204389,-1.4852493703115304,0.38098991710219393,0.5926246851557655
8.,-0.26752337763966216,-1.480332571307605,0.3837616888198305,0.5901662856538028
8.01,-0.27305418045355984,-1.475375275814118,0.38652709022677934,0.5876876379070594
8.02,-0.2785719869186539,-1.4703773728008298,0.3892859934593264,0.5851886864004152
8.03,-0.28407654130751636,-1.4653387512374998,0.3920382706537576,0.5826693756187502
8.040000000000001,-0.28956758789272,-1.460259300093887,0.39478379394635943,0.5801296500469438
8.05,-0.29504487094683485,-1.4551389083397532,0.39752243547341687,0.5775694541698769
8.06,-0.30050813474243376,-1.4499774649448574,0.4002540673712163,0.574988732472429
8.07,-0.30595712355208865,-1.4447748588789593,0.40297856177604374,0.57238742943948
8.08,-0.31139158164837144,-1.4395309791118187,0.40569579082418517,0.5697654895559097
8.09,-0.316811253303854,-1.4342457146131955,0.4084056266519265,0.5671228573065981
8.1,-0.32221588279110835,-1.4289189543528498,0.4111079413955536,0.5644594771764252
8.11,-0.3276052143827063,-1.423550587300541,0.4138026071913526,0.5617752936502708
8.120000000000001,-0.3329789923512207,-1.4181405024260283,0.41648949617560976,0.5590702512130145
8.13,-0.33833696102149324,-1.4126885886708098,0.41916848051074607,0.5563442943354052
8.14,-0.3436788609339234,-1.4071947319984046,0.42183943046696115,0.5535973659992026
8.15,-0.3490043955712627,-1.4016588217195898,0.4245021977856308,0.5508294108597952
8.16,-0.35431325645343287,-1.3960807501796018,0.42715662822671585,0.5480403750898012
8.17,-0.3596051351003554,-1.3904604097236768,0.42980256755017715,0.5452302048618387
8.18,-0.36487972303195193,-1.3847976926970518,0.4324398615159754,0.5423988463485262
8.19,-0.3701367117681441,-1.379092491444963,0.4350683558840715,0.5395462457224818
8.2,-0.3753757928288536,-1.3733446983126467,0.43768789641442624,0.5366723491563237
8.21,-0.3805966577340029,-1.3675542056453385,0.44029832886700093,0.5337771028226695
8.22,-0.38579899800351186,-1.361720905788277,0.44289949900175535,0.5308604528941389
8.23,-0.39098250515730293,-1.3558446910866977,0.4454912525786509,0.5279223455433492
8.24,-0.3961468707152978,-1.3499254538858367,0.4480734353576484,0.5249627269429187
8.25,-0.4012917861974181,-1.3439630865309309,0.4506458930987085,0.5219815432654658
8.26,-0.40641694312358545,-1.3379574813672166,0.45320847156179217,0.5189787406836086
8.27,-0.4115220330137215,-1.3319085307399303,0.4557610165068602,0.5159542653699655
8.28,-0.4166067473877478,-1.3258161269943085,0.45830337369387336,0.5129080634971546
8.290000000000001,-0.4216707777655869,-1.3196801624755865,0.4608353888827929,0.5098400812377936
8.3,-0.4267138127314146,-1.3135005293849389,0.46335690636570676,0.5067502646924698
8.31,-0.43173550185922704,-1.3072771226438002,0.46586775092961297,0.5036385613219004
8.32,-0.43673547626584525,-1.3010098440829105,0.46836773813292204,0.5005049220414556
8.33,-0.44171336829581437,-1.2946985962356856,0.4708566841479066,0.4973492981178432
8.34,-0.44666881029367944,-1.2883432816355413,0.47333440514683917,0.49417164081777093
8.35,-0.45160143460398555,-1.2819438028158932,0.4758007173019922,0.49097190140794683
8.36,-0.4565108735712778,-1.2755000623101567,0.4782554367856383,0.4877500311550787
8.370000000000001,-0.4613967595401022,-1.269011962651747,0.4806983797700505,0.4845059813258738
8.38,-0.4662587248550019,-1.2624794063740818,0.4831293624275004,0.48123970318704123
8.39,-0.4710964018605231,-1.255902296010576,0.48554820093026096,0.47795114800528826
8.4,-0.47590942290121074,-1.249280534094645,0.4879547114506048,0.4746402670473227
8.41,-0.48069742032160995,-1.2426140231597045,0.4903487101608044,0.4713070115798525
8.42,-0.48546002646626574,-1.2359026657391705,0.4927300132331323,0.4679513328695855
8.43,-0.49019687367972326,-1.2291463643664586,0.49509843683986104,0.4645731821832296
8.44,-0.4949075891077312,-1.2223450200176265,0.497453794553865,0.46117251000881354
8.45,-0.499591757446818,-1.2154985455216576,0.4997958787234084,0.45774927276082905
8.46,-0.5042489468871949,-1.208606861604864,0.5021244734435969,0.4543034308024323
8.47,-0.5088787256178713,-1.2016698889946043,0.5044393628089351,0.45083494449730244
8.48,-0.5134806618278592,-1.194687548418233,0.506740330913929,0.4473437742091168
8.49,-0.5180543237061698,-1.1876597606031063,0.5090271618530843,0.4438298803015534
8.5,-0.522599279441814,-1.1805864462765798,0.5112996397209064,0.4402932231382902
8.51,-0.527115097223803,-1.1734675261660097,0.513557548611901,0.43673376308300516
8.52,-0.531601345241148,-1.1663029209987519,0.5158006726205735,0.43315146049937625
8.53,-0.53605759168286,-1.1590925515021622,0.5180287958414295,0.4295462757510814
8.540000000000001,-0.5404834047379511,-1.1518363384035952,0.520241702368975,0.42591816920179804
8.55,-0.5448783525954306,-1.14453420243041,0.5224391762977147,0.4222671012152053
8.56,-0.5492420034443105,-1.1371860643099603,0.5246210017221548,0.41859303215498056
8.57,-0.553573925293537,-1.1297918437137429,0.5267869626467679,0.4148959218568718
8.58,-0.5578736562406611,-1.1223514673237582,0.52893682812033,0.41117573366187943
8.59,-0.5621406911134345,-1.1148648850862852,0.5310703455567167,0.407432442543143
8.6,-0.566374521884976,-1.107332049145879,0.5331872609424874,0.40366602457293976
8.61,-0.5705746405284045,-1.0997529116470934,0.5352873202642017,0.39987645582354703
8.620000000000001,-0.5747405390168397,-1.092127424734482,0.5373702695084193,0.39606371236724147
8.63,-0.5788717093233993,-1.0844555405526024,0.5394358546616991,0.3922277702763016
8.64,-0.5829676434212027,-1.0767372112460076,0.5414838217106007,0.3883686056230042
8.65,-0.587027833283369,-1.068972388959252,0.5435139166416839,0.3844861944796264
8.66,-0.5910517708830171,-1.0611610258368904,0.5455258854415079,0.3805805129184456
8.67,-0.595038948193266,-1.0533030740234774,0.5475194740966324,0.3766515370117391
8.68,-0.5989888571872345,-1.0453984856635674,0.5494944285936166,0.3726992428317841
8.69,-0.6029009898380417,-1.0374472129017154,0.5514504949190202,0.368723606450858
8.700000000000001,-0.6067748380990994,-1.029449207885341,0.553387419049549,0.36472460394267087
8.71,-0.6106098663323472,-1.0214044328129452,0.555304933166173,0.360702216406473
8.72,-0.6144054872671045,-1.0133128796932127,0.5572027436335516,0.3566564398466067
8.73,-0.6181611125118843,-1.0051745458372328,0.5590805562559416,0.35258727291861675
8.74,-0.6218761536751998,-0.9969894285560945,0.5609380768375993,0.3484947142780476
8.75,-0.6255500223655641,-0.9887575251608872,0.5627750111827814,0.344378762580444
8.76,-0.6291821301914904,-0.9804788329627003,0.5645910650957446,0.34023941648135053
8.77,-0.6327718887614918,-0.972153349272623,0.5663859443807453,0.33607667463631186
8.78,-0.6363187096840816,-0.9637810714017444,0.5681593548420402,0.33189053570087257
8.790000000000001,-0.6398220045677734,-0.9553619966611525,0.5699110022838861,0.3276809983305766
8.8,-0.6432811850210791,-0.9468961223619394,0.571640592510539,0.3234480611809701
8.81,-0.6466956626525127,-0.938383445815193,0.5733478313262557,0.31919172290759684
8.82,-0.6500648393061393,-0.9298239663085557,0.5750324196530691,0.3149119831542782
8.83,-0.6533880627656772,-0.9212177223692994,0.5766940313828379,0.3106088611846501
8.84,-0.656664663109869,-0.9125647711616566,0.5783323315549339,0.30628238558082865
8.85,-0.6598939704159511,-0.9038651698533675,0.5799469852079749,0.30193258492668407
8.86,-0.6630753147611592,-0.8951189756121726,0.5815376573805789,0.29755948780608665
8.870000000000001,-0.6662080262227299,-0.886326245605811,0.5831040131113643,0.29316312280290585
8.88,-0.669291434877898,-0.877487037002026,0.5846457174389483,0.2887435185010134
8.89,-0.6723248708039002,-0.8686014069685567,0.5861624354019495,0.2843007034842787
8.9,-0.6753076640779724,-0.8596694126731435,0.5876538320389855,0.2798347063365721
8.91,-0.6782391447773506,-0.8506911112835268,0.5891195723886745,0.2753455556417638
8.92,-0.6811186429792707,-0.8416665599674472,0.5905593214896346,0.270833279983724
8.93,-0.6839454794411356,-0.8325958182136886,0.5919727397205671,0.26629790910684464
8.94,-0.6867189174673903,-0.8234789982474201,0.5933594587336944,0.2617394991237104
8.950000000000001,-0.6894381990009115,-0.8143162418132479,0.5947190995004551,0.2571581209066244
8.96,-0.6921025659599925,-0.8051076907327519,0.5960512829799955,0.25255384536637626
8.97,-0.6947112602629281,-0.7958534868275066,0.5973556301314633,0.24792674341375365
8.98,-0.6972635238280124,-0.7865537719190885,0.5986317619140056,0.2432768859595446
8.99,-0.6997585985735398,-0.7772086878290742,0.5998792992867693,0.23860434391453741
9.,-0.7021957264178045,-0.7678183763790398,0.6010978632089016,0.23390918818952028
9.01,-0.7045741492791007,-0.7583829793905621,0.6022870746395497,0.22919148969528141
9.02,-0.7068931090757226,-0.7489026386852173,0.6034465545378607,0.224451319342609
9.03,-0.7091518477259646,-0.739377496084582,0.6045759238629816,0.21968874804229133
9.040000000000001,-0.7113495889903219,-0.7298077091721221,0.6056747944951603,0.21490385458606137
9.05,-0.7134854962927977,-0.7201935069585138,0.6067427481463983,0.21009675347925721
9.06,-0.7155587283727876,-0.7105351365260083,0.6077793641863932,0.2052675682630045
9.07,-0.7175684441952197,-0.7008328448751256,0.6087842220976092,0.2004164224375632
9.08,-0.7195138027250221,-0.6910868790063858,0.6097569013625105,0.19554343950319322
9.09,-0.721393962927123,-0.6812974859203086,0.6106969814635609,0.19064874296015463
9.1,-0.7232080837664504,-0.671464912617414,0.6116040418832246,0.18573245630870736
9.11,-0.7249553242079327,-0.661589406098222,0.6124776621039657,0.18079470304911138
9.120000000000001,-0.7266348432164982,-0.6516712133632508,0.6133174216082485,0.1758356066816258
9.13,-0.7282457949240771,-0.6417105839038939,0.614122897462038,0.17085529195194732
9.14,-0.7297872892610864,-0.6317078318156043,0.6148936446305426,0.16585391590780252
9.15,-0.7312584126951699,-0.6216633271583728,0.6156292063475843,0.16083166357918677
9.16,-0.7326582514934217,-0.6115774414166929,0.6163291257467103,0.15578872070834685
9.17,-0.7339858919229356,-0.6014505460750583,0.6169929459614673,0.15072527303752953
9.18,-0.7352404202508059,-0.5912830126179625,0.6176202101254025,0.14564150630898162
9.19,-0.7364209227441266,-0.5810752125298989,0.6182104613720628,0.14053760626494985
9.200000000000001,-0.7375264856699918,-0.5708275172953595,0.6187632428349954,0.13541375864768013
9.21,-0.7385561952954951,-0.5605402983988412,0.6192780976477471,0.13027014919942104
9.22,-0.7395091351330159,-0.5502139282365105,0.6197545675665074,0.12510696411825564
9.23,-0.7403843524914082,-0.5398488452661642,0.6201921762457037,0.11992442263308249
9.24,-0.741180871065708,-0.5294455736774031,0.6205904355328534,0.11472278683870196
9.25,-0.7418977143357383,-0.5190046425567238,0.6209488571678686,0.1095023212783623
9.26,-0.7425339057813227,-0.5085265809906228,0.6212669528906608,0.10426329049531177
9.27,-0.7430884688822849,-0.4980119180655965,0.6215442344411419,0.09900595903279866
9.28,-0.7435604271184479,-0.48746118286814166,0.6217802135592234,0.09373059143407121
9.290000000000001,-0.7439488039696357,-0.4768749044847527,0.6219744019848172,0.08843745224237676
9.3,-0.7442526229156713,-0.46625361200193016,0.622126311457835,0.08312680600096545
9.31,-0.7444709059283603,-0.4555978344949754,0.6222354529641796,0.07779891724748808
9.32,-0.744602647659366,-0.44490816300635583,0.6223013238296825,0.07245408150317828
9.33,-0.7446468276239698,-0.4341853092188729,0.6223234138119843,0.06709265460943682
9.34,-0.7446024265696138,-0.42342999726909814,0.6223012132848064,0.06171499863454944
9.35,-0.7444684252437405,-0.41264295129360296,0.6222342126218697,0.05632147564680185
9.36,-0.7442438043937918,-0.4018248954289588,0.6221219021968953,0.05091244771447977
9.370000000000001,-0.7439275447672102,-0.3909765538117352,0.6219637723836046,0.04548827690586796
9.38,-0.7435186271114379,-0.3800986505785074,0.6217593135557185,0.040049325289254076
9.39,-0.7430160321739172,-0.369191909865845,0.621508016086958,0.03459595493292287
9.4,-0.7424187401372487,-0.35825705714651485,0.6212093700686239,0.029128528573257803
9.41,-0.7417257141639763,-0.34729490550115744,0.6208628570819876,0.023647452750579105
9.42,-0.7409359196716365,-0.33630638600698765,0.6204679598358178,0.01815319300349421
9.43,-0.7400483279375267,-0.32529243494236276,0.6200241639687628,0.012646217471181774
9.44,-0.7390619102389436,-0.31425398858564013,0.6195309551194713,0.007126994292820458
9.450000000000001,-0.7379756378531842,-0.3031919832151751,0.6189878189265916,0.0015959916075879346
9.46,-0.7367884820575458,-0.2921073551093289,0.6183942410287724,-0.003946322445335177
9.47,-0.7354994141293252,-0.28100104054645686,0.617749707064662,-0.009499479726771197
9.48,-0.7341074021129288,-0.2698739838148871,0.6170537010564638,-0.015063008092556077
9.49,-0.7326114198278393,-0.25872724889151566,0.6163057099139191,-0.02063637555424179
9.5,-0.7310104653007574,-0.24756198952362002,0.6155052326503782,-0.026219005238189617
9.51,-0.7293035378752911,-0.2363793615144231,0.614651768937645,-0.03181031924278807
9.52,-0.7274896368950481,-0.22518052066714786,0.6137448184475235,-0.037409739666425704
9.53,-0.725567761703636,-0.21396662278501724,0.6127838808518175,-0.043016688607491006
9.540000000000001,-0.7235369116446625,-0.2027388236712522,0.6117684558223306,-0.048630588164373524
9.55,-0.7213960859075136,-0.19149827912310308,0.6106980429537562,-0.054250860438448074
9.56,-0.7191442847037108,-0.18024619387004423,0.6095721423518549,-0.059876903064977505
9.57,-0.7167805635709035,-0.16898393198759026,0.6083902817854512,-0.06550803400620449
9.58,-0.7143039977403469,-0.1577128895079896,0.6071519988701728,-0.07114355524600482
9.59,-0.7117136624432963,-0.14643446246349062,0.6058568312216475,-0.0767827687682543
9.6,-0.709008632911007,-0.1351500468863418,0.6045043164555028,-0.08242497655682872
9.61,-0.7061879843747343,-0.12386103880879148,0.6030939921873665,-0.08806948059560388
9.620000000000001,-0.7032507920657328,-0.11256883426308611,0.6016253960328657,-0.09371558286845656
9.63,-0.7001961297464568,-0.10127483594337093,0.6000980648732278,-0.09936258202831416
9.64,-0.6970231206321376,-0.08998057335901123,0.5985115603160681,-0.105009713320494
9.65,-0.6937309710266287,-0.07868768955030545,0.5968654855133138,-0.1106561552248469
9.66,-0.6903188926541566,-0.06739783155625315,0.5951594463270776,-0.11630108422187306
9.67,-0.6867860972389473,-0.05611264641585395,0.5933930486194731,-0.12194367679207266
9.68,-0.6831317965052273,-0.04483378116810749,0.591565898252613,-0.1275831094159459
9.69,-0.6793552021772225,-0.033562882852013365,0.5896776010886106,-0.13321855857399295
9.700000000000001,-0.6754555259791586,-0.022301598506570153,0.5877277629895786,-0.13884920074671456
9.71,-0.671432017848439,-0.011051641503354914,0.5857160089242189,-0.14447417924832218
9.72,-0.6672840509977501,0.0001851259726776064,0.5836420254988745,-0.15009256298633844
9.73,-0.6630110220722639,0.01140683363084155,0.5815055110361314,-0.1557034168154204
9.74,-0.6586123277171524,0.022611611180451092,0.5793061638585756,-0.1613058055902252
9.75,-0.6540873645775878,0.03379758833082038,0.5770436822887932,-0.16689879416540984
9.76,-0.649435529298742,0.044962894791263586,0.5747177646493703,-0.17248144739563143
9.77,-0.6446562345041069,0.05610563626496261,0.5723281172520528,-0.17805281813248094
9.78,-0.639749032212338,0.06722379696630607,0.5698745161061683,-0.18361189848315268
9.790000000000001,-0.6347135407555526,0.07831532357238702,0.5673567703777757,-0.18915766178619314
9.8,-0.6295493787250308,0.08937816277665353,0.5647746893625147,-0.1946890813883264
9.81,-0.6242561647120499,0.10041026127255961,0.5621280823560243,-0.20020513063627945
9.82,-0.6188335173078884,0.1114095657535573,0.5594167586539435,-0.2057047828767783
9.83,-0.6132810678040653,0.12237400795565131,0.5566405339020319,-0.2111870039778253
9.84,-0.6075986059601334,0.13330142081992286,0.5537993029800661,-0.2166507104099611
9.85,-0.6017860238913865,0.14418960003083203,0.5508930119456926,-0.22209480001541568
9.86,-0.595843215202531,0.15503634138762246,0.5479216076012648,-0.2275181706938109
9.870000000000001,-0.5897700734982723,0.1658394406895398,0.5448850367491355,-0.23291972034476954
9.88,-0.5835664923833189,0.1765966937358239,0.5417832461916589,-0.2382983468679116
9.89,-0.5772323775983011,0.18730588713796312,0.53861618879915,-0.2436529435689812
9.9,-0.5707678069510517,0.19796473717140148,0.5353839034755252,-0.2489823685857004
9.91,-0.5641729859848099,0.20857093748821873,0.5320864929924043,-0.254285468744109
9.92,-0.5574481232660358,0.21912218279191817,0.5287240616330172,-0.25956109139595873
9.93,-0.5505934273611887,0.22961616778600308,0.5252967136805936,-0.26480808389300114
9.94,-0.5436091068367284,0.24005058717397676,0.5218045534183635,-0.270025293586988
9.950000000000001,-0.5364953965709075,0.2504231236911473,0.518247698285453,-0.27521156184557327
9.96,-0.5292527450193212,0.2607314264158465,0.5146263725096599,-0.28036571320792286
9.97,-0.5218817034674984,0.2709731498622087,0.5109408517337486,-0.28548657493110396
9.98,-0.5143828238218808,0.2811459489696545,0.5071914119109397,-0.2905729744848269
9.99,-0.50675665798891,0.29124747867760464,0.5033783289944543,-0.2956237393388019
10.,-0.49900375787502776,0.30127539392547964,0.49950187893751324,-0.3006376969627394
