t,x1,y1,x2,y2,x3,y3
0,-0.97000436,0.24308753,0,0,0.97000436,-0.24308753
0.01,-0.96528141,0.247395643,-0.009324618,-0.008646629,0.974606028,-0.238749014
0.02,-0.960435598,0.251671258,-0.018652497,-0.017289142,0.979088095,-0.234382115
0.03,-0.95546529,0.255912157,-0.02798689,-0.025923421,0.98345218,-0.229988736
0.04,-0.95036888,0.260116021,-0.037331034,-0.034545332,0.987699914,-0.225570689
0.05,-0.945144784,0.264280421,-0.046688141,-0.043150726,0.991832925,-0.221129695
0.06,-0.939791439,0.26840281,-0.05606139,-0.05173543,0.995852829,-0.216667381
0.07,-0.934307316,0.272480533,-0.065453916,-0.060295241,0.999761232,-0.212185292
0.08,-0.928690918,0.276510815,-0.074868808,-0.068825924,1.003559726,-0.207684891
0.09,-0.922940791,0.280490759,-0.084309092,-0.077323203,1.007249883,-0.203167556
0.1,-0.917055532,0.284417349,-0.093777727,-0.085782759,1.010833259,-0.19863459
0.11,-0.911033794,0.288287443,-0.103277593,-0.094200223,1.014311387,-0.19408722
0.12,-0.904874287,0.292097784,-0.112811491,-0.102571179,1.017685778,-0.189526605
0.13,-0.898575805,0.295844974,-0.12238211,-0.110891143,1.020957915,-0.184953831
0.14,-0.89213721,0.299525511,-0.131992049,-0.119155585,1.024129259,-0.180369926
0.15,-0.885557461,0.303135747,-0.141643778,-0.127359904,1.027201239,-0.175775843
0.16,-0.878835604,0.306671929,-0.151339656,-0.135499443,1.030175261,-0.171172486
0.17,-0.871970807,0.310130163,-0.161081885,-0.14356947,1.033052692,-0.166560693
0.18,-0.864962335,0.313506455,-0.170872543,-0.151565201,1.035834878,-0.161941254
0.19,-0.857809601,0.316796668,-0.180713521,-0.159481771,1.038523122,-0.157314897
0.2,-0.85051213,0.319996576,-0.190606576,-0.167314267,1.041118705,-0.15268231
0.21,-0.84306962,0.323101819,-0.200553245,-0.175057696,1.043622865,-0.148044122
0.22,-0.83548189,0.326107957,-0.210554924,-0.182707027,1.046036814,-0.14340093
0.23,-0.827748994,0.329010413,-0.220612722,-0.190257144,1.048361717,-0.138753269
0.24,-0.819871062,0.331804566,-0.230727658,-0.197702914,1.050598721,-0.134101653
0.25,-0.811848522,0.334485668,-0.240900397,-0.20503913,1.052748919,-0.129446537
0.26,-0.803681922,0.337048922,-0.25113146,-0.212260568,1.054813381,-0.124788354
0.27,-0.795372042,0.339489459,-0.261421096,-0.219361965,1.056793138,-0.120127494
0.28,-0.786919924,0.341802349,-0.271769249,-0.226338038,1.058689173,-0.11546431
0.29,-0.778326735,0.343982635,-0.282175719,-0.233183499,1.060502454,-0.110799136
0.3,-0.769594016,0.346025322,-0.29263987,-0.239893064,1.062233886,-0.106132258
0.31,-0.760723419,0.347925405,-0.30316094,-0.246461456,1.063884359,-0.101463949
0.32,-0.75171694,0.349677887,-0.31373777,-0.252883441,1.06545471,-0.096794446
0.33,-0.742576807,0.351277788,-0.324368938,-0.259153825,1.066945745,-0.092123962
0.34,-0.733305456,0.352720158,-0.335052779,-0.265267465,1.068358235,-0.087452693
0.35,-0.723905708,0.354000132,-0.345787193,-0.271219333,1.069692901,-0.0827808
0.36,-0.714380499,0.355112878,-0.356569947,-0.277004441,1.070950446,-0.078108437
0.37,-0.704733178,0.356053715,-0.367398335,-0.282617988,1.072131513,-0.073435726
0.38,-0.694967262,0.356818035,-0.378269461,-0.288055255,1.073236724,-0.06876278
0.39,-0.685086559,0.357401386,-0.389180096,-0.293311696,1.074266655,-0.064089691
0.4,-0.675095186,0.357799512,-0.400126656,-0.298382979,1.075221841,-0.059416533
0.41,-0.664997397,0.358008254,-0.411105397,-0.303264882,1.076102794,-0.054743372
0.42,-0.654797834,0.358023782,-0.422112131,-0.307953529,1.076909965,-0.050070254
0.43,-0.644501242,0.357842366,-0.433142548,-0.312445149,1.07764379,-0.045397217
0.44,-0.634112668,0.35746062,-0.444191983,-0.316736333,1.078304651,-0.040724287
0.45,-0.623637341,0.356875392,-0.455255555,-0.320823914,1.078892896,-0.036051478
0.46,-0.613080643,0.356083765,-0.466328202,-0.324704965,1.079408845,-0.031378801
0.47,-0.602448198,0.35508326,-0.47740456,-0.32837701,1.079852759,-0.026706251
0.48,-0.591745696,0.353871533,-0.48847919,-0.33183771,1.080224886,-0.022033823
0.49,-0.580979022,0.35244676,-0.499546393,-0.335085257,1.080525415,-0.017361503
0.5,-0.570154125,0.350807332,-0.510600385,-0.338118059,1.08075451,-0.012689273
0.51,-0.559277043,0.348952038,-0.521635251,-0.340934925,1.080912293,-0.008017112
0.52,-0.548353875,0.346880096,-0.532644969,-0.3435351,1.080998843,-0.003344996
0.53,-0.537390737,0.344590937,-0.543623479,-0.345918037,1.081014216,0.0013271
0.54,-0.526393746,0.342084579,-0.554564663,-0.348083784,1.080958409,0.005999205
0.55,-0.515369004,0.33936121,-0.565462397,-0.350032553,1.080831401,0.010671343
0.56,-0.504322542,0.336421537,-0.576310577,-0.351765077,1.080633119,0.01534354
0.57,-0.49326032,0.333266592,-0.587103139,-0.35328241,1.080363458,0.020015818
0.58,-0.48218821,0.329897704,-0.597834071,-0.354585902,1.080022281,0.024688198
0.59,-0.471111898,0.326316715,-0.608497497,-0.355677408,1.079609395,0.029360694
0.6,-0.460037003,0.322525611,-0.61908759,-0.356558928,1.079124593,0.034033317
0.61,-0.448968867,0.318526903,-0.629598741,-0.357232971,1.078567608,0.038706069
0.62,-0.437912712,0.314323288,-0.640025438,-0.357702236,1.07793815,0.043378947
0.63,-0.426873516,0.30991781,-0.650362371,-0.357969751,1.077235887,0.048051941
0.64,-0.415855977,0.305313841,-0.660604463,-0.358038868,1.076460441,0.052725027
0.65,-0.404864656,0.300514911,-0.670746757,-0.357913087,1.075611413,0.057398176
0.66,-0.393903692,0.295524936,-0.680784653,-0.357596277,1.074688345,0.062071341
0.67,-0.382977102,0.290347934,-0.69071366,-0.357092403,1.073690762,0.066744469
0.68,-0.372088504,0.284988214,-0.70052963,-0.356405702,1.072618134,0.071417488
0.69,-0.361241261,0.279450245,-0.71022864,-0.355540556,1.071469901,0.076090312
0.7,-0.350438488,0.273738635,-0.719806981,-0.354501476,1.070245469,0.080762841
0.71,-0.339682864,0.267858199,-0.729261327,-0.353293151,1.068944191,0.085434952
0.72,-0.328976939,0.261813807,-0.738588464,-0.351920318,1.067565403,0.090106512
0.73,-0.318322785,0.255610496,-0.747785598,-0.350387852,1.066108384,0.094777356
0.74,-0.30772229,0.249253355,-0.756850095,-0.348700662,1.064572386,0.099447307
0.75,-0.297177002,0.242747552,-0.765779619,-0.346863713,1.062956621,0.104116161
0.76,-0.286688123,0.236098316,-0.774572136,-0.344882002,1.061260258,0.108783686
0.77,-0.276256686,0.229310899,-0.783225757,-0.342760532,1.059482443,0.113449634
0.78,-0.265883276,0.222390586,-0.791738985,-0.340504299,1.057622262,0.118113713
0.79,-0.255568358,0.215342667,-0.800110427,-0.338118287,1.055678785,0.12277562
0.8,-0.245312019,0.208172427,-0.808339014,-0.335607433,1.053651033,0.127435005
0.81,-0.23511412,0.200885136,-0.81642387,-0.33297663,1.05153799,0.132091494
0.82,-0.224974318,0.193486045,-0.824364297,-0.330230725,1.049338615,0.136744679
0.83,-0.214891924,0.185980355,-0.832159886,-0.32737446,1.04705181,0.141394105
0.84,-0.204866154,0.17837325,-0.839810311,-0.324412545,1.044676465,0.146039295
0.85,-0.194895879,0.170669838,-0.847315534,-0.32134955,1.042211413,0.150679712
0.86,-0.184979849,0.162875194,-0.854675618,-0.318189988,1.039655467,0.155314793
0.87,-0.175116589,0.15499433,-0.861890811,-0.314938253,1.0370074,0.159943924
0.88,-0.16530441,0.147032183,-0.868961534,-0.311598617,1.034265944,0.164566434
0.89,-0.155541523,0.138993656,-0.875888293,-0.308175284,1.031429815,0.169181628
0.9,-0.14582588,0.13088355,-0.882671796,-0.304672274,1.028497676,0.173788724
0.91,-0.136155369,0.122706636,-0.889312807,-0.301093557,1.025468176,0.178386921
0.92,-0.126527678,0.114467592,-0.895812244,-0.297442929,1.022339922,0.182975337
0.93,-0.116940384,0.106171044,-0.90217111,-0.293724081,1.019111494,0.187553037
0.94,-0.107390962,0.097821562,-0.908390489,-0.289940599,1.015781451,0.192119037
0.95,-0.097876728,0.089423634,-0.914471582,-0.286095893,1.01234831,0.196672259
0.96,-0.088394963,0.080981722,-0.920415618,-0.282193323,1.008810581,0.201211602
0.97,-0.078942793,0.0725002,-0.92622394,-0.278236043,1.005166732,0.205735843
0.98,-0.069517295,0.06398341,-0.931897925,-0.274227127,1.00141522,0.210243717
0.99,-0.060115492,0.055435659,-0.937438992,-0.27016956,0.997554483,0.214733901
1,-0.050734295,0.046861183,-0.942848637,-0.266066116,0.993582931,0.219204933
1.01,-0.041370603,0.038264208,-0.948128366,-0.261919539,0.989498969,0.223655331
1.02,-0.032021256,0.029648919,-0.953279728,-0.257732424,0.985300984,0.228083504
1.03,-0.022683044,0.021019469,-0.958304306,-0.253507213,0.98098735,0.232487744
1.04,-0.013352752,0.012380004,-0.963203689,-0.24924632,0.97655644,0.236866316
1.05,-0.004027127,0.003734646,-0.967979493,-0.244951977,0.97200662,0.241217332
1.06,0.00529709,-0.00491249,-0.972633345,-0.240626327,0.967336255,0.245538817
1.07,0.014623161,-0.013557289,-0.977166873,-0.236271459,0.962543712,0.249828748
1.08,0.02395434,-0.022195633,-0.981581712,-0.231889282,0.957627372,0.254084915
1.09,0.033293875,-0.030823395,-0.985879497,-0.227481665,0.952585622,0.25830506
1.1,0.042644995,-0.039436439,-0.990061859,-0.223050384,0.947416863,0.262486823
1.11,0.05201088,-0.048030593,-0.994130414,-0.218597072,0.942119534,0.266627665
1.12,0.0613947,-0.056601676,-0.998086778,-0.214123341,0.936692078,0.270725017
1.13,0.070799561,-0.065145467,-1.001932547,-0.209630678,0.931132986,0.274776146
1.14,0.080228501,-0.073657697,-1.005669299,-0.20512048,0.925440798,0.278778177
1.15,0.089684545,-0.082134089,-1.009298606,-0.200594119,0.919614062,0.282728208
1.16,0.09917058,-0.090570279,-1.012822004,-0.196052828,0.913651424,0.286623107
1.17,0.108689419,-0.098961857,-1.016241008,-0.19149778,0.907551589,0.290459636
1.18,0.118243862,-0.107304404,-1.019557128,-0.186930133,0.901313266,0.294234537
1.19,0.127836522,-0.115593396,-1.022771829,-0.182350921,0.894935308,0.297944318
1.2,0.137469881,-0.12382424,-1.025886544,-0.177761108,0.888416663,0.301585348
1.21,0.147146413,-0.131992335,-1.028902703,-0.173161649,0.88175629,0.305153984
1.22,0.156868387,-0.140092983,-1.031821689,-0.168553409,0.874953302,0.308646391
1.23,0.166637859,-0.148121386,-1.034644842,-0.163937169,0.868006984,0.312058555
1.24,0.17645687,-0.156072742,-1.037373498,-0.159313709,0.860916628,0.315386451
1.25,0.186327268,-0.163942172,-1.040008953,-0.15468374,0.853681685,0.318625912
1.26,0.196250582,-0.17172468,-1.042552443,-0.150047891,0.846301861,0.321772572
1.27,0.206228313,-0.179415266,-1.0450052,-0.145406783,0.838776888,0.324822049
1.28,0.216261795,-0.187008874,-1.047368427,-0.140760996,0.831106633,0.32776987
1.29,0.226351939,-0.194500347,-1.049643254,-0.136111026,0.823291315,0.330611373
1.3,0.236499591,-0.201884513,-1.051830802,-0.131457359,0.815331211,0.333341872
1.31,0.246705473,-0.209156175,-1.053932172,-0.126800457,0.807226699,0.335956632
1.32,0.256969797,-0.216310066,-1.055948388,-0.122140707,0.798978591,0.338450773
1.33,0.267292645,-0.223340915,-1.057880455,-0.117478478,0.790587809,0.340819392
1.34,0.277673998,-0.230243437,-1.059729364,-0.112814126,0.782055366,0.343057564
1.35,0.288113317,-0.237012344,-1.061496034,-0.108147949,0.773382717,0.345160293
1.36,0.298609904,-0.243642357,-1.063181364,-0.103480224,0.76457146,0.347122581
1.37,0.309162833,-0.250128213,-1.064786221,-0.09881121,0.755623387,0.348939423
1.38,0.319770704,-0.256464712,-1.066311411,-0.094141123,0.746540707,0.350605836
1.39,0.330432027,-0.262646675,-1.067757732,-0.089470171,0.737325705,0.352116846
1.4,0.341144884,-0.26866902,-1.069125924,-0.084798529,0.727981041,0.353467549
1.41,0.351907028,-0.274526768,-1.07041669,-0.080126349,0.718509662,0.354653117
1.42,0.362716077,-0.280214984,-1.071630712,-0.075453775,0.708914635,0.355668759
1.43,0.373569114,-0.285728959,-1.072768609,-0.070780917,0.699199495,0.356509876
1.44,0.384463082,-0.291064056,-1.073830982,-0.066107878,0.6893679,0.357171934
1.45,0.39539461,-0.296215809,-1.07481839,-0.061434742,0.67942378,0.357650551
1.46,0.406359903,-0.301180032,-1.075731338,-0.056761573,0.669371435,0.357941605
1.47,0.417355084,-0.305952599,-1.076570323,-0.052088431,0.659215239,0.35804103
1.48,0.42837583,-0.31052975,-1.077335775,-0.047415355,0.648959945,0.357945106
1.49,0.439417605,-0.31490794,-1.078028098,-0.042742375,0.638610493,0.357650315
1.5,0.450475712,-0.319083787,-1.078647669,-0.038069513,0.628171957,0.3571533
1.51,0.461545058,-0.323054403,-1.079194802,-0.033396777,0.617649743,0.35645118
1.52,0.472620476,-0.326817007,-1.079669796,-0.028724172,0.607049319,0.355541179
1.53,0.483696547,-0.33036922,-1.080072902,-0.024051693,0.596376355,0.354420912
1.54,0.49476764,-0.333709084,-1.080404326,-0.019379327,0.585636687,0.35308841
1.55,0.505828066,-0.336834762,-1.080664259,-0.01470706,0.574836193,0.351541822
1.56,0.516871919,-0.33974503,-1.080852826,-0.010034872,0.563980907,0.349779902
1.57,0.527893233,-0.342438887,-1.080970131,-0.005362739,0.553076898,0.347801626
1.58,0.538885971,-0.344915648,-1.081016244,-0.000690637,0.542130273,0.345606285
1.59,0.549844022,-0.347175222,-1.080991176,0.003981462,0.531147154,0.34319376
1.6,0.560761271,-0.349217638,-1.080894924,0.008653583,0.520133654,0.340564056
1.61,0.5716316,-0.351043467,-1.080727434,0.013325752,0.509095834,0.337717715
1.62,0.582448919,-0.352653583,-1.080488616,0.017997993,0.498039697,0.33465559
1.63,0.5932072,-0.354049244,-1.080178344,0.022670327,0.486971145,0.331378916
1.64,0.603900497,-0.355232074,-1.079796452,0.027342772,0.475895956,0.327889302
1.65,0.61452296,-0.356204002,-1.079342739,0.032015339,0.464819779,0.324188663
1.66,0.625068895,-0.356967356,-1.078816961,0.036688035,0.453748066,0.32027932
1.67,0.635532717,-0.357524694,-1.078218843,0.041360861,0.442686126,0.316163832
1.68,0.645909071,-0.357878977,-1.077548063,0.046033807,0.431638992,0.31184517
1.69,0.65619272,-0.358033344,-1.076804274,0.050706858,0.420611554,0.307326486
1.7,0.666378718,-0.357991305,-1.075987075,0.055379984,0.409608357,0.302611321
1.71,0.676462246,-0.357756512,-1.075096043,0.06005315,0.398633796,0.297703362
1.72,0.68643882,-0.357332936,-1.074130701,0.064726301,0.387691882,0.292606635
1.73,0.696304099,-0.35672467,-1.073090551,0.069399377,0.376786452,0.287325292
1.74,0.70605409,-0.355936051,-1.071975041,0.074072297,0.365920952,0.281863754
1.75,0.715684978,-0.354971531,-1.070783594,0.078744967,0.355098616,0.276226564
1.76,0.725193275,-0.353835727,-1.069515585,0.083417275,0.34432231,0.270418452
1.77,0.734575719,-0.352533358,-1.068170357,0.088089092,0.333594637,0.264444267
1.78,0.743829336,-0.351069242,-1.066747214,0.092760266,0.322917878,0.258308976
1.79,0.752951419,-0.349448274,-1.065245419,0.097430627,0.312294,0.252017647
1.8,0.761939504,-0.347675398,-1.063664204,0.102099982,0.301724699,0.245575416
1.81,0.770791434,-0.345755601,-1.062002753,0.10676811,0.291211318,0.23898749
1.82,0.779505243,-0.343693882,-1.060260224,0.111434773,0.280754981,0.232259109
1.83,0.788079295,-0.341495245,-1.058435726,0.116099695,0.270356431,0.22539555
1.84,0.796512108,-0.339164681,-1.056528343,0.120762582,0.260016235,0.218402099
1.85,0.80480253,-0.336707143,-1.054537107,0.125423099,0.249734577,0.211284044
1.86,0.81294954,-0.334127559,-1.052461029,0.13008089,0.239511489,0.204046668
1.87,0.820952427,-0.331430776,-1.050299067,0.134735553,0.229346641,0.196695224
1.88,0.8288106,-0.328621608,-1.04805016,0.139386663,0.21923956,0.189234945
1.89,0.836523746,-0.325704755,-1.045713193,0.144033743,0.209189447,0.181671012
1.9,0.844091686,-0.322684861,-1.043287027,0.148676289,0.199195341,0.174008572
1.91,0.851514422,-0.319566472,-1.040770487,0.153313751,0.189256065,0.166252721
1.92,0.858792168,-0.316354007,-1.038162354,0.157945525,0.179370186,0.158408482
1.93,0.865925214,-0.313051834,-1.035461391,0.162570985,0.169536177,0.150480849
1.94,0.872914085,-0.30966414,-1.032666309,0.167189425,0.159752224,0.142474715
1.95,0.879759367,-0.306195061,-1.0297758,0.171800117,0.150016433,0.134394944
1.96,0.886461813,-0.302648573,-1.026788518,0.176402263,0.140326704,0.12624631
1.97,0.893022287,-0.299028538,-1.023703083,0.18099501,0.130680797,0.118033528
1.98,0.899441727,-0.295338726,-1.020518098,0.185577463,0.121076371,0.109761263
1.99,0.905721219,-0.291582722,-1.017232117,0.190148636,0.111510897,0.101434086
2,0.911861883,-0.287764059,-1.013843686,0.194707517,0.101981803,0.093056541
2.01,0.917864958,-0.283886079,-1.010351311,0.199252993,0.092486352,0.084633086
2.02,0.923731734,-0.279952041,-1.00675348,0.203783904,0.083021746,0.076168137
2.03,0.929463561,-0.275965076,-1.003048659,0.208299017,0.073585098,0.067666059
2.04,0.935061862,-0.271928157,-0.999235286,0.212797001,0.064173424,0.059131156
2.05,0.940528082,-0.267844201,-0.995311789,0.217276491,0.054783707,0.050567709
2.06,0.945863735,-0.26371593,-0.991276572,0.22173599,0.045412837,0.04197994
2.07,0.951070347,-0.25954602,-0.987128029,0.226173967,0.036057682,0.033372054
2.08,0.956149486,-0.255336994,-0.982864543,0.230588775,0.026715057,0.024748218
2.09,0.961102747,-0.251091215,-0.978484482,0.234978641,0.017381735,0.016112574
2.1,0.965931729,-0.246811038,-0.973986217,0.239341781,0.008054487,0.007469256
2.11,0.970638053,-0.242498685,-0.969368111,0.243676298,-0.001269941,-0.001177613
2.12,0.975223349,-0.238156185,-0.964628535,0.247980107,-0.010594814,-0.009823922
2.13,0.979689252,-0.23378555,-0.959765861,0.252251105,-0.01992339,-0.018465555
2.14,0.984037396,-0.229388728,-0.954778464,0.256487125,-0.029258931,-0.027098397
2.15,0.98826941,-0.22496746,-0.949664753,0.260685763,-0.038604657,-0.035718303
2.16,0.992386919,-0.220523446,-0.944423147,0.264844565,-0.047963772,-0.044321119
2.17,0.996391546,-0.216058362,-0.939052071,0.268961048,-0.057339475,-0.052902686
2.18,1.000284889,-0.211573708,-0.93355001,0.273032492,-0.066734879,-0.061458785
2.19,1.004068532,-0.207070903,-0.927915488,0.277056065,-0.076153043,-0.069985161
2.2,1.007744055,-0.202551364,-0.922147034,0.281028922,-0.085597021,-0.078477558
2.21,1.011313011,-0.198016381,-0.916243247,0.28494803,-0.095069764,-0.086931649
2.22,1.014776918,-0.193467132,-0.910202825,0.288810163,-0.104574094,-0.095343032
2.23,1.018137291,-0.18890479,-0.904024467,0.292612086,-0.114112824,-0.103707296
2.24,1.021395622,-0.184330458,-0.897706941,0.296350439,-0.123688681,-0.112019981
2.25,1.024553348,-0.179745109,-0.891249181,0.30002161,-0.133304167,-0.120276501
2.26,1.027611899,-0.1751497,-0.884650148,0.303621957,-0.142961751,-0.128472257
2.27,1.030572691,-0.170545157,-0.877908844,0.307147776,-0.152663847,-0.136602619
2.28,1.033437074,-0.165932283,-0.871024503,0.310595098,-0.162412571,-0.144662815
2.29,1.036206381,-0.161311847,-0.863996444,0.313959879,-0.172209936,-0.152648032
2.3,1.038881934,-0.156684607,-0.856824,0.317238054,-0.182057934,-0.160553447
2.31,1.041464998,-0.152051229,-0.849506762,0.320425341,-0.191958236,-0.168374113
2.32,1.043956795,-0.147412319,-0.842044505,0.32351733,-0.20191229,-0.176105011
2.33,1.046358544,-0.142768482,-0.834437012,0.326509603,-0.211921532,-0.183741121
2.34,1.048671419,-0.138120265,-0.826684287,0.329397606,-0.221987132,-0.191277341
2.35,1.050896531,-0.133468141,-0.818786661,0.332176628,-0.23210987,-0.198708488
2.36,1.053034985,-0.128812578,-0.810744487,0.33484195,-0.242290498,-0.206029372
2.37,1.055087859,-0.124154016,-0.802558265,0.337388788,-0.252529594,-0.213234772
2.38,1.057056154,-0.119492819,-0.794228949,0.339812227,-0.262827205,-0.220319408
2.39,1.058940857,-0.11482934,-0.785757579,0.342107339,-0.273183278,-0.227277999
2.4,1.060742941,-0.11016392,-0.777145264,0.344269175,-0.283597677,-0.234105256
2.41,1.062463301,-0.105496836,-0.768393615,0.346292731,-0.294069686,-0.240795895
2.42,1.064102803,-0.100828344,-0.759504451,0.348173004,-0.304598351,-0.24734466
2.43,1.065662306,-0.096158696,-0.750479618,0.349904989,-0.315182688,-0.253746292
2.44,1.067142607,-0.0914881,-0.741321396,0.351483707,-0.325821211,-0.259995607
2.45,1.068544448,-0.086816732,-0.732032443,0.352904254,-0.336512004,-0.266087522
2.46,1.069868568,-0.082144766,-0.722615433,0.354161731,-0.347253135,-0.272016965
2.47,1.071115666,-0.077472352,-0.71307334,0.355251309,-0.358042326,-0.277778958
2.48,1.072286365,-0.072799602,-0.703409657,0.356168371,-0.368876707,-0.283368768
2.49,1.073381281,-0.068126628,-0.69362793,0.356908327,-0.37975335,-0.288781699
2.5,1.074401008,-0.063453528,-0.683731859,0.357466657,-0.390669149,-0.294013129
2.51,1.075346059,-0.058780367,-0.673725703,0.3578392,-0.401620355,-0.299058833
2.52,1.076216924,-0.054107206,-0.663613851,0.35802191,-0.412603073,-0.303914704
2.53,1.077014088,-0.049434098,-0.653400747,0.358010776,-0.423613341,-0.308576678
2.54,1.077737957,-0.044761076,-0.6430913,0.357802234,-0.434646657,-0.313041159
2.55,1.0783889,-0.040088159,-0.632690639,0.357393003,-0.445698261,-0.317304844
2.56,1.07896728,-0.035415368,-0.622203909,0.356779825,-0.456763371,-0.321364457
2.57,1.079473403,-0.030742708,-0.611636554,0.355959877,-0.467836849,-0.325217169
2.58,1.079907524,-0.026070174,-0.600994233,0.354930744,-0.478913291,-0.328860569
2.59,1.08026989,-0.021397762,-0.590282639,0.353690091,-0.48998725,-0.332292329
2.6,1.080560682,-0.016725455,-0.579507676,0.352236144,-0.501053006,-0.335510689
2.61,1.080780053,-0.012053235,-0.568675319,0.350567412,-0.512104734,-0.338514176
2.62,1.080928134,-0.007381082,-0.557791596,0.34868261,-0.523136538,-0.341301527
2.63,1.081004987,-0.00270897,-0.54686262,0.3465811,-0.534142367,-0.34387213
2.64,1.081010662,0.001963127,-0.53589451,0.344262385,-0.545116152,-0.346225511
2.65,1.080945165,0.006635235,-0.524893384,0.341726383,-0.55605178,-0.348361617
2.66,1.080808448,0.01130738,-0.513865317,0.338973556,-0.56694313,-0.350280935
2.67,1.080600453,0.015979587,-0.502816366,0.336004464,-0.577784087,-0.351984051
2.68,1.080321063,0.020651879,-0.491752459,0.33282026,-0.588568604,-0.353472139
2.69,1.079970123,0.025324274,-0.480679418,0.329422425,-0.599290705,-0.354746699
2.7,1.079547462,0.029996788,-0.469603003,0.32581262,-0.609944459,-0.355809407
2.71,1.07905284,0.034669428,-0.458528693,0.321993116,-0.620524147,-0.356662544
2.72,1.078486001,0.039342198,-0.447461884,0.31796633,-0.631024118,-0.357308528
2.73,1.077846651,0.044015095,-0.436407773,0.313734997,-0.641438879,-0.357750092
2.74,1.077134437,0.048688102,-0.425371218,0.309302311,-0.651763219,-0.357990413
2.75,1.076348997,0.053361201,-0.414357017,0.304671538,-0.66199198,-0.358032739
2.76,1.075489911,0.058034355,-0.403369583,0.29984635,-0.672120329,-0.357880705
2.77,1.074556721,0.062707519,-0.392413053,0.294830664,-0.682143667,-0.357538183
2.78,1.07354895,0.067380638,-0.381491452,0.289628496,-0.692057498,-0.357009134
2.79,1.072466057,0.072053636,-0.370608286,0.284244227,-0.701857771,-0.356297863
2.8,1.071307479,0.076726426,-0.359766915,0.278682329,-0.711540564,-0.355408755
2.81,1.07007262,0.081398908,-0.348970428,0.272947423,-0.721102192,-0.354346331
2.82,1.068760824,0.086070953,-0.338221424,0.267044359,-0.7305394,-0.353115312
2.83,1.067371422,0.090742425,-0.327522423,0.26097802,-0.739848999,-0.351720445
2.84,1.065903692,0.095413162,-0.316875505,0.254753439,-0.749028188,-0.350166601
2.85,1.064356872,0.100082974,-0.306282408,0.248375743,-0.758074464,-0.348458717
2.86,1.062730181,0.104751664,-0.295744761,0.241850085,-0.766985421,-0.346601749
2.87,1.061022776,0.109418991,-0.285263668,0.235181707,-0.775759108,-0.344600699
2.88,1.05923379,0.114084699,-0.274840062,0.228375872,-0.784393727,-0.342460571
2.89,1.057362325,0.118748508,-0.264474652,0.22143786,-0.792887673,-0.340186367
2.9,1.055407423,0.123410089,-0.254167681,0.21437296,-0.801239742,-0.337783049
2.91,1.053368113,0.128069105,-0.243919319,0.20718646,-0.809448794,-0.335255565
2.92,1.051243377,0.132725173,-0.233729391,0.199883629,-0.817513986,-0.332608802
2.93,1.04903215,0.137377868,-0.223597411,0.192469699,-0.825434739,-0.329847567
2.94,1.046733357,0.142026753,-0.213522822,0.184949892,-0.833210535,-0.326976645
2.95,1.04434586,0.146671324,-0.20350467,0.177329358,-0.84084119,-0.324000683
2.96,1.041868495,0.151311048,-0.193541853,0.169613213,-0.848326642,-0.32092426
2.97,1.039300077,0.155945362,-0.183633127,0.161806532,-0.85566695,-0.317751894
2.98,1.03663936,0.160573627,-0.173776912,0.153914293,-0.862862449,-0.314487921
2.99,1.033885087,0.165195188,-0.163971568,0.145941453,-0.869913519,-0.311136641
3,1.031035959,0.169809327,-0.154215243,0.137892891,-0.876820715,-0.307702217
3.01,1.028090635,0.174415258,-0.144505871,0.129773395,-0.883584765,-0.304188653
3.02,1.025047767,0.179012179,-0.134841339,0.12158774,-0.890206428,-0.30059992
3.03,1.021905952,0.183599194,-0.125219302,0.113340589,-0.89668665,-0.296939783
3.04,1.018663765,0.188175357,-0.115637312,0.105036553,-0.903026453,-0.293211909
3.05,1.015319767,0.192739686,-0.106092851,0.096680207,-0.909226916,-0.289419894
3.06,1.011872467,0.197291087,-0.096583208,0.088276022,-0.91528926,-0.285567109
3.07,1.008320369,0.201828437,-0.087105634,0.079828445,-0.921214735,-0.281656882
3.08,1.004661949,0.206350536,-0.077657283,0.071341866,-0.927004665,-0.277692402
3.09,1.000895649,0.210856078,-0.068235191,0.0628206,-0.932660458,-0.273676678
3.1,0.99701991,0.215343741,-0.058836378,0.054268954,-0.938183532,-0.269612695
3.11,0.993033142,0.219812071,-0.049457763,0.045691168,-0.943575379,-0.265503239
3.12,0.98893374,0.224259521,-0.040096207,0.037091442,-0.948837533,-0.261350963
3.13,0.984720095,0.228684534,-0.030748565,0.028473973,-0.95397153,-0.257158507
3.14,0.980390583,0.23308541,-0.021411632,0.019842916,-0.958978951,-0.252928325
3.15,0.97594357,0.23746032,-0.012082166,0.011202398,-0.963861404,-0.248662718
3.16,0.971377424,0.241807427,-0.002756925,0.00255655,-0.968620499,-0.244363976
3.17,0.966690509,0.246124768,0.00656735,-0.006090515,-0.973257859,-0.240034254
3.18,0.961881199,0.250410209,0.015893921,-0.01473468,-0.977775119,-0.235675529
3.19,0.956947869,0.254661599,0.025226045,-0.02337183,-0.982173915,-0.231289769
3.2,0.951888905,0.258876688,0.034566974,-0.031997841,-0.986455879,-0.226878847
3.21,0.946702727,0.26305301,0.043919911,-0.040608558,-0.990622638,-0.222444453
3.22,0.941387763,0.267188076,0.053288049,-0.049199818,-0.994675811,-0.217988258
3.23,0.935942455,0.271279317,0.062674561,-0.057767444,-0.998617015,-0.213511872
3.24,0.930365319,0.275323923,0.072082518,-0.06630719,-1.002447837,-0.209016733
3.25,0.92465489,0.279319036,0.081514966,-0.074814791,-1.006169856,-0.204504244
3.26,0.918809717,0.283261746,0.090974926,-0.083285969,-1.009784643,-0.199975776
3.27,0.912828464,0.287148887,0.100465264,-0.091716346,-1.013293728,-0.195432541
3.28,0.906709837,0.290977216,0.109988787,-0.100101509,-1.016698624,-0.190875707
3.29,0.900452556,0.294743457,0.119548284,-0.108437033,-1.020000841,-0.186306424
3.3,0.894055492,0.298444088,0.129146342,-0.116718379,-1.023201834,-0.18172571
3.31,0.8875176,0.302075473,0.138785436,-0.12494095,-1.026303036,-0.177134524
3.32,0.880837846,0.305633958,0.148468027,-0.13310014,-1.029305873,-0.172533818
3.33,0.874015373,0.309115672,0.15819635,-0.141191232,-1.032211723,-0.16792444
3.34,0.867049472,0.312516595,0.167972449,-0.149209426,-1.035021922,-0.163307169
3.35,0.859939445,0.315832696,0.177798357,-0.157149916,-1.037737802,-0.15868278
3.36,0.85268478,0.319059773,0.187675873,-0.165007801,-1.040360653,-0.154051972
3.37,0.845285197,0.322193453,0.19760651,-0.172778085,-1.042891707,-0.149415368
3.38,0.837740433,0.325229351,0.207591763,-0.180455763,-1.045332196,-0.144773588
3.39,0.8300504,0.328162965,0.21763291,-0.188035765,-1.04768331,-0.1401272
3.4,0.822215342,0.330989622,0.227730836,-0.195512927,-1.049946178,-0.135476695
3.41,0.814235535,0.333704637,0.237886384,-0.202882078,-1.05212192,-0.13082256
3.42,0.806111408,0.336303255,0.248100218,-0.210138009,-1.054211626,-0.126165246
3.43,0.79784381,0.338780585,0.258372505,-0.217275452,-1.056216315,-0.121505134
3.44,0.789433664,0.341131726,0.268703329,-0.224289133,-1.058136993,-0.116842593
3.45,0.780882005,0.343351743,0.27909264,-0.231173766,-1.059974645,-0.112177977
3.46,0.772190362,0.345435636,0.289539819,-0.237924064,-1.061730181,-0.107511572
3.47,0.763360393,0.347378406,0.300044095,-0.244534755,-1.063404488,-0.102843651
3.48,0.754393836,0.349175045,0.310604607,-0.251000567,-1.064998443,-0.098174478
3.49,0.745292943,0.350820573,0.321219903,-0.257316309,-1.066512846,-0.093504263
3.5,0.73606018,0.352310047,0.331888287,-0.263476848,-1.067948467,-0.0888332
3.51,0.726698062,0.353638531,0.342608007,-0.269477056,-1.069306069,-0.084161474
3.52,0.717209588,0.354801207,0.353376757,-0.275311971,-1.070586345,-0.079489236
3.53,0.707598065,0.355793378,0.364191881,-0.280976769,-1.071789946,-0.07481661
3.54,0.697866823,0.356610355,0.375050696,-0.286466634,-1.072917518,-0.070143721
3.55,0.68801961,0.357247644,0.38595004,-0.291776979,-1.07396965,-0.065470665
3.56,0.678060549,0.357700994,0.396886323,-0.296903478,-1.074946872,-0.060797516
3.57,0.667993784,0.357966167,0.40785593,-0.301841821,-1.075849714,-0.056124347
3.58,0.657823774,0.358039164,0.418854883,-0.306587953,-1.076678657,-0.051451211
3.59,0.647555383,0.357916379,0.429878733,-0.311138235,-1.077434116,-0.046778144
3.6,0.637193502,0.357594244,0.440922998,-0.315489067,-1.078116501,-0.042105177
3.61,0.626743229,0.357069422,0.451982957,-0.319637091,-1.078726185,-0.037432331
3.62,0.616210031,0.356339134,0.463053439,-0.323579523,-1.07926347,-0.032759611
3.63,0.605599417,0.355400685,0.474129228,-0.327313664,-1.079728645,-0.028087021
3.64,0.594917014,0.354251601,0.485204959,-0.330837045,-1.080121972,-0.023414557
3.65,0.584168703,0.352890024,0.496274941,-0.33414782,-1.080443644,-0.018742204
3.66,0.573360395,0.351314208,0.507333444,-0.33724426,-1.08069384,-0.014069948
3.67,0.562498107,0.349522832,0.518374585,-0.340125065,-1.080872693,-0.009397767
3.68,0.551587931,0.347515044,0.529392358,-0.342789405,-1.080980289,-0.004725639
3.69,0.540635973,0.345290121,0.540380727,-0.345236584,-1.0810167,-5.35376E-05
3.7,0.529648354,0.342847976,0.55133358,-0.347466539,-1.080981934,0.004618563
3.71,0.51863118,0.34018875,0.562244794,-0.34947944,-1.080875974,0.009290691
3.72,0.507590522,0.337312915,0.57310825,-0.351275785,-1.080698772,0.01396287
3.73,0.496532336,0.334221521,0.583917884,-0.352856644,-1.08045022,0.018635123
3.74,0.485462547,0.330915725,0.594667652,-0.354223198,-1.080130199,0.023307473
3.75,0.474386898,0.32739723,0.605351634,-0.355377165,-1.079738532,0.027979935
3.76,0.46331099,0.323668059,0.615964018,-0.356320579,-1.079275007,0.03265252
3.77,0.452240326,0.319730433,0.626499065,-0.357055669,-1.078739391,0.037325236
3.78,0.441180085,0.315587121,0.6369513,-0.3575852,-1.078131386,0.041998079
3.79,0.430135362,0.311241008,0.647315317,-0.357912049,-1.077450678,0.046671042
3.8,0.419110965,0.306695342,0.657585943,-0.358039447,-1.076696908,0.051344105
3.81,0.408111397,0.301953707,0.667758271,-0.357970947,-1.075869669,0.056017239
3.82,0.397141064,0.297019785,0.677827475,-0.357710193,-1.074968539,0.060690408
3.83,0.386203902,0.291897657,0.68778913,-0.35726121,-1.073993032,0.065363554
3.84,0.375303685,0.286591523,0.697638955,-0.356628136,-1.07294264,0.070036613
3.85,0.364443917,0.281105766,0.707372903,-0.355815274,-1.071816819,0.074709507
3.86,0.353627648,0.27544503,0.716987322,-0.354827164,-1.070614969,0.079382134
3.87,0.342857839,0.269614001,0.726478639,-0.353668386,-1.069336477,0.084054385
3.88,0.332136976,0.263617574,0.735843696,-0.352343698,-1.067980672,0.088726124
3.89,0.321467278,0.257460738,0.745079571,-0.350857934,-1.066546849,0.093397196
3.9,0.310850776,0.251148542,0.754183504,-0.349215978,-1.06503428,0.098067435
3.91,0.300288988,0.244686163,0.763153185,-0.347422798,-1.063442173,0.102736635
3.92,0.289783327,0.238078796,0.771986397,-0.345483376,-1.061769724,0.10740458
3.93,0.279334826,0.231331691,0.780681251,-0.343402714,-1.060016077,0.112071023
3.94,0.268944177,0.224450128,0.789236157,-0.341185812,-1.058180334,0.116735684
3.95,0.258611959,0.217439395,0.797649621,-0.338837666,-1.056261581,0.121398271
3.96,0.248338285,0.210304778,0.805920555,-0.336363216,-1.05425884,0.126058439
3.97,0.238123128,0.203051555,0.814047987,-0.33376738,-1.052171115,0.130715825
3.98,0.227966211,0.195684984,0.82203116,-0.331055019,-1.049997371,0.135370034
3.99,0.217866901,0.188210277,0.82986962,-0.328230894,-1.047736521,0.140020618
4,0.207824493,0.18063263,0.837562974,-0.325299745,-1.045387467,0.144667115
4.01,0.197837931,0.172957171,0.845111122,-0.322266173,-1.042949054,0.149309002
4.02,0.187905987,0.16518898,0.852514111,-0.3191347,-1.040420098,0.153945719
4.03,0.178027297,0.157333103,0.859772094,-0.315909783,-1.037799392,0.15857668
4.04,0.168200185,0.149394482,0.866885486,-0.3125957,-1.035085671,0.163201218
4.05,0.158422914,0.14137804,0.873854748,-0.30919669,-1.032277662,0.16781865
4.06,0.148693524,0.133288613,0.88068052,-0.30571684,-1.029374044,0.172428227
4.07,0.139009878,0.12513096,0.887363584,-0.302160097,-1.026373461,0.177029137
4.08,0.129369782,0.116909817,0.893904765,-0.298530364,-1.023274547,0.181620547
4.09,0.119770798,0.108629802,0.90030508,-0.294831319,-1.020075879,0.186201517
4.1,0.110210421,0.100295497,0.906565597,-0.291066568,-1.016776018,0.190771072
4.11,0.100686076,0.091911446,0.912687434,-0.287239645,-1.01337351,0.195328199
4.12,0.091194988,0.083482082,0.918671863,-0.283353842,-1.009866851,0.19987176
4.13,0.081734346,0.075011817,0.924520179,-0.279412401,-1.006254526,0.204400584
4.14,0.072301278,0.066505024,0.930233725,-0.275418475,-1.002535003,0.208913451
4.15,0.062892769,0.057965986,0.935813943,-0.271374984,-0.998706713,0.213408999
4.16,0.053505787,0.049398975,0.941262293,-0.267284814,-0.99476808,0.217885839
4.17,0.044137245,0.040808229,0.946580269,-0.263150744,-0.990717513,0.222342515
4.18,0.034783973,0.032197925,0.951769425,-0.258975341,-0.986553398,0.226777416
4.19,0.025442792,0.023572237,0.956831325,-0.254761147,-0.982274117,0.23118891
4.2,0.016110487,0.014935313,0.961767554,-0.250510585,-0.977878042,0.235575272
4.21,0.006783809,0.006291274,0.96657973,-0.246225894,-0.973363539,0.239934619
4.22,-0.002540497,-0.002355757,0.97126947,-0.241909291,-0.968728974,0.244265048
4.23,-0.011865692,-0.011001668,0.975838404,-0.237562869,-0.963972712,0.248564537
4.24,-0.021195032,-0.019642341,0.980288166,-0.233188562,-0.959093134,0.252830903
4.25,-0.030531774,-0.028273656,0.984620392,-0.228788288,-0.954088618,0.257061944
4.26,-0.039879149,-0.036891477,0.988836712,-0.224363837,-0.948957563,0.261255314
4.27,-0.049240347,-0.045491641,0.992938747,-0.219916866,-0.943698401,0.265408507
4.28,-0.058618552,-0.054069977,0.996928117,-0.21544902,-0.938309564,0.269518997
4.29,-0.068016888,-0.062622273,1.000806422,-0.210961813,-0.932789534,0.273584086
4.3,-0.077438402,-0.071144269,1.004575242,-0.206456654,-0.92713684,0.277600924
4.31,-0.086886142,-0.079631701,1.008236158,-0.201934944,-0.921350016,0.281566645
4.32,-0.096363038,-0.088080232,1.011790715,-0.197397955,-0.915427677,0.285478187
4.33,-0.105871898,-0.096485449,1.015240427,-0.192846856,-0.909368529,0.289332305
4.34,-0.115415527,-0.104842939,1.018586808,-0.188282811,-0.903171281,0.29312575
4.35,-0.124996655,-0.11314824,1.02183135,-0.183706928,-0.896834695,0.296855167
4.36,-0.134617758,-0.121396756,1.024975484,-0.179120162,-0.890357726,0.300516918
4.37,-0.144281263,-0.129583864,1.02802063,-0.174523451,-0.883739367,0.304107315
4.38,-0.153989581,-0.137704933,1.030968204,-0.16991772,-0.876978623,0.307622653
4.39,-0.163744862,-0.145755206,1.033819564,-0.165303784,-0.870074702,0.31105899
4.4,-0.173549032,-0.153729834,1.036576022,-0.160682382,-0.86302699,0.314412217
4.41,-0.183404012,-0.161623967,1.03923889,-0.156054254,-0.855834878,0.317678221
4.42,-0.193311596,-0.1694327,1.041809453,-0.151420094,-0.848497858,0.320852794
4.43,-0.203273151,-0.17715099,1.04428892,-0.146780491,-0.841015768,0.323931481
4.44,-0.21328996,-0.184773769,1.046678483,-0.142136016,-0.833388523,0.326909786
4.45,-0.223363279,-0.192295964,1.04897933,-0.137487234,-0.825616051,0.329783198
4.46,-0.233493968,-0.1997124,1.051192585,-0.13283463,-0.817698618,0.33254703
4.47,-0.243682541,-0.207017851,1.053319317,-0.128178634,-0.809636776,0.335196486
4.48,-0.253929504,-0.214207089,1.055360593,-0.123519677,-0.801431089,0.337726766
4.49,-0.264235184,-0.221274855,1.057317453,-0.11885816,-0.79308227,0.340133015
4.5,-0.274599308,-0.228215856,1.059190854,-0.114194407,-0.784591546,0.342410263
4.51,-0.28502148,-0.235024806,1.060981733,-0.109528731,-0.775960254,0.344553537
4.52,-0.295501273,-0.241696412,1.062691026,-0.10486144,-0.767189753,0.346557852
4.53,-0.306037743,-0.248225407,1.064319597,-0.10019279,-0.758281854,0.348418197
4.54,-0.316629503,-0.254606594,1.065868256,-0.095522997,-0.749238753,0.35012959
4.55,-0.327275151,-0.260834778,1.067337808,-0.090852276,-0.740062657,0.351687054
4.56,-0.337973034,-0.266904812,1.068729029,-0.086180824,-0.730755996,0.353085636
4.57,-0.348720873,-0.27281172,1.070042617,-0.08150879,-0.721321744,0.354320509
4.58,-0.359516302,-0.278550563,1.071279257,-0.076836318,-0.711762954,0.35538688
4.59,-0.370356705,-0.284116497,1.072439604,-0.072163536,-0.702082899,0.356280033
4.6,-0.381238916,-0.289504939,1.073524246,-0.067490541,-0.69228533,0.35699548
4.61,-0.392159692,-0.294711353,1.074533758,-0.062817425,-0.682374067,0.357528778
4.62,-0.403115472,-0.299731389,1.075468678,-0.058144263,-0.672353206,0.357875652
4.63,-0.414102227,-0.304561038,1.076329479,-0.053471107,-0.662227252,0.358032145
4.64,-0.425115875,-0.309196336,1.077116627,-0.048798008,-0.652000752,0.357994344
4.65,-0.436151977,-0.313633633,1.077830539,-0.044124999,-0.641678562,0.357758632
4.66,-0.447205738,-0.317869664,1.078471578,-0.039452099,-0.63126584,0.357321763
4.67,-0.458272317,-0.321901212,1.079040098,-0.034779326,-0.620767781,0.356680538
4.68,-0.46934653,-0.325725519,1.079536397,-0.030106683,-0.610189867,0.355832202
4.69,-0.48042296,-0.329340208,1.079960726,-0.025434166,-0.599537766,0.354774373
4.7,-0.491496146,-0.332742972,1.08031333,-0.020761768,-0.588817183,0.35350474
4.71,-0.502560349,-0.335932099,1.080594385,-0.016089474,-0.578034035,0.352021573
4.72,-0.513609713,-0.338906209,1.080804033,-0.011417264,-0.567194321,0.350323474
4.73,-0.524638338,-0.34166404,1.080942406,-0.006745118,-0.556304067,0.348409158
4.74,-0.535640169,-0.344205015,1.081009562,-0.002073008,-0.545369392,0.346278023
4.75,-0.546609118,-0.346528817,1.081005534,0.002599089,-0.534396416,0.343929729
4.76,-0.557539075,-0.348635312,1.080930339,0.007271201,-0.523391264,0.34136411
4.77,-0.56842392,-0.350525076,1.080783918,0.011943354,-0.512359998,0.338581722
4.78,-0.579257555,-0.35219887,1.080566195,0.016615573,-0.50130864,0.335583297
4.79,-0.590033907,-0.353657703,1.08027707,0.021287879,-0.490243164,0.332369824
4.8,-0.600747041,-0.354903257,1.079916371,0.02596029,-0.47916933,0.328942966
4.81,-0.611391064,-0.35593732,1.079483911,0.030632821,-0.468092847,0.325304499
4.82,-0.621960188,-0.356762,1.078979473,0.035305481,-0.457019285,0.321456518
4.83,-0.632448881,-0.357379962,1.078402769,0.03997827,-0.445953889,0.317401692
4.84,-0.64285165,-0.357793936,1.077753507,0.044651183,-0.434901857,0.313142752
4.85,-0.653163215,-0.358007001,1.077031346,0.049324208,-0.423868131,0.308682793
4.86,-0.663378614,-0.358022649,1.07623589,0.053997316,-0.412857276,0.304025334
4.87,-0.673492924,-0.357844419,1.075366732,0.058670476,-0.401873809,0.299173944
4.88,-0.683501545,-0.357476181,1.074423416,0.063343641,-0.390921871,0.29413254
4.89,-0.6934002,-0.356922076,1.073405431,0.068016746,-0.380005231,0.28890533
4.9,-0.703184662,-0.356186282,1.072312262,0.072689725,-0.369127601,0.283496558
4.91,-0.712851119,-0.355273253,1.071143331,0.077362483,-0.358292211,0.277910771
4.92,-0.722396049,-0.354187592,1.069898017,0.08203491,-0.347501968,0.272152681
4.93,-0.731815993,-0.352933932,1.068575693,0.086706891,-0.3367597,0.266227041
4.94,-0.741107977,-0.351517098,1.06717566,0.091378275,-0.326067683,0.260138823
4.95,-0.750269247,-0.349941969,1.065697191,0.096048894,-0.315427944,0.253893075
4.96,-0.759297151,-0.348213455,1.064139541,0.100718574,-0.30484239,0.247494882
4.97,-0.768189535,-0.346336545,1.062501898,0.105387092,-0.294312363,0.240949453
4.98,-0.776944397,-0.344316237,1.060783423,0.110054214,-0.283839026,0.234262023
4.99,-0.785559878,-0.342157536,1.058983258,0.114719688,-0.27342338,0.227437848
5,-0.794034588,-0.339865428,1.057100474,0.119383211,-0.263065886,0.220482217
5.01,-0.802367228,-0.337444887,1.055134126,0.124044465,-0.252766897,0.213400422
5.02,-0.810556687,-0.334900858,1.053083239,0.128703109,-0.242526552,0.206197749
5.03,-0.81860225,-0.332238193,1.050946774,0.133358741,-0.232344524,0.198879452
5.04,-0.82650326,-0.329461724,1.04872368,0.138010948,-0.222220419,0.191450776
5.05,-0.83425927,-0.326576209,1.046412867,0.14265928,-0.212153596,0.18391693
5.06,-0.841870149,-0.32358627,1.044013187,0.147303221,-0.202143038,0.176283049
5.07,-0.849335799,-0.320496505,1.041523486,0.151942246,-0.192187687,0.168554259
5.08,-0.856656344,-0.317311393,1.038942563,0.156575778,-0.182286219,0.160735615
5.09,-0.863832136,-0.314035256,1.036269167,0.161203169,-0.172437031,0.152832087
5.1,-0.870863555,-0.310672398,1.033502044,0.165823765,-0.162638489,0.144848632
5.11,-0.87775119,-0.307226949,1.030639885,0.170436837,-0.152888695,0.136790112
5.12,-0.884495786,-0.303702898,1.027681346,0.17504159,-0.14318556,0.128661308
5.13,-0.891098112,-0.300104205,1.024625074,0.179637217,-0.133526962,0.120466988
5.14,-0.897559124,-0.296434623,1.021469664,0.184222817,-0.12391054,0.112211807
5.15,-0.903879872,-0.292697785,1.018213685,0.188797425,-0.114333813,0.10390036
5.16,-0.910061433,-0.288897283,1.014855694,0.193360061,-0.104794261,0.095537222
5.17,-0.916105037,-0.285036482,1.011394202,0.197909624,-0.095289164,0.087126858
5.18,-0.922011963,-0.281118654,1.007827699,0.202444961,-0.085815736,0.078673693
5.19,-0.927783521,-0.277147015,1.004154666,0.206964889,-0.076371145,0.070182126
5.2,-0.93342113,-0.273124547,1.000373543,0.211468084,-0.066952413,0.061656462
5.21,-0.938926236,-0.26905417,0.99648276,0.215953182,-0.057556524,0.053100987
5.22,-0.944300309,-0.264938731,0.992480735,0.220418772,-0.048180426,0.044519959
5.23,-0.949544894,-0.260780843,0.988365858,0.224863277,-0.038820964,0.035917566
5.24,-0.954661547,-0.256583069,0.984136513,0.229285082,-0.029474966,0.027297988
5.25,-0.959651837,-0.252347924,0.97979108,0.233682534,-0.020139243,0.01866539
5.26,-0.964517374,-0.248077687,0.975327924,0.238053789,-0.01081055,0.010023898
5.27,-0.969259778,-0.243774574,0.970745412,0.242396941,-0.001485634,0.001377633
5.28,-0.973880669,-0.239440773,0.966041908,0.24671006,0.007838761,-0.007269286
5.29,-0.978381683,-0.235078269,0.961215785,0.250991016,0.017165898,-0.015912747
5.3,-0.982764453,-0.230688958,0.956265426,0.255237584,0.026499028,-0.024548626
5.31,-0.987030615,-0.226274721,0.951189215,0.259447523,0.035841401,-0.033172802
5.32,-0.991181795,-0.221837276,0.945985566,0.263618402,0.04519623,-0.041781126
5.33,-0.995219608,-0.217378231,0.940652925,0.267747647,0.054566683,-0.050369416
5.34,-0.999145667,-0.212899185,0.935189741,0.271832676,0.063955926,-0.058933491
5.35,-1.002961567,-0.208401614,0.929594509,0.275870737,0.073367058,-0.067469123
5.36,-1.006668874,-0.20388687,0.923865792,0.279858891,0.082803082,-0.075972021
5.37,-1.010269155,-0.199356296,0.918002161,0.283794184,0.092266994,-0.084437888
5.38,-1.013763951,-0.19481115,0.912002241,0.28767353,0.10176171,-0.092862379
5.39,-1.017154763,-0.190252559,0.905864777,0.291493609,0.111289986,-0.10124105
5.4,-1.020443086,-0.185681638,0.899588529,0.295251083,0.120854557,-0.109569445
5.41,-1.023630394,-0.181099447,0.893172311,0.298942512,0.130458083,-0.117843066
5.42,-1.026718107,-0.176506917,0.88661512,0.302564203,0.140102987,-0.126057286
5.43,-1.029707632,-0.171904963,0.879915986,0.306112423,0.149791646,-0.13420746
5.44,-1.032600365,-0.167294465,0.873073989,0.309583373,0.159526375,-0.142288908
5.45,-1.035397633,-0.16267619,0.866088449,0.312973003,0.169309184,-0.150296813
5.46,-1.038100748,-0.158050873,0.858958761,0.316277196,0.179141987,-0.158226323
5.47,-1.04071101,-0.153419235,0.851684355,0.319491801,0.189026656,-0.166072565
5.48,-1.043229653,-0.1487819,0.84426495,0.32261244,0.198964703,-0.17383054
5.49,-1.045657882,-0.144139451,0.836700406,0.325634651,0.208957476,-0.1814952
5.5,-1.047996895,-0.139492467,0.828990603,0.328553953,0.219006291,-0.189061485
5.51,-1.050247827,-0.134841449,0.82113574,0.331365692,0.229112088,-0.196524243
5.52,-1.052411773,-0.130186851,0.813136238,0.334065121,0.239275535,-0.20387827
5.53,-1.054489821,-0.125529125,0.804992539,0.336647482,0.249497282,-0.211118357
5.54,-1.056483006,-0.120868668,0.79670539,0.339107914,0.259777616,-0.218239246
5.55,-1.058392308,-0.116205825,0.788275876,0.341441477,0.270116432,-0.225235652
5.56,-1.060218701,-0.111540939,0.7797051,0.343643227,0.280513601,-0.232102288
5.57,-1.061963118,-0.106874317,0.770994439,0.345708178,0.290968679,-0.238833862
5.58,-1.063626423,-0.102206212,0.762145711,0.347631326,0.301480712,-0.245425113
5.59,-1.065209474,-0.097536877,0.753160776,0.349407667,0.312048698,-0.251870789
5.6,-1.066713097,-0.092866539,0.744041707,0.351032202,0.32267139,-0.258165663
5.61,-1.068138043,-0.088195378,0.734791107,0.352500013,0.333346936,-0.264304635
5.62,-1.069485051,-0.083523568,0.725411654,0.3538062,0.344073397,-0.270282632
5.63,-1.070754838,-0.07885127,0.715906177,0.354945896,0.354848662,-0.276094626
5.64,-1.071948044,-0.074178605,0.706278067,0.355914433,0.365669977,-0.281735828
5.65,-1.073065287,-0.069505683,0.696530848,0.356707213,0.376534439,-0.287201529
5.66,-1.074107174,-0.06483261,0.686668135,0.357319672,0.38743904,-0.292487062
5.67,-1.075074234,-0.060159458,0.676694073,0.357747568,0.398380161,-0.297588109
5.68,-1.075966966,-0.055486288,0.666613001,0.357986812,0.409353965,-0.302500524
5.69,-1.076785862,-0.050813159,0.656429306,0.358033347,0.420356556,-0.307220188
5.7,-1.077531345,-0.046140106,0.646147815,0.357883523,0.43138353,-0.311743416
5.71,-1.078203792,-0.041467154,0.63577359,0.357533972,0.442430203,-0.316066818
5.72,-1.078803581,-0.036794323,0.625311715,0.356981351,0.453491866,-0.320187027
5.73,-1.079331028,-0.032121623,0.614767589,0.356222755,0.464563439,-0.324101132
5.74,-1.079786392,-0.027449051,0.604146844,0.355255725,0.475639548,-0.327806675
5.75,-1.080169932,-0.022776602,0.593455126,0.354077834,0.486714806,-0.331301233
5.76,-1.080481854,-0.018104264,0.582698265,0.35268709,0.497783589,-0.334582826
5.77,-1.080722311,-0.013432019,0.571882242,0.351081993,0.508840069,-0.337649973
5.78,-1.080891445,-0.008759848,0.561013061,0.349261147,0.519878384,-0.340501299
5.79,-1.080989335,-0.004087725,0.550096819,0.347223751,0.530892516,-0.343136026
5.8,-1.081016036,0.000584374,0.539139633,0.344969267,0.541876403,-0.345553641
5.81,-1.080971569,0.005256477,0.528147625,0.342497458,0.552823944,-0.347753935
5.82,-1.080855898,0.009928609,0.517126884,0.339808678,0.563729014,-0.349737287
5.83,-1.080668973,0.014600796,0.50608348,0.3369034,0.574585493,-0.351504196
5.84,-1.080410688,0.019273061,0.495023373,0.333782651,0.585387316,-0.353055712
5.85,-1.080080904,0.023945424,0.483952425,0.330447796,0.596128479,-0.35439322
5.86,-1.079679456,0.028617902,0.472876425,0.326900417,0.606803031,-0.35551832
5.87,-1.079206117,0.033290504,0.461800909,0.323142679,0.617405208,-0.356433183
5.88,-1.078660645,0.037963237,0.450731343,0.319176867,0.627929302,-0.357140103
5.89,-1.078042751,0.042636097,0.439672946,0.315005687,0.638369804,-0.357641784
5.9,-1.077352098,0.047309072,0.428630684,0.310632197,0.648721414,-0.357941269
5.91,-1.076588337,0.051982148,0.417609422,0.306059582,0.658978916,-0.358041729
5.92,-1.075751051,0.056655288,0.406613598,0.301291488,0.669137452,-0.357946777
5.93,-1.074839804,0.061328454,0.395647525,0.296331685,0.67919228,-0.35766014
5.94,-1.073854122,0.066001593,0.384715214,0.291184191,0.689138908,-0.357185784
5.95,-1.072793475,0.070674633,0.37382029,0.285853312,0.698973185,-0.356527945
5.96,-1.071657323,0.075347496,0.362966274,0.28034342,0.708691049,-0.355690916
5.97,-1.070445063,0.080020078,0.352156196,0.27465917,0.718288867,-0.354679248
5.98,-1.069156065,0.084692264,0.341392881,0.26880531,0.727763184,-0.353497574
5.99,-1.067789667,0.089363922,0.330678895,0.262786705,0.737110772,-0.352150627
6,-1.06634515,0.09403489,0.320016331,0.256608384,0.746328819,-0.350643274
6.01,-1.064821781,0.098704997,0.309407188,0.250275407,0.755414593,-0.348980404
6.02,-1.063218771,0.103374039,0.298853002,0.243792944,0.764365769,-0.347166983
6.03,-1.061535297,0.10804179,0.288355049,0.237166215,0.773180248,-0.345208005
6.04,-1.059770511,0.112708007,0.277914415,0.230400462,0.781856096,-0.34310847
6.05,-1.057923505,0.117372402,0.267531712,0.223500973,0.790391793,-0.340873376
6.06,-1.055993355,0.122034676,0.257207452,0.216473035,0.798785903,-0.338507711
6.07,-1.053979089,0.126694487,0.246941785,0.209321936,0.807037304,-0.336016423
6.08,-1.051879693,0.13135146,0.236734573,0.202052945,0.815145121,-0.333404405
6.09,-1.049694137,0.136005201,0.226585555,0.194671323,0.823108582,-0.330676524
6.1,-1.047421327,0.140655255,0.216494061,0.187182275,0.830927266,-0.32783753
6.11,-1.045060154,0.145301149,0.206459315,0.179590985,0.838600839,-0.324892135
6.12,-1.042609467,0.149942366,0.196480291,0.171902587,0.846129176,-0.321844953
6.13,-1.040068071,0.15457833,0.186555686,0.164122142,0.853512385,-0.318700472
6.14,-1.037434756,0.159208452,0.176684127,0.156254691,0.860750629,-0.315463143
6.15,-1.034708257,0.163832063,0.166863927,0.148305174,0.86784433,-0.312137236
6.16,-1.031887286,0.168448463,0.15709329,0.140278492,0.874793995,-0.308726954
6.17,-1.028970528,0.173056907,0.147370273,0.132179485,0.881600255,-0.305236392
6.18,-1.025956618,0.177656568,0.137692696,0.124012898,0.888263921,-0.301669467
6.19,-1.022844184,0.182246605,0.128058344,0.115783454,0.89478584,-0.29803006
6.2,-1.019631805,0.18682608,0.118464785,0.107495775,0.90116702,-0.294321855
6.21,-1.016318032,0.191393996,0.108909471,0.099154418,0.907408562,-0.290548414
6.22,-1.01290141,0.195949335,0.099389819,0.090763927,0.913511591,-0.286713262
6.23,-1.009380434,0.20049096,0.089903058,0.082328734,0.919477376,-0.282819694
6.24,-1.005753581,0.205017674,0.080446342,0.07385323,0.925307238,-0.278870904
6.25,-1.002019319,0.209528255,0.071016798,0.065341789,0.93100252,-0.274870044
6.26,-0.998176077,0.214021339,0.06161141,0.056798692,0.936564667,-0.270820031
6.27,-0.994222274,0.218495507,0.05222712,0.048228195,0.941995154,-0.266723703
6.28,-0.990156319,0.222949306,0.042860846,0.039634538,0.947295472,-0.262583844
6.29,-0.985976596,0.227381117,0.033509414,0.031021897,0.952467182,-0.258403014
6.3,-0.981681484,0.231789275,0.02416963,0.022394433,0.957511854,-0.254183708
6.31,-0.977269356,0.236172063,0.014838283,0.013756299,0.962431073,-0.249928362
6.32,-0.972738578,0.240527585,0.005512121,0.005111614,0.967226457,-0.245639199
6.33,-0.968087515,0.2448539,-0.003812114,-0.003535504,0.97189963,-0.241318396
6.34,-0.963314534,0.249149002,-0.013137684,-0.01218094,0.976452218,-0.236968061
6.35,-0.958418013,0.253410686,-0.022467844,-0.020820577,0.980885857,-0.23259011
6.36,-0.953396339,0.257636713,-0.031805843,-0.02945029,0.985202182,-0.228186423
6.37,-0.948247906,0.261824755,-0.041154918,-0.038065947,0.989402824,-0.223758808
6.38,-0.942971152,0.265972279,-0.050518251,-0.046663377,0.993489403,-0.219308902
6.39,-0.93756452,0.270076719,-0.059899013,-0.055238403,0.997463533,-0.214838316
6.4,-0.932026483,0.274135401,-0.069300335,-0.063786817,1.001326818,-0.210348584
6.41,-0.926355583,0.278145442,-0.078725251,-0.07230435,1.005080834,-0.205841092
6.42,-0.920550372,0.282103929,-0.088176781,-0.080786719,1.008727152,-0.20131721
6.43,-0.914609447,0.286007838,-0.09765788,-0.089229604,1.012267327,-0.196778234
6.44,-0.908531532,0.289853892,-0.107171334,-0.097628579,1.015702866,-0.192225313
6.45,-0.902315367,0.293638785,-0.116719903,-0.105979203,1.01903527,-0.187659582
6.46,-0.89595971,0.29735917,-0.126306324,-0.11427702,1.022266034,-0.18308215
6.47,-0.889463502,0.301011427,-0.135933092,-0.122517442,1.025396594,-0.178493985
6.48,-0.882825781,0.304591811,-0.145602575,-0.130695817,1.028428355,-0.173895993
6.49,-0.876045587,0.308096576,-0.155317137,-0.138807493,1.031362724,-0.169289083
6.5,-0.869122084,0.311521825,-0.165078986,-0.146847736,1.03420107,-0.164674089
6.51,-0.862054694,0.314863416,-0.174890002,-0.15481168,1.036944696,-0.160051736
6.52,-0.85484287,0.318117183,-0.18475203,-0.162694445,1.0395949,-0.155422738
6.53,-0.847486098,0.321278924,-0.19466687,-0.170491129,1.042152968,-0.150787796
6.54,-0.839984189,0.324344201,-0.204635924,-0.178196697,1.044620113,-0.146147503
6.55,-0.832337133,0.32730847,-0.21466038,-0.185806059,1.046997513,-0.141502411
6.56,-0.824544924,0.330167191,-0.22474142,-0.193314121,1.049286344,-0.13685307
6.57,-0.816607752,0.332915707,-0.23487999,-0.200715727,1.051487742,-0.13219998
6.58,-0.808526226,0.335549201,-0.245076541,-0.208005639,1.053602767,-0.127543562
6.59,-0.800301004,0.338062843,-0.255331465,-0.215178615,1.055632469,-0.122884228
6.6,-0.791932795,0.340451781,-0.265645094,-0.222229399,1.05757789,-0.118222382
6.61,-0.783422782,0.342711051,-0.276017209,-0.229152697,1.059439991,-0.113558354
6.62,-0.77477241,0.344835667,-0.286447286,-0.235943224,1.061219696,-0.108892442
6.63,-0.765983129,0.346820639,-0.296934795,-0.242595695,1.062917924,-0.104224945
6.64,-0.75705665,0.348660956,-0.307478905,-0.249104829,1.064535555,-0.099556127
6.65,-0.747995236,0.350351639,-0.318078152,-0.255465441,1.066073388,-0.094886199
6.66,-0.738801219,0.351887728,-0.328730993,-0.261672363,1.067532213,-0.090215365
6.67,-0.72947701,0.353264268,-0.339435796,-0.267720445,1.068912806,-0.085543823
6.68,-0.720025568,0.354476427,-0.3501903,-0.273604705,1.070215867,-0.080871722
6.69,-0.710450071,0.355519457,-0.360991995,-0.279320258,1.071442066,-0.076199199
6.7,-0.700753782,0.356388637,-0.371838275,-0.284862255,1.072592057,-0.071526382
6.71,-0.69094046,0.357079483,-0.382725967,-0.290226117,1.073666426,-0.066853366
6.72,-0.681014039,0.357587622,-0.393651696,-0.295407384,1.074665735,-0.062180238
6.73,-0.670978585,0.357908756,-0.404611938,-0.300401683,1.075590523,-0.057507073
6.74,-0.660838634,0.358038957,-0.415602625,-0.305205034,1.076441259,-0.052833923
6.75,-0.650598831,0.357974402,-0.426619563,-0.30981357,1.077218395,-0.048160832
6.76,-0.64026399,0.35771143,-0.437658362,-0.314223593,1.077922353,-0.043487837
6.77,-0.629839318,0.357246856,-0.44871417,-0.318431902,1.078553487,-0.038814954
6.78,-0.619330074,0.356577579,-0.459782066,-0.322435383,1.07911214,-0.034142197
6.79,-0.608741708,0.355700786,-0.470856907,-0.326231214,1.079598616,-0.029469571
6.8,-0.598079934,0.354614189,-0.481933221,-0.329817118,1.080013155,-0.024797071
6.81,-0.587350493,0.353315571,-0.493005497,-0.333190884,1.08035599,-0.020124687
6.82,-0.576559281,0.351803139,-0.504068024,-0.336350733,1.080627306,-0.015452405
6.83,-0.565712327,0.350075618,-0.515114903,-0.339295414,1.080827231,-0.010780205
6.84,-0.554815671,0.348131802,-0.526140217,-0.342023738,1.080955888,-0.006108064
6.85,-0.543875424,0.345971033,-0.537137918,-0.344535075,1.081013342,-0.001435958
6.86,-0.532897709,0.343593112,-0.548101902,-0.346829253,1.080999612,0.003236141
6.87,-0.521888649,0.340997924,-0.559026058,-0.348906182,1.080914708,0.007908258
6.88,-0.510854309,0.338185992,-0.569904266,-0.350766411,1.080758575,0.012580419
6.89,-0.499800681,0.335158198,-0.580730443,-0.352410846,1.080531124,0.017252648
6.9,-0.488733736,0.331915539,-0.591498515,-0.353840508,1.080232251,0.021924969
6.91,-0.477659231,0.328459686,-0.602202552,-0.355057083,1.079861783,0.026597397
6.92,-0.466582819,0.324792548,-0.612836703,-0.356062493,1.079419522,0.031269945
6.93,-0.455510076,0.320916205,-0.623395173,-0.356858828,1.07890525,0.035942623
6.94,-0.444446228,0.316833358,-0.633872448,-0.357448788,1.078318676,0.04061543
6.95,-0.433396394,0.312546851,-0.644263099,-0.357835211,1.077659492,0.04528836
6.96,-0.42236554,0.308059747,-0.654561825,-0.358021146,1.076927365,0.049961398
6.97,-0.411358184,0.303375617,-0.664763704,-0.358010134,1.076121888,0.054634517
6.98,-0.40037876,0.298498111,-0.674863885,-0.357805791,1.075242645,0.05930768
6.99,-0.389431443,0.293431117,-0.684857739,-0.357411959,1.074289183,0.063980842
7,-0.378519931,0.288178892,-0.694741051,-0.356832828,1.073260981,0.068653936
7.01,-0.367647855,0.282745735,-0.70450966,-0.356072624,1.072157515,0.073326889
7.02,-0.356818485,0.277136171,-0.714159726,-0.355135782,1.070978211,0.077999611
7.03,-0.346034638,0.271354956,-0.7236878,-0.354026941,1.069722437,0.082671985
7.04,-0.335299074,0.26540687,-0.733090484,-0.352750762,1.068389558,0.087343893
7.05,-0.324614103,0.259296873,-0.742364776,-0.351312058,1.066978879,0.092015185
7.06,-0.313981651,0.253030044,-0.751508009,-0.349715732,1.06548966,0.096685688
7.07,-0.303403583,0.246611479,-0.76051757,-0.3479667,1.063921153,0.101355222
7.08,-0.292881252,0.240046383,-0.769391291,-0.34606995,1.062272543,0.106023567
7.09,-0.282415726,0.233340005,-0.778127257,-0.344030484,1.060542982,0.110690479
7.1,-0.272007981,0.226497602,-0.786723627,-0.341853307,1.058731609,0.115355705
7.11,-0.261658476,0.219524465,-0.795179016,-0.339543405,1.056837492,0.120018941
7.12,-0.251367471,0.212425883,-0.803492205,-0.337105741,1.054859676,0.124679858
7.13,-0.241135104,0.205207143,-0.811662082,-0.334545259,1.052797185,0.129338117
7.14,-0.230961023,0.197873497,-0.819687953,-0.331866806,1.050648976,0.13399331
7.15,-0.220844759,0.190430179,-0.827569227,-0.329075192,1.048413986,0.138645013
7.16,-0.210785679,0.182882399,-0.835305449,-0.326175179,1.046091128,0.143292779
7.17,-0.20078273,0.175235287,-0.842896517,-0.323171372,1.043679247,0.147936085
7.18,-0.190834796,0.167493951,-0.850342383,-0.320068345,1.041177179,0.152574394
7.19,-0.180940564,0.159663451,-0.857643162,-0.316870581,1.038583726,0.15720713
7.2,-0.171098393,0.151748743,-0.864799237,-0.31358238,1.03589763,0.161833637
7.21,-0.161306602,0.143754769,-0.871811024,-0.310208017,1.033117626,0.166453248
7.22,-0.151563306,0.135686395,-0.878679104,-0.306751632,1.030242411,0.171065237
7.23,-0.141866378,0.127548386,-0.885404252,-0.303217182,1.02727063,0.175668796
7.24,-0.132213666,0.119345495,-0.891987259,-0.299608603,1.024200925,0.180263108
7.25,-0.122602814,0.111082383,-0.898429078,-0.295929654,1.021031893,0.184847271
7.26,-0.11303131,0.102763625,-0.904730783,-0.292183932,1.017762093,0.189420307
7.27,-0.103496614,0.094393788,-0.910893466,-0.288375013,1.01439008,0.193981224
7.28,-0.093996009,0.085977337,-0.916918354,-0.28450626,1.010914364,0.198528922
7.29,-0.084526682,0.077518682,-0.922806746,-0.280580911,1.007333429,0.203062229
7.3,-0.075085794,0.069022216,-0.92855996,-0.27660217,1.003645753,0.207579954
7.31,-0.065670361,0.060492243,-0.934179416,-0.272573013,0.999849776,0.21208077
7.32,-0.056277352,0.051933037,-0.939666571,-0.268496327,0.995943922,0.216563291
7.33,-0.046903709,0.043348852,-0.945022899,-0.264374951,0.991926608,0.2210261
7.34,-0.037546275,0.034743876,-0.950249949,-0.260211491,0.987796223,0.225467615
7.35,-0.028201868,0.02612228,-0.955349281,-0.256008477,0.983551149,0.229886197
7.36,-0.018867296,0.017488229,-0.960322469,-0.251768414,0.979189765,0.234280185
7.37,-0.009539312,0.008845847,-0.965171124,-0.247493579,0.974710436,0.238647732
7.38,-0.000214662,0.000199254,-0.969896865,-0.24318616,0.970111527,0.242986905
7.39,0.009109913,-0.008447434,-0.974501318,-0.238848326,0.965391405,0.247295759
7.4,0.018437675,-0.017090102,-0.978986115,-0.234482069,0.96054844,0.251572171
7.41,0.027771872,-0.025724627,-0.983352892,-0.230089256,0.955581021,0.255813883
7.42,0.037115749,-0.034346883,-0.987603282,-0.22567175,0.950487533,0.260018633
7.43,0.046472523,-0.042952722,-0.991738913,-0.221231276,0.94526639,0.264183998
7.44,0.055845353,-0.051537958,-0.995761396,-0.21676942,0.939916044,0.268307378
7.45,0.06523739,-0.0600984,-0.999672342,-0.212287757,0.934434952,0.272386157
7.46,0.074651741,-0.068629823,-1.003473347,-0.207787773,0.928821605,0.276417596
7.47,0.084091395,-0.077127929,-1.007165973,-0.203270802,0.923074578,0.280398731
7.48,0.093559325,-0.085588406,-1.010751781,-0.198738164,0.917192455,0.28432657
7.49,0.103058456,-0.094006913,-1.014232313,-0.194191124,0.911173858,0.288198037
7.5,0.112591528,-0.102378998,-1.017609068,-0.189630796,0.90501754,0.292009795
7.51,0.122161244,-0.110700187,-1.020883531,-0.185058275,0.898722287,0.295758462
7.52,0.131770265,-0.118965981,-1.024057178,-0.180474621,0.892286912,0.299440602
7.53,0.141421009,-0.127171752,-1.027131426,-0.175880763,0.885710417,0.303052515
7.54,0.151115807,-0.135312831,-1.030107673,-0.171277593,0.878991867,0.306590424
7.55,0.160856962,-0.143384533,-1.032987311,-0.166665989,0.87213035,0.310050522
7.56,0.170646492,-0.151382046,-1.035771671,-0.162046718,0.865125179,0.313428764
7.57,0.180486256,-0.159300493,-1.038462051,-0.1574205,0.857975795,0.316720993
7.58,0.190378094,-0.167134991,-1.041059747,-0.152788046,0.850681654,0.319923038
7.59,0.200323545,-0.17488055,-1.043565998,-0.148149986,0.843242453,0.323030536
7.6,0.210323889,-0.182532101,-1.045981995,-0.14350689,0.835658107,0.32603899
7.61,0.22038039,-0.190084572,-1.048308929,-0.138859323,0.82792854,0.328943895
7.62,0.230494028,-0.197532818,-1.050547943,-0.134207795,0.820053915,0.331740613
7.63,0.240665403,-0.204871623,-1.052700117,-0.129552749,0.812034714,0.334424372
7.64,0.250895089,-0.212095769,-1.054766531,-0.124894625,0.803871442,0.336990394
7.65,0.261183418,-0.219200001,-1.056748225,-0.120233825,0.795564807,0.339433826
7.66,0.271530225,-0.22617903,-1.058646171,-0.115570689,0.787115945,0.341749718
7.67,0.281935284,-0.233027568,-1.06046133,-0.110905546,0.778526045,0.343933115
7.68,0.29239819,-0.239740323,-1.062194639,-0.106238709,0.769796449,0.345979031
7.69,0.302917947,-0.246312035,-1.063846957,-0.101570427,0.76092901,0.347882462
7.7,0.313493441,-0.252737468,-1.065419128,-0.096900941,0.751925687,0.349638408
7.71,0.324123439,-0.259011392,-1.06691198,-0.09223048,0.742788542,0.351241872
7.72,0.334806085,-0.265128706,-1.068326263,-0.087559224,0.733520179,0.35268793
7.73,0.345539313,-0.271084376,-1.0696627,-0.082887339,0.724123387,0.353971714
7.74,0.356320993,-0.276873379,-1.070922007,-0.078214983,0.714601014,0.355088363
7.75,0.367148406,-0.282490914,-1.072104826,-0.07354228,0.70495642,0.356033194
7.76,0.378018522,-0.287932329,-1.073211761,-0.068869333,0.695193239,0.356801662
7.77,0.388928278,-0.29319299,-1.074243411,-0.064196244,0.685315134,0.357389234
7.78,0.399874119,-0.298268539,-1.075200314,-0.059523088,0.675326195,0.357791627
7.79,0.410852094,-0.303154909,-1.076082953,-0.054849922,0.665230859,0.358004831
7.8,0.42185823,-0.30784805,-1.076891811,-0.0501768,0.655033581,0.358024849
7.81,0.432888191,-0.312344207,-1.077627318,-0.045503761,0.644739127,0.357847968
7.82,0.44393721,-0.316640081,-1.078289842,-0.040830825,0.634352631,0.357470906
7.83,0.455000491,-0.320732412,-1.078879744,-0.036158012,0.623879253,0.356890424
7.84,0.466073011,-0.324618206,-1.079397351,-0.03148533,0.613324339,0.356103536
7.85,0.477149347,-0.328295087,-1.079842913,-0.026812776,0.602693566,0.355107863
7.86,0.488224036,-0.331760768,-1.080216673,-0.022140342,0.591992637,0.35390111
7.87,0.499291489,-0.3350132,-1.080518845,-0.017468019,0.581227356,0.352481219
7.88,0.510345846,-0.338050988,-1.080749572,-0.012795786,0.570403727,0.350846774
7.89,0.521381213,-0.340872857,-1.080908987,-0.008123623,0.559527774,0.34899648
7.9,0.532391584,-0.343477983,-1.080997172,-0.003451505,0.548605589,0.346929488
7.91,0.543370875,-0.345865997,-1.081014168,0.001220593,0.537643293,0.344645404
7.92,0.554312985,-0.348036689,-1.080959997,0.005892698,0.526647012,0.342143991
7.93,0.56521179,-0.34999048,-1.080834617,0.010564836,0.515622827,0.339425644
7.94,0.576061179,-0.351727989,-1.080637967,0.015237032,0.504576788,0.336490957
7.95,0.586855078,-0.353250222,-1.080369947,0.01990931,0.493514868,0.333340911
7.96,0.597587513,-0.354558681,-1.080030402,0.024581688,0.482442889,0.329976994
7.97,0.608252537,-0.355654997,-1.079619166,0.029254182,0.471366629,0.326400815
7.98,0.618844395,-0.356541353,-1.07913601,0.033926802,0.460291615,0.322614551
7.99,0.629357427,-0.357220154,-1.07858068,0.038599551,0.449223253,0.318620603
8,0.63978611,-0.357694074,-1.077952889,0.043272429,0.438166779,0.314421645
8.01,0.650125194,-0.357966236,-1.077252291,0.047945419,0.427127097,0.310020817
8.02,0.660369495,-0.358039853,-1.07647853,0.052618506,0.416109035,0.305421347
8.03,0.670514154,-0.357918532,-1.075631189,0.057291653,0.405117035,0.300626879
8.04,0.680554507,-0.357606081,-1.074709821,0.061964819,0.394155314,0.295641262
8.05,0.69048605,-0.357106456,-1.073713951,0.066637949,0.383227902,0.290468507
8.06,0.700304687,-0.35642393,-1.072643045,0.07131097,0.372338358,0.285112959
8.07,0.710006409,-0.355562833,-1.071496551,0.075983801,0.361490142,0.279579032
8.08,0.719587574,-0.354527708,-1.070273869,0.080656338,0.350686296,0.27387137
8.09,0.729044812,-0.353323229,-1.068974357,0.08532846,0.339929546,0.267994769
8.1,0.738374898,-0.351954127,-1.067597353,0.090000035,0.329222456,0.261954093
8.11,0.747575059,-0.350425283,-1.066142131,0.094670896,0.318567072,0.255754387
8.12,0.756642631,-0.3487416,-1.06460795,0.09934087,0.307965318,0.24940073
8.13,0.765575278,-0.346908042,-1.062994021,0.104009752,0.297418744,0.24289829
8.14,0.774370974,-0.344929608,-1.061299512,0.108677309,0.286928538,0.236252299
8.15,0.783027803,-0.342811301,-1.059523571,0.113343296,0.276495768,0.229468005
8.16,0.791544269,-0.340558115,-1.057665286,0.118007422,0.266121017,0.222550693
8.17,0.799918998,-0.338175034,-1.055723725,0.12266938,0.255804727,0.215505654
8.18,0.808150864,-0.335667003,-1.053697915,0.12732883,0.245547052,0.208338173
8.19,0.816239044,-0.333038904,-1.051586835,0.131985386,0.23534779,0.201053518
8.2,0.824182795,-0.330295597,-1.049389448,0.136638653,0.225206653,0.193656945
8.21,0.831981704,-0.327441826,-1.047104659,0.141288171,0.215122954,0.186153655
8.22,0.83963549,-0.324482281,-1.044731349,0.145933458,0.205095859,0.178548823
8.23,0.847144029,-0.321421577,-1.042268368,0.150573996,0.195124339,0.17084758
8.24,0.854507462,-0.318264179,-1.039714513,0.155209201,0.185207052,0.163054977
8.25,0.861725978,-0.315014522,-1.037068569,0.159838476,0.175342591,0.155176046
8.26,0.868800005,-0.311676872,-1.034329268,0.164461149,0.165529263,0.147215724
8.27,0.875730086,-0.308255403,-1.031495316,0.169076509,0.15576523,0.139178894
8.28,0.882516855,-0.304754205,-1.028565395,0.173683808,0.14604854,0.131070396
8.29,0.889161143,-0.301177173,-1.025538135,0.178282211,0.136376992,0.122894963
8.3,0.895663818,-0.297528167,-1.022412159,0.182870863,0.12674834,0.114657304
8.31,0.902025891,-0.293810869,-1.019186044,0.187448828,0.117160153,0.106362041
8.32,0.908248481,-0.290028809,-1.015858337,0.192015092,0.107609855,0.098013717
8.33,0.914332728,-0.286185496,-1.012427576,0.196568629,0.098094848,0.089616867
8.34,0.920279901,-0.282284221,-1.008892257,0.201108299,0.088612356,0.081175922
8.35,0.926091336,-0.278328147,-1.005250852,0.205632888,0.079159516,0.072695259
8.36,0.931768384,-0.274320411,-1.001501825,0.210141165,0.069733441,0.064179246
8.37,0.937312491,-0.270263926,-0.997643605,0.214631763,0.060331113,0.055632163
8.38,0.942725144,-0.266161499,-0.993674606,0.219103242,0.050949462,0.047058257
8.39,0.948007838,-0.262015902,-0.989593236,0.22355414,0.041585398,0.038461762
8.4,0.953162133,-0.257829688,-0.985397878,0.227982835,0.032235745,0.029846853
8.41,0.958189609,-0.253605324,-0.981086909,0.232387636,0.022897301,0.021217688
8.42,0.96309185,-0.249345235,-0.976658702,0.236766822,0.013566852,0.012578413
8.43,0.967870476,-0.245051639,-0.972111622,0.241118488,0.004241146,0.003933151
8.44,0.972527113,-0.240726683,-0.967444034,0.245440666,-0.005083078,-0.004713983
8.45,0.977063388,-0.236372469,-0.962654306,0.249731345,-0.014409082,-0.013358876
8.46,0.981480937,-0.231990906,-0.957740817,0.253988314,-0.02374012,-0.021997407
8.47,0.985781393,-0.227583847,-0.952701957,0.258209298,-0.033079437,-0.030625451
8.48,0.989966389,-0.223153098,-0.947536121,0.262391971,-0.042430268,-0.039238874
8.49,0.994037543,-0.218700284,-0.942241749,0.266533787,-0.051795793,-0.047833503
8.5,0.997996464,-0.214226993,-0.936817294,0.270632144,-0.06117917,-0.056405151
8.51,1.001844759,-0.209734759,-0.931261228,0.274684372,-0.070583532,-0.064949613
8.52,1.005584,-0.205224957,-0.925572098,0.27868757,-0.080011903,-0.073462612
8.53,1.009215754,-0.200698935,-0.919748472,0.28263879,-0.089467282,-0.081939855
8.54,1.012741574,-0.19615799,-0.913788944,0.286535011,-0.098952629,-0.09037702
8.55,1.016162965,-0.191603265,-0.907692245,0.290372944,-0.108470721,-0.098769678
8.56,1.019481423,-0.187035873,-0.901457135,0.294149243,-0.118024288,-0.10711337
8.57,1.022698437,-0.182456913,-0.895082388,0.297860545,-0.12761605,-0.115403632
8.58,1.025815446,-0.17786736,-0.888566931,0.301503242,-0.137248516,-0.123635882
8.59,1.028833848,-0.173268105,-0.881909831,0.305073555,-0.146924017,-0.13180545
8.6,1.03175504,-0.168660036,-0.875110161,0.308567701,-0.156644879,-0.139907664
8.61,1.034580394,-0.164043996,-0.868167072,0.311981795,-0.166413322,-0.147937799
8.62,1.037311211,-0.159420701,-0.861080002,0.31531168,-0.176231209,-0.155890978
8.63,1.039948775,-0.154790852,-0.853848445,0.318553154,-0.18610033,-0.163762302
8.64,1.04249437,-0.150155139,-0.846471912,0.321701999,-0.196022457,-0.171546861
8.65,1.044949212,-0.145514163,-0.838950195,0.324753788,-0.205999018,-0.179239625
8.66,1.04731447,-0.140868463,-0.83128333,0.327703951,-0.21603114,-0.186835488
8.67,1.049591308,-0.136218576,-0.823471364,0.330547918,-0.226119944,-0.194329342
8.68,1.051780866,-0.131565007,-0.815514473,0.333281042,-0.236266393,-0.201716035
8.69,1.053884199,-0.126908171,-0.807413283,0.335898496,-0.246470916,-0.208990324
8.7,1.055902347,-0.122248471,-0.799168521,0.338395429,-0.256733826,-0.216146958
8.71,1.057836345,-0.117586304,-0.790780933,0.340766982,-0.267055413,-0.223180678
8.72,1.059687161,-0.112922004,-0.78225167,0.343008195,-0.277435491,-0.230086192
8.73,1.061455705,-0.108255861,-0.773582244,0.345114074,-0.28787346,-0.236858214
8.74,1.063142886,-0.103588164,-0.764774179,0.347079627,-0.298368707,-0.243491463
8.75,1.064749588,-0.098919182,-0.755829168,0.348899842,-0.30892042,-0.24998066
8.76,1.066276606,-0.094249121,-0.746749495,0.350569741,-0.319527111,-0.25632062
8.77,1.067724717,-0.089578179,-0.737537576,0.352084375,-0.330187141,-0.262506196
8.78,1.069094693,-0.084906549,-0.728195863,0.353438798,-0.34089883,-0.268532249
8.79,1.070387236,-0.080234384,-0.718727293,0.354628176,-0.351659944,-0.274393792
8.8,1.071603004,-0.075561813,-0.709135124,0.355647785,-0.36246788,-0.280085973
8.81,1.072742646,-0.070888962,-0.699422662,0.356492926,-0.373319984,-0.285603964
8.82,1.07380675,-0.066215927,-0.68959366,0.35715911,-0.38421309,-0.290943184
8.83,1.074795863,-0.061542788,-0.679652129,0.357642013,-0.395143735,-0.296099225
8.84,1.075710524,-0.056869622,-0.669602158,0.357937355,-0.406108366,-0.301067732
8.85,1.0765512,-0.052196478,-0.659448294,0.358041213,-0.417102906,-0.305844735
8.86,1.077318329,-0.047523398,-0.649195248,0.357949833,-0.428123081,-0.310426436
8.87,1.078012335,-0.042850416,-0.638847845,0.357659564,-0.43916449,-0.314809148
8.88,1.078633567,-0.03817755,-0.628411309,0.357167244,-0.450222258,-0.318989695
8.89,1.079182357,-0.03350481,-0.617890956,0.356469858,-0.461291401,-0.322965048
8.9,1.079659009,-0.028832201,-0.607292234,0.355564587,-0.472366775,-0.326732385
8.91,1.080063758,-0.024159717,-0.596620879,0.354449194,-0.483442879,-0.330289477
8.92,1.080396826,-0.019487348,-0.585882665,0.353121551,-0.494514161,-0.333634203
8.93,1.080658399,-0.014815078,-0.575083488,0.351579852,-0.505574911,-0.336764774
8.94,1.0808486,-0.010142887,-0.56422939,0.349822896,-0.51661921,-0.339680009
8.95,1.08096754,-0.005470752,-0.553326424,0.347849558,-0.527641116,-0.342378806
8.96,1.081015287,-0.000798648,-0.542380701,0.345659172,-0.538634586,-0.344860524
8.97,1.08099185,0.003873452,-0.531398343,0.343251623,-0.549593507,-0.347125075
8.98,1.080897232,0.008545573,-0.520385469,0.34062687,-0.560511763,-0.349172443
8.99,1.080731381,0.013217743,-0.509348144,0.337785429,-0.571383236,-0.351003171
9,1.080494195,0.017889983,-0.498292342,0.334728274,-0.582201853,-0.352618257
9.01,1.080185566,0.022562317,-0.487224016,0.331456461,-0.59296155,-0.354018778
9.02,1.079805321,0.027234761,-0.476148923,0.327971661,-0.603656398,-0.355206423
9.03,1.079353251,0.031907327,-0.465072673,0.324275877,-0.614280578,-0.356183204
9.04,1.078829134,0.036580023,-0.454000826,0.320371223,-0.624828308,-0.356951246
9.05,1.078232677,0.041252848,-0.442938596,0.316260417,-0.635294082,-0.357513265
9.06,1.077563564,0.045925793,-0.431891044,0.311946385,-0.64567252,-0.357872177
9.07,1.076821456,0.050598844,-0.420863124,0.307432204,-0.655958332,-0.358031048
9.08,1.076005945,0.055271972,-0.409859326,0.302721474,-0.66614662,-0.357993446
9.09,1.075116605,0.059945137,-0.398884016,0.297817909,-0.676232588,-0.357763046
9.1,1.074152979,0.064618295,-0.387941366,0.292725402,-0.686211614,-0.357343696
9.11,1.073114546,0.069291374,-0.377035026,0.287448241,-0.696079519,-0.356739615
9.12,1.072000768,0.0739643,-0.366168563,0.28199077,-0.705832205,-0.35595507
9.13,1.070811072,0.078636982,-0.355345241,0.276357514,-0.715465831,-0.354994496
9.14,1.069544821,0.083309301,-0.344567821,0.270553256,-0.724976999,-0.353862557
9.15,1.068201369,0.087981133,-0.333839002,0.264582804,-0.734362367,-0.352563937
9.16,1.066780023,0.092652329,-0.323161089,0.258451119,-0.743618934,-0.351103447
9.17,1.065280035,0.09732271,-0.312535946,0.252163295,-0.752744089,-0.349486006
9.18,1.063700648,0.101992094,-0.301965382,0.245724444,-0.761735266,-0.347716538
9.19,1.062041049,0.10666026,-0.291450746,0.239139773,-0.770590303,-0.345800032
9.2,1.06030038,0.111326957,-0.280993039,0.232414535,-0.779307341,-0.343741492
9.21,1.058477774,0.115991929,-0.270593197,0.225553993,-0.787884577,-0.341545922
9.22,1.0565723,0.12065487,-0.260251665,0.218563438,-0.796320635,-0.339218308
9.23,1.054582991,0.125315444,-0.249968642,0.211448159,-0.80461435,-0.336763603
9.24,1.05250887,0.129973308,-0.239744235,0.204213441,-0.812764635,-0.334186749
9.25,1.050348888,0.134628053,-0.229578075,0.196864533,-0.820770813,-0.331492585
9.26,1.048101976,0.139279245,-0.219469637,0.189406661,-0.828632339,-0.328685906
9.27,1.045767043,0.143926434,-0.209418269,0.181845035,-0.836348775,-0.325771469
9.28,1.043342932,0.148569092,-0.199422894,0.174184775,-0.843920037,-0.322753867
9.29,1.040828468,0.153206673,-0.18948235,0.16643098,-0.851346118,-0.319637653
9.3,1.038222453,0.157838599,-0.179595312,0.158588706,-0.858627141,-0.316427306
9.31,1.035523624,0.162464207,-0.169760113,0.1506629,-0.865763511,-0.313127108
9.32,1.032730709,0.16708282,-0.159975037,0.142658492,-0.872755672,-0.309741312
9.33,1.029842402,0.171693709,-0.150238188,0.134580343,-0.879604214,-0.306274052
9.34,1.026857346,0.176296057,-0.140547416,0.126433209,-0.886309929,-0.302729265
9.35,1.023774174,0.180889035,-0.130900542,0.118221829,-0.892873632,-0.299110865
9.36,1.020591482,0.185471741,-0.121295203,0.109950861,-0.899296279,-0.295422603
9.37,1.017307826,0.190043184,-0.111728865,0.101624871,-0.905578961,-0.291668055
9.38,1.013921754,0.194602362,-0.10219897,0.093248412,-0.911722784,-0.287850774
9.39,1.010431776,0.199148169,-0.092702795,0.084825949,-0.917728981,-0.283974118
9.4,1.00683637,0.203679422,-0.083237509,0.076361879,-0.923598862,-0.2800413
9.41,1.003134013,0.208194918,-0.07380026,0.067860589,-0.929333754,-0.276055506
9.42,0.999323142,0.212693324,-0.064388061,0.059326379,-0.934935081,-0.272019703
9.43,0.995402177,0.217173239,-0.054997867,0.050763516,-0.94040431,-0.267936754
9.44,0.991369534,0.221633236,-0.045626614,0.042176248,-0.94574292,-0.263809484
9.45,0.9872236,0.226071726,-0.03627114,0.033568762,-0.95095246,-0.259640487
9.46,0.982962756,0.230487051,-0.026928257,0.024945223,-0.956034499,-0.255432274
9.47,0.978585378,0.234877538,-0.017594767,0.016309792,-0.960990612,-0.25118733
9.48,0.974089833,0.239241335,-0.008267424,0.007666594,-0.96582241,-0.246907929
9.49,0.969474486,0.24357649,0.00105703,-0.000980255,-0.970531516,-0.242596236
9.5,0.964737703,0.24788104,0.010381854,-0.009626636,-0.975119557,-0.238254403
9.51,0.959877855,0.252152857,0.01971031,-0.018268438,-0.979588165,-0.233884419
9.52,0.954893333,0.256389666,0.029045643,-0.026901533,-0.983938975,-0.229488133
9.53,0.949782526,0.26058918,0.038391095,-0.035521793,-0.98817362,-0.225067387
9.54,0.944543847,0.264748977,0.047749881,-0.04412507,-0.992293728,-0.220623907
9.55,0.939175754,0.268866433,0.057125154,-0.052707173,-0.996300908,-0.216159261
9.56,0.933676711,0.272938911,0.066520056,-0.061263904,-1.000196767,-0.211675007
9.57,0.928045211,0.276963666,0.075937691,-0.069791037,-1.003982902,-0.207172628
9.58,0.922279834,0.280937716,0.085381038,-0.078284268,-1.007660872,-0.202653448
9.59,0.916379177,0.284858043,0.094853055,-0.086739275,-1.011232232,-0.198118768
9.6,0.910341864,0.288721561,0.104356661,-0.095151712,-1.014698525,-0.193569848
9.61,0.904166658,0.292524922,0.113894587,-0.103517124,-1.018061246,-0.189007798
9.62,0.897852361,0.296264715,0.123469513,-0.111831021,-1.021321874,-0.184433694
9.63,0.891397796,0.29993749,0.133084086,-0.120088899,-1.024481882,-0.179848591
9.64,0.884801967,0.30353954,0.14274072,-0.128286126,-1.027542686,-0.175253414
9.65,0.878063965,0.307067061,0.152441713,-0.136418019,-1.030505678,-0.170649042
9.66,0.871182897,0.310516225,0.162189347,-0.144479881,-1.033372244,-0.166036343
9.67,0.864158074,0.313882987,0.17198564,-0.152466901,-1.036143714,-0.161416086
9.68,0.856988969,0.317163164,0.181832411,-0.160374187,-1.03882138,-0.156788976
9.69,0.849675065,0.320352561,0.191731467,-0.168196844,-1.041406531,-0.152155717
9.7,0.842216056,0.323446819,0.201684351,-0.175929881,-1.043900407,-0.147516938
9.71,0.834611892,0.326441419,0.211692299,-0.183568218,-1.046304191,-0.142873201
9.72,0.826862538,0.329331832,0.221756528,-0.191106772,-1.048619066,-0.13822506
9.73,0.81896815,0.332113424,0.231878025,-0.198540398,-1.050846175,-0.133573026
9.74,0.810929248,0.334781409,0.242057346,-0.205863873,-1.052986594,-0.128917537
9.75,0.802746388,0.33733099,0.252295004,-0.213071969,-1.055041391,-0.124259021
9.76,0.794420277,0.339757314,0.262591332,-0.220159432,-1.057011609,-0.119597882
9.77,0.785952081,0.342055426,0.272946131,-0.227120972,-1.058898212,-0.114934454
9.78,0.777343052,0.34422036,0.283359101,-0.2339513,-1.060702153,-0.11026906
9.79,0.768594543,0.346247132,0.293829823,-0.240645123,-1.062424366,-0.105602009
9.8,0.759708423,0.348130735,0.304357287,-0.247197185,-1.064065709,-0.10093355
9.81,0.750686722,0.349866174,0.314940292,-0.253602258,-1.065627015,-0.096263916
9.82,0.741531533,0.351448455,0.325577574,-0.25985512,-1.067109106,-0.091593334
9.83,0.732245456,0.352872653,0.336267279,-0.26595067,-1.068512735,-0.086921984
9.84,0.722831356,0.354133921,0.347007256,-0.271883897,-1.069838612,-0.082250024
9.85,0.713292128,0.355227411,0.35779532,-0.2776498,-1.071087448,-0.077577612
9.86,0.703631116,0.356148435,0.36862877,-0.283243566,-1.072259887,-0.072904869
9.87,0.693852024,0.356892484,0.379504497,-0.288660587,-1.073356522,-0.068231897
9.88,0.683958576,0.357455058,0.390419367,-0.293896266,-1.074377944,-0.063558791
9.89,0.673954842,0.35783186,0.401369851,-0.298946229,-1.075324693,-0.05888563
9.9,0.663845314,0.358018925,0.412351931,-0.303806459,-1.076197245,-0.054212467
9.91,0.653634514,0.358012319,0.423361557,-0.308472967,-1.076996071,-0.049539352
9.92,0.643327191,0.357808305,0.434394415,-0.31294198,-1.077721606,-0.044866325
9.93,0.632928516,0.357403653,0.445445693,-0.317210249,-1.078374208,-0.040193405
9.94,0.622443708,0.356795206,0.456510522,-0.321274599,-1.07895423,-0.035520607
9.95,0.611878112,0.355979978,0.467583884,-0.325132037,-1.079461996,-0.030847941
9.96,0.601237417,0.354955612,0.478660338,-0.328780209,-1.079897755,-0.026175403
9.97,0.59052736,0.353719893,0.48973438,-0.332216909,-1.080261741,-0.021502984
9.98,0.579753759,0.352270779,0.500800405,-0.335440106,-1.080554164,-0.016830673
9.99,0.568922631,0.350606929,0.51185253,-0.338448479,-1.080775161,-0.01215845
10,0.558040018,0.348727176,0.522884833,-0.341240884,-1.080924851,-0.007486293
