t,x1,y1,x2,y2
0,1,0,0,1
0.01,0.999528697,0.004467567,0.002356514,0.977662163
0.02,0.998156978,0.009814155,0.009215108,0.950929225
0.03,0.995961955,0.015944541,0.020190225,0.920277293
0.04,0.99303382,0.022754716,0.034830901,0.886226422
0.05,0.989469142,0.030138871,0.05265429,0.849305644
0.06,0.985364845,0.037995253,0.073175776,0.810023733
0.07,0.980813371,0.046230469,0.095933143,0.768847657
0.08,0.975899282,0.054762153,0.120503588,0.726189234
0.09,0.970697207,0.063520212,0.146513964,0.682398939
0.1,0.965271024,0.072446845,0.173644882,0.637765774
0.11,0.959673885,0.081495822,0.201630577,0.592520891
0.12,0.95394891,0.090631206,0.23025545,0.546843972
0.13,0.948130256,0.099825841,0.259348721,0.500870795
0.14,0.942244363,0.109059788,0.288778186,0.454701058
0.15,0.936311194,0.118318879,0.31844403,0.408405604
0.16,0.930345491,0.127593357,0.348272546,0.362033217
0.17,0.924357869,0.136876749,0.378210654,0.315616257
0.18,0.918355756,0.146164954,0.408221221,0.269175232
0.19,0.912344217,0.155455484,0.438278917,0.222722578
0.2,0.906326598,0.164746917,0.468367012,0.176265416
0.21,0.900305039,0.174038481,0.498474803,0.129807597
0.22,0.894280862,0.183329775,0.528595692,0.083351125
0.23,0.888254842,0.192620577,0.558725788,0.036897113
0.24,0.882227409,0.201910717,0.588862953,-0.009553583
0.25,0.876198759,0.211199976,0.619006203,-0.055999882
0.26,0.870168933,0.220488004,0.649155336,-0.102440018
0.27,0.864137855,0.229774179,0.679310724,-0.148870897
0.28,0.858105376,0.239057427,0.709473119,-0.195287134
0.29,0.852071318,0.248335947,0.739643412,-0.241679734
0.3,0.846035548,0.257606833,0.769822262,-0.288034166
0.31,0.839998122,0.26686546,0.800009392,-0.334327299
0.32,0.833959492,0.276104766,0.83020254,-0.380523832
0.33,0.827920787,0.285314398,0.860396066,-0.426571992
0.34,0.821884208,0.29447954,0.890578961,-0.4723977
0.35,0.815853626,0.303579327,0.92073187,-0.517896635
0.36,0.809835131,0.312585636,0.950824345,-0.562928178
0.37,0.803837891,0.321461077,0.980810544,-0.607305387
0.38,0.797875002,0.33015733,1.01062499,-0.650786649
0.39,0.79196443,0.338613423,1.04017785,-0.693067116
0.4,0.786129936,0.346754357,1.069350322,-0.733771785
0.41,0.780401852,0.354490338,1.097990738,-0.77245169
0.42,0.774817611,0.36171693,1.125911944,-0.808584651
0.43,0.769421709,0.368316719,1.152891456,-0.841583593
0.44,0.764265049,0.374162584,1.178674756,-0.870812918
0.45,0.75940342,0.379122955,1.2029829,-0.895614777
0.46,0.754895024,0.383068961,1.225524882,-0.915344805
0.47,0.750797152,0.385882969,1.246014239,-0.929414847
0.48,0.747162239,0.387467807,1.264188807,-0.937339034
0.49,0.744033809,0.387755117,1.279830953,-0.938775583
0.5,0.741442794,0.386711984,1.29278603,-0.93355992
0.51,0.739404903,0.384344231,1.302975486,-0.921721153
0.52,0.737919436,0.380696001,1.310402822,-0.903480006
0.53,0.73696972,0.375845614,1.315151402,-0.879228072
0.54,0.736525042,0.369898445,1.317374791,-0.849492224
0.55,0.736543694,0.362978038,1.317281532,-0.814890188
0.56,0.736976597,0.355216831,1.315117013,-0.776084156
0.57,0.737770966,0.346747701,1.311145169,-0.733738504
0.58,0.738873584,0.337697095,1.305632078,-0.688485477
0.59,0.740233443,0.328180154,1.298832787,-0.64090077
0.6,0.741803608,0.31829783,1.29098196,-0.59148915
0.61,0.743542342,0.308135781,1.282288291,-0.540678907
0.62,0.745413651,0.297764433,1.272931743,-0.488822164
0.63,0.747387286,0.287240142,1.263063571,-0.436200709
0.64,0.749438426,0.276606816,1.252807868,-0.383034078
0.65,0.751547197,0.265897709,1.242264014,-0.329488547
0.66,0.753698005,0.255137392,1.231509975,-0.275686959
0.67,0.755878899,0.244343483,1.220605505,-0.221717415
0.68,0.758080921,0.233528256,1.209595396,-0.167641278
0.69,0.760297519,0.222699978,1.198512404,-0.113499888
0.7,0.762524024,0.211864025,1.187379882,-0.059320124
0.71,0.764757197,0.201023762,1.176214017,-0.005118808
0.72,0.766994862,0.19018121,1.165025688,0.049093952
0.73,0.76923561,0.17933754,1.153821949,0.103312301
0.74,0.771478569,0.168493417,1.142607154,0.157532916
0.75,0.773723243,0.157649235,1.131383787,0.211753824
0.76,0.775969403,0.146805277,1.120152986,0.265973617
0.77,0.778217032,0.135961831,1.108914838,0.320190843
0.78,0.780466309,0.125119317,1.097668453,0.374403416
0.79,0.782717624,0.114278427,1.086411878,0.428607864
0.8,0.784971626,0.103440358,1.07514187,0.482798209
0.81,0.787229284,0.092607131,1.063853582,0.536964347
0.82,0.789491964,0.081782065,1.052540182,0.591089676
0.83,0.791761502,0.070970399,1.041192491,0.645148003
0.84,0.794040294,0.060180278,1.029798532,0.699098611
0.85,0.796331305,0.049423551,1.018343474,0.752882243
0.86,0.798638145,0.038717377,1.006809276,0.806413115
0.87,0.80096503,0.028085659,0.995174852,0.859571705
0.88,0.803316727,0.017560892,0.983416367,0.912195542
0.89,0.805698421,0.007186083,0.971507895,0.964069586
0.9,0.808115505,-0.002983259,0.959422475,1.014916295
0.91,0.810573275,-0.0128773,0.947133624,1.064386502
0.92,0.813076533,-0.022410489,0.934617333,1.112052444
0.93,0.815629095,-0.031480945,0.921854526,1.157404723
0.94,0.818233223,-0.039971048,0.908833885,1.199855239
0.95,0.820889059,-0.047749752,0.895554705,1.238748758
0.96,0.823594055,-0.054676706,0.882029726,1.27338353
0.97,0.826342567,-0.060608751,0.868287164,1.303043754
0.98,0.829125694,-0.0654082,0.854371531,1.327040999
0.99,0.831931389,-0.068952598,0.840343054,1.344762991
1,0.834745001,-0.071144486,0.826274994,1.355722428
1.01,0.837550136,-0.071920157,0.812249318,1.359600785
1.02,0.840329814,-0.07125571,0.798350929,1.356278552
1.03,0.84306774,-0.0691694,0.784661298,1.345846998
1.04,0.845749521,-0.065719877,0.771252394,1.328599383
1.05,0.848363634,-0.061000532,0.758181831,1.305002659
1.06,0.850902041,-0.055131108,0.745489796,1.275655539
1.07,0.853360398,-0.048247887,0.73319801,1.241239434
1.08,0.855737886,-0.040493919,0.721310568,1.202469593
1.09,0.858036761,-0.03201042,0.709816196,1.160052101
1.1,0.860261709,-0.022930109,0.698691455,1.114650546
1.11,0.86241916,-0.013372625,0.687904199,1.066863126
1.12,0.864516601,-0.003442083,0.677416997,1.017210413
1.13,0.866561977,0.006773798,0.667190113,0.966131012
1.14,0.868563212,0.017203131,0.65718394,0.913984345
1.15,0.870527833,0.02778864,0.647360834,0.861056802
1.16,0.87246273,0.038485776,0.63768635,0.807571118
1.17,0.874373995,0.049260825,0.628130025,0.753695874
1.18,0.87626686,0.060088887,0.618665698,0.699555564
1.19,0.878145691,0.070952065,0.609271546,0.645239674
1.2,0.880014025,0.081837859,0.599929875,0.590810705
1.21,0.881874648,0.092737805,0.590626761,0.536310977
1.22,0.883729682,0.103646358,0.58135159,0.481768209
1.23,0.88558069,0.114560012,0.572096551,0.42719994
1.24,0.887428777,0.12547662,0.562856117,0.3726169
1.25,0.889274682,0.136394914,0.553626588,0.318025431
1.26,0.89111886,0.147314156,0.544405698,0.263429219
1.27,0.892961535,0.158233908,0.535192326,0.208830461
1.28,0.894802729,0.169153868,0.525986356,0.154230661
1.29,0.896642259,0.180073753,0.516788704,0.099631234
1.3,0.898479696,0.190993187,0.507601518,0.045034067
1.31,0.900314236,0.201911505,0.498428822,-0.009557523
1.32,0.902144633,0.212827618,0.489276837,-0.06413809
1.33,0.903968892,0.223739563,0.480155538,-0.118697817
1.34,0.905784057,0.234644069,0.471079713,-0.173220344
1.35,0.90758593,0.245536017,0.46207035,-0.227680085
1.36,0.909368545,0.256407384,0.453157273,-0.282036922
1.37,0.911123762,0.267246235,0.444381192,-0.336231176
1.38,0.912840764,0.27803547,0.435796182,-0.390177352
1.39,0.914505419,0.28875112,0.427472906,-0.443755602
1.4,0.916099719,0.299360639,0.419501405,-0.496803196
1.41,0.917601209,0.309820986,0.411993956,-0.549104929
1.42,0.918982514,0.320076725,0.405087431,-0.600383626
1.43,0.920211055,0.330058344,0.398944727,-0.650291718
1.44,0.92124906,0.339681064,0.393754701,-0.698405318
1.45,0.922054008,0.348844536,0.389729958,-0.744222679
1.46,0.922579627,0.357433787,0.387101866,-0.787168935
1.47,0.922777556,0.36532193,0.386112221,-0.826609649
1.48,0.922599693,0.372374787,0.387001537,-0.861873933
1.49,0.922001142,0.378457585,0.389994288,-0.892287924
1.5,0.920943542,0.38344336,0.395282291,-0.917216798
1.51,0.919398375,0.387222301,0.403008124,-0.936111506
1.52,0.917349801,0.38971089,0.413250995,-0.94855445
1.53,0.914796505,0.390859441,0.426017473,-0.954297207
1.54,0.911752205,0.390656783,0.441238973,-0.953283916
1.55,0.908244666,0.389131228,0.458776671,-0.94565614
1.56,0.904313355,0.386347659,0.478433226,-0.931738294
1.57,0.900006139,0.382401317,0.499969305,-0.912006583
1.58,0.895375533,0.377409377,0.523122333,-0.887046886
1.59,0.890475055,0.371501675,0.547624724,-0.857508374
1.6,0.88535611,0.364811871,0.57321945,-0.824059356
1.61,0.880065665,0.357469967,0.599671677,-0.787349834
1.62,0.874644789,0.349596696,0.626776055,-0.747983478
1.63,0.869127996,0.341299903,0.654360019,-0.706499516
1.64,0.86354323,0.332672724,0.682283848,-0.66336362
1.65,0.857912318,0.323793224,0.710438411,-0.61896612
1.66,0.852251678,0.314725027,0.738741609,-0.573625136
1.67,0.846573213,0.305518741,0.767133933,-0.527593705
1.68,0.84088516,0.296213571,0.795574199,-0.481067857
1.69,0.835192938,0.286839202,0.824035309,-0.434196008
1.7,0.829499871,0.27741753,0.852500645,-0.387087648
1.71,0.823807801,0.26796429,0.880960997,-0.339821451
1.72,0.818117586,0.2584905,0.909412071,-0.292452501
1.73,0.812429476,0.249003642,0.937852622,-0.245018208
1.74,0.806743386,0.239508633,0.966283071,-0.197543164
1.75,0.801059089,0.230008611,0.994704556,-0.150043055
1.76,0.795376334,0.220505505,1.023118328,-0.102527527
1.77,0.789694922,0.211000469,1.051525392,-0.055002345
1.78,0.784014738,0.201494171,1.079926309,-0.007470853
1.79,0.77833579,0.191986997,1.108321048,0.040065017
1.8,0.772658239,0.182479183,1.136708803,0.087604083
1.81,0.766982465,0.172970918,1.165087674,0.135145412
1.82,0.761309175,0.163462433,1.193454124,0.182687833
1.83,0.755639562,0.15395413,1.22180219,0.230229348
1.84,0.749975644,0.144446811,1.250121779,0.277765946
1.85,0.744320434,0.134941847,1.27839783,0.325290763
1.86,0.738678683,0.125441758,1.306606583,0.372791209
1.87,0.733057245,0.115950603,1.334713774,0.420246987
1.88,0.727465972,0.106474816,1.362670139,0.467625919
1.89,0.721918552,0.097024094,1.390407239,0.514879528
1.9,0.716433602,0.087612584,1.417831989,0.561937079
1.91,0.711035783,0.078260192,1.444821084,0.608699041
1.92,0.70575703,0.068994098,1.471214848,0.655029512
1.93,0.700637746,0.059850355,1.496811269,0.700748225
1.94,0.695727843,0.050875454,1.521360786,0.745622729
1.95,0.691087446,0.042127664,1.54456277,0.789361681
1.96,0.686787039,0.033677901,1.566064806,0.831610495
1.97,0.682906735,0.025609751,1.585466327,0.871951245
1.98,0.679534517,0.018018428,1.602327417,0.90990786
1.99,0.676763104,0.011008174,1.616184478,0.944959132
2,0.674685502,0.004688054,1.62657249,0.976559731
2.01,0.673389326,-0.000833904,1.633053368,1.004169519
2.02,0.672950423,-0.005457812,1.635247884,1.027289061
2.03,0.673426503,-0.00909955,1.632867487,1.045497749
2.04,0.674851723,-0.011697895,1.625741384,1.058489477
2.05,0.677233168,-0.01322003,1.61383416,1.066100151
2.06,0.680549828,-0.013664523,1.597250861,1.068322614
2.07,0.684754405,-0.01306118,1.576227976,1.065305901
2.08,0.689777549,-0.01146793,1.551112255,1.057339648
2.09,0.695533858,-0.008965257,1.522330708,1.044826287
2.1,0.70192864,-0.005649227,1.490356802,1.028246134
2.11,0.708864475,-0.001624139,1.455677623,1.008120693
2.12,0.716246842,0.003004221,1.418765788,0.984978893
2.13,0.723988373,0.00813413,1.380058136,0.959329351
2.14,0.732011555,0.01367191,1.339942224,0.931640452
2.15,0.740250109,0.01953443,1.298749455,0.902327848
2.16,0.748649194,0.025650245,1.256754031,0.871748777
2.17,0.757164783,0.031959644,1.214176083,0.840201778
2.18,0.765762596,0.038414059,1.171187022,0.807929703
2.19,0.774416664,0.044974888,1.127916682,0.775125558
2.2,0.783107933,0.051612215,1.084460336,0.741938925
2.21,0.791822838,0.05830337,1.040885808,0.708483152
2.22,0.800552049,0.065031577,0.997239756,0.674842115
2.23,0.809289403,0.071784751,0.953552987,0.641076247
2.24,0.818031004,0.078554401,0.90984498,0.607227993
2.25,0.826774516,0.085334734,0.866127418,0.573326329
2.26,0.835518622,0.092121908,0.822406892,0.539390462
2.27,0.844262629,0.09891346,0.778686857,0.505432698
2.28,0.853006196,0.105707868,0.73496902,0.47146066
2.29,0.861749149,0.112504223,0.691254256,0.437478885
2.3,0.870491356,0.119302013,0.647543221,0.403489935
2.31,0.879232641,0.126100977,0.603836793,0.369495115
2.32,0.887972705,0.132901015,0.560136477,0.335494924
2.33,0.896710994,0.139702131,0.516445031,0.301489344
2.34,0.905446574,0.146504379,0.472767131,0.267478106
2.35,0.914177848,0.153307802,0.42911076,0.233460989
2.36,0.922902183,0.160112326,0.385489085,0.199438371
2.37,0.931615455,0.1669176,0.341922723,0.165412001
2.38,0.940311402,0.173722771,0.29844299,0.131386146
2.39,0.948980626,0.180526092,0.25509687,0.097369539
2.4,0.957609622,0.18732447,0.211951891,0.06337765
2.41,0.966179659,0.194112925,0.169101703,0.029435375
2.42,0.974665055,0.200883743,0.126674726,-0.004418717
2.43,0.983031681,0.207625634,0.084841594,-0.038128169
2.44,0.991235234,0.214322705,0.043823829,-0.071613527
2.45,0.99921959,0.220953393,0.003902049,-0.104766967
2.46,1.006915411,0.227489402,-0.034577054,-0.137447011
2.47,1.014239253,0.233894785,-0.071196265,-0.169473926
2.48,1.021093668,0.240125436,-0.105468338,-0.200627182
2.49,1.027368188,0.246128904,-0.136840938,-0.23064452
2.5,1.032942345,0.251845256,-0.164711724,-0.259226279
2.51,1.037690206,0.25720871,-0.18845103,-0.286043551
2.52,1.041486899,0.262150472,-0.207434497,-0.310752358
2.53,1.04421662,0.266602556,-0.221083098,-0.33301278
2.54,1.045781334,0.270502368,-0.228906672,-0.35251184
2.55,1.046109181,0.273797525,-0.230545905,-0.368987627
2.56,1.045161277,0.276450297,-0.225806383,-0.382251483
2.57,1.042935559,0.278440837,-0.214677796,-0.392204184
2.58,1.039467236,0.279768826,-0.197336181,-0.398844132
2.59,1.034825531,0.280453162,-0.174127655,-0.402265812
2.6,1.029107268,0.280529766,-0.145536341,-0.402648831
2.61,1.022428636,0.280048082,-0.112143178,-0.400240408
2.62,1.014916198,0.279066753,-0.074580988,-0.395333765
2.63,1.006698482,0.277649181,-0.033492409,-0.388245907
2.64,0.997899012,0.275859523,0.010504941,-0.379297616
2.65,0.988631156,0.273759419,0.056844222,-0.368797093
2.66,0.978995032,0.271405682,0.105024838,-0.357028412
2.67,0.969076042,0.268848854,0.15461979,-0.344244272
2.68,0.958944769,0.26613252,0.205276153,-0.330662599
2.69,0.948657979,0.2632933,0.256710105,-0.3164665
2.7,0.938260025,0.260361179,0.308699876,-0.301805896
2.71,0.927784655,0.257360148,0.361076726,-0.286800739
2.72,0.91725689,0.254308995,0.413715549,-0.271544973
2.73,0.906694717,0.251222077,0.466526416,-0.256110386
2.74,0.896110704,0.248110137,0.519446478,-0.240550685
2.75,0.885513348,0.244981014,0.572433262,-0.224905071
2.76,0.874908183,0.241840287,0.625459083,-0.209201433
2.77,0.864298681,0.238691814,0.678506595,-0.193459072
2.78,0.853686924,0.23553819,0.73156538,-0.17769095
2.79,0.843074115,0.232381095,0.784629427,-0.161905474
2.8,0.832460928,0.229221575,0.837695358,-0.146107877
2.81,0.821847757,0.226060243,0.890761213,-0.130301216
2.82,0.811234874,0.222897409,0.943825632,-0.114487043
2.83,0.800622548,0.219733161,0.996887259,-0.098665804
2.84,0.790011165,0.216567402,1.049944175,-0.082837011
2.85,0.77940136,0.213399851,1.102993199,-0.066999253
2.86,0.768794227,0.210230017,1.156028863,-0.051150086
2.87,0.758191619,0.207057172,1.209041903,-0.035285859
2.88,0.747596563,0.203880312,1.262017184,-0.019401558
2.89,0.737013963,0.200698121,1.314930186,-0.003490604
2.9,0.726451247,0.197508991,1.367743767,0.012455046
2.91,0.715919459,0.194311029,1.420402707,0.028444853
2.92,0.705434585,0.191102138,1.472827077,0.044489308
2.93,0.69501903,0.187880148,1.524904848,0.060599262
2.94,0.684703272,0.18464301,1.576483639,0.076784949
2.95,0.674527869,0.181389081,1.627360656,0.093054594
2.96,0.66454537,0.178117475,1.677273149,0.109412623
2.97,0.654822179,0.174828506,1.725889105,0.125857471
2.98,0.64544005,0.17152419,1.77279975,0.142379049
2.99,0.636496884,0.168208792,1.817515578,0.158956042
3,0.628106421,0.164889343,1.859467894,0.175553284
3.01,0.620396356,0.16157607,1.898018222,0.192119649
3.02,0.613504608,0.158282637,1.932476962,0.208586814
3.03,0.607573424,0.1550261,1.962132879,0.224869499
3.04,0.602741443,0.151826478,1.986292783,0.24086761
3.05,0.599134389,0.148705881,2.004328057,0.256470594
3.06,0.596855022,0.145687253,2.015724889,0.271563737
3.07,0.595974379,0.142792798,2.020128105,0.28603601
3.08,0.596524834,0.140042306,2.017375829,0.299788468
3.09,0.598496992,0.137451612,2.00751504,0.312741941
3.1,0.601840571,0.135031421,1.990797147,0.324842896
3.11,0.606469224,0.132786679,1.967653881,0.336066605
3.12,0.612268401,0.130716531,1.938657997,0.346417347
3.13,0.619104961,0.128814835,1.904475193,0.355925827
3.14,0.626837033,0.127071093,1.865814835,0.364644536
3.15,0.635322897,0.125471606,1.823385514,0.372641968
3.16,0.644428138,0.124000687,1.777859308,0.379996565
3.17,0.654030558,0.122641782,1.729847212,0.386791089
3.18,0.664023187,0.121378416,1.679884067,0.393107922
3.19,0.674315277,0.120194904,1.628423613,0.399025481
3.2,0.68483218,0.11907686,1.575839098,0.404615702
3.21,0.695514052,0.118011477,1.52242974,0.409942613
3.22,0.70631422,0.116987674,1.468428901,0.41506163
3.23,0.717197189,0.115996091,1.414014053,0.420019543
3.24,0.728136631,0.115029009,1.359316847,0.424854956
3.25,0.739113562,0.11408021,1.304432192,0.429598949
3.26,0.750114681,0.11314481,1.249426593,0.434275951
3.27,0.761130944,0.112219063,1.194345281,0.438904687
3.28,0.772156397,0.111300175,1.139218016,0.443499123
3.29,0.78318726,0.110386127,1.084063699,0.448069363
3.3,0.794221222,0.10947551,1.02889389,0.452622452
3.31,0.805256913,0.10856738,0.973715437,0.457163098
3.32,0.816293538,0.107661153,0.918532312,0.461694234
3.33,0.827330628,0.106756511,0.863346862,0.466217447
3.34,0.838367867,0.105853354,0.808160666,0.470733231
3.35,0.849404969,0.10495179,0.752975156,0.475241052
3.36,0.860441556,0.104052154,0.697792219,0.47973923
3.37,0.871477016,0.10315508,0.642614918,0.484224598
3.38,0.882510272,0.102261625,0.587448639,0.488691873
3.39,0.893539443,0.101373434,0.532302787,0.493132829
3.4,0.9045615,0.100492894,0.477192502,0.497535529
3.41,0.915571458,0.099623503,0.422142709,0.501882483
3.42,0.926561617,0.098770131,0.367191914,0.506149346
3.43,0.937520592,0.097939346,0.312397038,0.510303269
3.44,0.948431824,0.097139906,0.257840881,0.514300471
3.45,0.959272137,0.096383137,0.203639313,0.518084316
3.46,0.970009898,0.095683406,0.149950508,0.52158297
3.47,0.980603123,0.095058522,0.096984383,0.524707389
3.48,0.990997524,0.094530073,0.045012382,0.527349635
3.49,1.001124724,0.094123615,-0.005623619,0.529381925
3.5,1.010900922,0.093868632,-0.054504608,0.530656841
3.51,1.020226327,0.093798168,-0.101131636,0.531009161
3.52,1.028985884,0.093948022,-0.144929421,0.530259889
3.53,1.037051614,0.094355452,-0.185258068,0.528222738
3.54,1.044286926,0.095057358,-0.221434628,0.52471321
3.55,1.050553053,0.09608799,-0.252765265,0.519560052
3.56,1.055717299,0.097476416,-0.278586496,0.512617922
3.57,1.059662606,0.099243905,-0.298313031,0.503780477
3.58,1.062296929,0.101401808,-0.311484647,0.492990962
3.59,1.063561593,0.103950065,-0.317807963,0.480249677
3.6,1.063436745,0.106876848,-0.317183723,0.465615762
3.61,1.061943216,0.110159343,-0.309716081,0.449203285
3.62,1.05914039,0.113765606,-0.295701951,0.431171972
3.63,1.055120445,0.117657201,-0.275602225,0.411713997
3.64,1.050000062,0.121792199,-0.250000308,0.391039006
3.65,1.043910948,0.126128096,-0.219554742,0.369359518
3.66,1.036990552,0.130624305,-0.184952762,0.346878474
3.67,1.029373992,0.135244005,-0.146869959,0.323779975
3.68,1.021187844,0.139955286,-0.105939221,0.300223569
3.69,1.012546018,0.144731631,-0.06273009,0.276341846
3.7,1.003547471,0.149551892,-0.017737355,0.252240541
3.71,0.994275585,0.154399871,0.028622076,0.228000643
3.72,0.984798676,0.159263688,0.076006622,0.203681558
3.73,0.975171275,0.164135047,0.124143623,0.179324766
3.74,0.965435814,0.169008499,0.172820932,0.154957505
3.75,0.955624539,0.173880746,0.221877306,0.13059627
3.76,0.945761305,0.178750049,0.271193475,0.106249756
3.77,0.935863352,0.183615718,0.320683242,0.081921411
3.78,0.925942762,0.188477727,0.370286191,0.057611363
3.79,0.916007777,0.193336414,0.419961115,0.033317931
3.8,0.906063842,0.198192266,0.469680788,0.009038668
3.81,0.896114439,0.20304579,0.519427803,-0.015228949
3.82,0.886161719,0.207897422,0.569191407,-0.039487109
3.83,0.876206967,0.212747491,0.618965166,-0.063737455
3.84,0.866250934,0.217596199,0.668745328,-0.087980996
3.85,0.856294059,0.222443609,0.718529707,-0.112218045
3.86,0.846336611,0.227289624,0.768316945,-0.136448122
3.87,0.836378808,0.232133946,0.818105962,-0.160669732
3.88,0.826420912,0.236975979,0.867895439,-0.184879897
3.89,0.81646337,0.241814685,0.917683149,-0.209073426
3.9,0.806506991,0.246648375,0.967465044,-0.233241873
3.91,0.796553225,0.251474403,1.017233876,-0.257372014
3.92,0.7866046,0.256288719,1.066977002,-0.281443595
3.93,0.776665286,0.261085351,1.116673568,-0.305426754
3.94,0.766741811,0.265855785,1.166290946,-0.329278924
3.95,0.756843985,0.270588192,1.215780073,-0.352940961
3.96,0.746986249,0.275266368,1.265068755,-0.376331842
3.97,0.737188836,0.279868922,1.314055821,-0.39934461
3.98,0.727479493,0.284368057,1.362602534,-0.421840286
3.99,0.717895108,0.288728554,1.410524462,-0.443642772
4,0.708483387,0.29290681,1.457583067,-0.464534052
4.01,0.699304348,0.29685015,1.503478259,-0.484250748
4.02,0.69043129,0.300496648,1.547843552,-0.502483242
4.03,0.681951168,0.303775541,1.590244158,-0.518877705
4.04,0.673963542,0.306608754,1.630182292,-0.533043772
4.05,0.66657825,0.308913425,1.667108748,-0.544567124
4.06,0.659911247,0.310605728,1.700443765,-0.553028641
4.07,0.654078667,0.311605774,1.729606666,-0.558028872
4.08,0.649189472,0.31184329,1.754052641,-0.559216452
4.09,0.645337321,0.311263409,1.773313397,-0.556317046
4.1,0.642592818,0.309831698,1.787035908,-0.549158492
4.11,0.640997114,0.307537765,1.795014428,-0.537688824
4.12,0.640558154,0.304396562,1.797209229,-0.52198281
4.13,0.641250119,0.300447237,1.793749403,-0.502236183
4.14,0.643016169,0.295749648,1.784919157,-0.47874824
4.15,0.645773997,0.290379135,1.771130015,-0.451895677
4.16,0.649423043,0.284420493,1.752884785,-0.422102466
4.17,0.653852429,0.277961897,1.730737855,-0.389809487
4.18,0.658948388,0.271089637,1.705258058,-0.355448185
4.19,0.664600533,0.263883996,1.676997334,-0.319419978
4.2,0.670706441,0.2564166,1.646467795,-0.282082999
4.21,0.677174708,0.248748923,1.61412646,-0.243744615
4.22,0.683926324,0.240932036,1.580368381,-0.204660178
4.23,0.690895041,0.233006983,1.545524794,-0.165034915
4.24,0.698026717,0.225005813,1.509866415,-0.125029065
4.25,0.705278222,0.216952785,1.473608889,-0.084763926
4.26,0.712616005,0.208865713,1.436919977,-0.044328565
4.27,0.72001459,0.200757246,1.399927048,-0.003786228
4.28,0.72745508,0.192636057,1.362724601,0.036819715
4.29,0.734923813,0.184507848,1.325380936,0.077460762
4.3,0.742411172,0.176376187,1.287944139,0.118119066
4.31,0.749910576,0.168243181,1.25044712,0.158784093
4.32,0.757417654,0.160109987,1.212911731,0.199450067
4.33,0.764929595,0.151977179,1.175352027,0.240114106
4.34,0.772444651,0.143845016,1.137776744,0.280774918
4.35,0.779961776,0.135713613,1.100191122,0.321431933
4.36,0.787480366,0.127583051,1.062598172,0.362084744
4.37,0.795000097,0.11945346,1.024999517,0.402732701
4.38,0.802520815,0.11132509,0.987395927,0.443374548
4.39,0.810042462,0.103198412,0.949787692,0.484007938
4.4,0.817565013,0.095074258,0.912174933,0.524628711
4.41,0.825088402,0.086954038,0.874557992,0.565229809
4.42,0.832612397,0.078840062,0.836938014,0.605799692
4.43,0.840136425,0.070735992,0.799317874,0.64632004
4.44,0.847659286,0.062647461,0.761703568,0.686762696
4.45,0.855178769,0.054582841,0.724106155,0.727085794
4.46,0.862691128,0.046554213,0.68654436,0.767228934
4.47,0.870190437,0.038578481,0.649047816,0.807107593
4.48,0.877667703,0.030678834,0.611661483,0.846605828
4.49,0.885109912,0.022886186,0.574450439,0.885569072
4.5,0.892498891,0.015240794,0.537505545,0.92379603
4.51,0.899810105,0.007793845,0.500949475,0.961030774
4.52,0.907011461,0.000608836,0.464942694,0.996955818
4.53,0.914062263,-0.006237477,0.429688684,1.031187387
4.54,0.920912505,-0.012654878,0.395437475,1.063274389
4.55,0.927502772,-0.018540603,0.362486141,1.092703013
4.56,0.933764925,-0.023781642,0.331175375,1.118908209
4.57,0.939623969,-0.028258848,0.301880155,1.141294238
4.58,0.945001037,-0.031852694,0.274994815,1.159263468
4.59,0.949817659,-0.034450651,0.250911707,1.172253257
4.6,0.954000911,-0.035955418,0.229995445,1.179777091
4.61,0.957488966,-0.036293075,0.212555168,1.181465377
4.62,0.960236263,-0.035419925,0.198818683,1.177099627
4.63,0.962217516,-0.033326888,0.188912422,1.166634439
4.64,0.963429879,-0.03004062,0.182850606,1.150203102
4.65,0.963892877,-0.025621077,0.180535613,1.128105383
4.66,0.963646206,-0.020156011,0.181768969,1.100780057
4.67,0.962745806,-0.01375334,0.18627097,1.068766702
4.68,0.96125894,-0.006532611,0.193705299,1.032663056
4.69,0.959258999,0.001383235,0.203705003,0.993083827
4.7,0.956820744,0.009874852,0.215896282,0.950625738
4.71,0.954016367,0.018831789,0.229918166,0.905841057
4.72,0.950912644,0.028155847,0.245436781,0.859220764
4.73,0.947569135,0.037762771,0.262154325,0.811186147
4.74,0.944037316,0.047582537,0.279813422,0.762087313
4.75,0.940360451,0.057558644,0.298197745,0.712206782
4.76,0.936574002,0.067646738,0.31712999,0.661766311
4.77,0.932706351,0.077812945,0.336468243,0.610935276
4.78,0.928779704,0.088032096,0.356101481,0.55983952
4.79,0.924811039,0.09828602,0.375944804,0.5085699
4.8,0.920813045,0.108561993,0.395934775,0.457190033
4.81,0.91679497,0.118851404,0.41602515,0.405742978
4.82,0.912763395,0.129148626,0.436183025,0.354256871
4.83,0.90872287,0.139450132,0.456385651,0.30274934
4.84,0.904676449,0.149753808,0.476617753,0.251230959
4.85,0.90062612,0.16005844,0.4968694,0.199707798
4.86,0.896573124,0.170363354,0.517134379,0.14818323
4.87,0.8925182,0.180668167,0.537409,0.096659167
4.88,0.888461746,0.190972622,0.557691272,0.04513689
4.89,0.884403921,0.201276472,0.577980397,-0.006382359
4.9,0.880344702,0.211579369,0.59827649,-0.057896844
4.91,0.876283901,0.22188073,0.618580496,-0.109403652
4.92,0.872221167,0.232179574,0.638894165,-0.160897868
4.93,0.868155974,0.242474215,0.659220131,-0.212371075
4.94,0.864087618,0.252761862,0.679561909,-0.263809308
4.95,0.860015244,0.26303807,0.699923781,-0.315190348
4.96,0.85593789,0.273296041,0.720310549,-0.366480205
4.97,0.851854592,0.283525569,0.740727038,-0.417627846
4.98,0.847764554,0.29371183,0.761177231,-0.46855915
4.99,0.843667383,0.303834036,0.781663087,-0.519170178
5,0.839563397,0.31386384,0.802183017,-0.569319199
5.01,0.835454068,0.323763275,0.822729661,-0.618816376
5.02,0.831342511,0.333482976,0.843287447,-0.667414882
5.03,0.827234068,0.34296029,0.863829662,-0.714801449
5.04,0.823136935,0.352117714,0.884315323,-0.760588571
5.05,0.819062796,0.360861916,0.904686022,-0.804309579
5.06,0.815027302,0.36908393,0.924863491,-0.845419649
5.07,0.811050469,0.376660425,0.944747654,-0.883302125
5.08,0.807156664,0.383457093,0.964216678,-0.917285464
5.09,0.803374191,0.38933399,0.983129043,-0.946669952
5.1,0.799734306,0.394152921,1.001328468,-0.970764604
5.11,0.796269709,0.39778646,1.018651456,-0.988932299
5.12,0.793012512,0.400127707,1.03493744,-1.000638536
5.13,0.789991955,0.401099371,1.050040224,-1.005496856
5.14,0.787232095,0.400661139,1.063839527,-1.003305695
5.15,0.784749866,0.398813588,1.07625067,-0.994067942
5.16,0.782553797,0.395598224,1.087231015,-0.977991118
5.17,0.780643565,0.391093507,1.096782173,-0.955467534
5.18,0.779010439,0.385407611,1.104947807,-0.927038056
5.19,0.777638458,0.378669177,1.111807711,-0.893345887
5.2,0.77650612,0.371017498,1.117469402,-0.85508749
5.21,0.775588285,0.362593422,1.122058574,-0.812967108
5.22,0.774858031,0.3535319,1.125709847,-0.767659501
5.23,0.774288271,0.343956564,1.128558643,-0.719782821
5.24,0.773853039,0.33397646,1.130734806,-0.669882298
5.25,0.77352838,0.323684594,1.132358101,-0.618422971
5.26,0.773292914,0.313157914,1.13353543,-0.565789569
5.27,0.773128079,0.302458373,1.134359605,-0.512291864
5.28,0.773018173,0.291634492,1.134909136,-0.458172462
5.29,0.772950204,0.280723367,1.135248978,-0.403616835
5.3,0.77291368,0.269752558,1.135431598,-0.348762792
5.31,0.772900297,0.258742047,1.135498517,-0.293710237
5.32,0.772903639,0.247705884,1.135481807,-0.238529419
5.33,0.772918865,0.236653656,1.135405676,-0.183268281
5.34,0.772942413,0.225591698,1.135287937,-0.127958489
5.35,0.772971738,0.214524037,1.135141309,-0.072620186
5.36,0.773005079,0.203453149,1.134974605,-0.017265747
5.37,0.773041262,0.192380501,1.134793692,0.038097496
5.38,0.773079547,0.181306938,1.134602264,0.093465309
5.39,0.773119515,0.170232958,1.134402425,0.14883521
5.4,0.773160987,0.159158886,1.134195063,0.204205568
5.41,0.773203995,0.148085011,1.133980027,0.259574947
5.42,0.773248784,0.137011697,1.13375608,0.314941516
5.43,0.773295863,0.125939534,1.133520685,0.370302329
5.44,0.773346085,0.114869538,1.133269573,0.42565231
5.45,0.773400776,0.10380345,1.132996119,0.480982752
5.46,0.773461899,0.092744177,1.132690503,0.536279115
5.47,0.77353226,0.08169641,1.132338698,0.591517952
5.48,0.773615748,0.070667441,1.131921261,0.646662797
5.49,0.773717576,0.059668139,1.13141212,0.701659306
5.5,0.773844608,0.048714317,1.130776962,0.756428415
5.51,0.774005641,0.037828232,1.129971793,0.81085884
5.52,0.774211697,0.027040303,1.128941514,0.864798486
5.53,0.774476298,0.016391112,1.127618512,0.918044439
5.54,0.774815654,0.005933373,1.125921732,0.970333136
5.55,0.775248729,-0.004266262,1.123756356,1.021331311
5.56,0.775797143,-0.014125701,1.121014286,1.070628505
5.57,0.776484832,-0.023546613,1.117575841,1.117733065
5.58,0.777337381,-0.032414923,1.113313094,1.162074614
5.59,0.778381029,-0.040602793,1.108094856,1.203013964
5.6,0.779641299,-0.047972523,1.101793504,1.239862614
5.61,0.78114134,-0.054382685,1.094293299,1.271913425
5.62,0.782900086,-0.059696162,1.085499571,1.29848081
5.63,0.784930461,-0.063789609,1.075347694,1.318948044
5.64,0.787237899,-0.06656325,1.063810504,1.33281625
5.65,0.789819435,-0.067949654,1.050902824,1.339748272
5.66,0.792663585,-0.067920064,1.036682074,1.33960032
5.67,0.795751086,-0.066487138,1.021244568,1.33243569
5.68,0.799056406,-0.063703658,1.004717969,1.318518288
5.69,0.802549798,-0.059657354,0.987251009,1.29828677
5.7,0.806199576,-0.054462911,0.969002122,1.272314557
5.71,0.80997428,-0.048252429,0.950128602,1.241262145
5.72,0.813844486,-0.04116578,0.93077757,1.205828902
5.73,0.817784093,-0.033342036,0.911079534,1.16671018
5.74,0.821771066,-0.024912674,0.891144672,1.124563371
5.75,0.825787667,-0.015996902,0.871061666,1.07998451
5.76,0.82982031,-0.006698984,0.850898449,1.033494921
5.77,0.833859145,0.002892749,0.830704276,0.985536257
5.78,0.837897487,0.012705588,0.810512563,0.936472062
5.79,0.841931196,0.022681212,0.790344022,0.88659394
5.8,0.845958074,0.032774057,0.770209632,0.836129714
5.81,0.849977322,0.042949391,0.750113392,0.785253046
5.82,0.853989072,0.053181373,0.730054641,0.734093133
5.83,0.85799402,0.063451308,0.7100299,0.682743461
5.84,0.861993137,0.073746023,0.690034316,0.631269886
5.85,0.865987466,0.084056492,0.670062672,0.579717538
5.86,0.869977988,0.094376737,0.650110061,0.528116315
5.87,0.873965544,0.104702921,0.630172279,0.476485393
5.88,0.877950799,0.115032669,0.610246005,0.424836656
5.89,0.881934234,0.125364554,0.590328832,0.373177231
5.9,0.885916154,0.135697742,0.570419232,0.321511289
5.91,0.889896699,0.146031747,0.550516505,0.269841267
5.92,0.893875842,0.156366262,0.53062079,0.218168688
5.93,0.897853357,0.166701049,0.510733214,0.166494754
5.94,0.901828754,0.177035821,0.490856232,0.114820896
5.95,0.905801157,0.187370115,0.470994217,0.063149424
5.96,0.90976913,0.197703112,0.451154352,0.011484441
5.97,0.913730405,0.208033347,0.431347974,-0.040166733
5.98,0.917681519,0.218358291,0.411592407,-0.091791455
5.99,0.921617362,0.228673789,0.391913188,-0.143368946
6,0.925530641,0.238973325,0.372346796,-0.194866626
6.01,0.929411208,0.24924708,0.352943962,-0.246235399
6.02,0.933245219,0.259480658,0.333773907,-0.297403292
6.03,0.937014251,0.269653654,0.314928744,-0.34826827
6.04,0.940694515,0.279738236,0.296527423,-0.39869118
6.05,0.944255746,0.289697167,0.278721269,-0.448485833
6.06,0.947660443,0.299482146,0.261697786,-0.497410729
6.07,0.950863223,0.309032183,0.245683886,-0.545160917
6.08,0.953810566,0.318272391,0.230947168,-0.591361956
6.09,0.956441194,0.327113618,0.217794029,-0.635568089
6.1,0.958687127,0.335453008,0.206564363,-0.67726504
6.11,0.96047585,0.343176302,0.197620752,-0.715881512
6.12,0.961733468,0.350161814,0.191332662,-0.750809071
6.13,0.962388891,0.356286308,0.188055545,-0.781431539
6.14,0.962378741,0.361432508,0.188106293,-0.80716254
6.15,0.961652467,0.365497576,0.191737667,-0.82748788
6.16,0.960176971,0.368401524,0.199115147,-0.84200762
6.17,0.957940016,0.370094347,0.210299919,-0.850471735
6.18,0.954951749,0.370560649,0.225241253,-0.852803246
6.19,0.951244024,0.369820941,0.243779881,-0.849104707
6.2,0.946867637,0.367929452,0.265661815,-0.839647261
6.21,0.941887895,0.364968789,0.290560524,-0.824843947
6.22,0.936379295,0.361042524,0.318103524,-0.80521262
6.23,0.930420089,0.356266838,0.347899555,-0.781334192
6.24,0.924087429,0.350762446,0.379562855,-0.75381223
6.25,0.917453544,0.344647653,0.412732282,-0.723238264
6.26,0.910583133,0.338033069,0.447084337,-0.690165346
6.27,0.903531941,0.3310181,0.482340297,-0.655090502
6.28,0.896346346,0.323689099,0.518268269,-0.618445494
6.29,0.889063696,0.316118857,0.554681519,-0.580594285
6.3,0.881713138,0.308367089,0.591434309,-0.541835443
6.31,0.874316697,0.300481507,0.628416516,-0.502407535
6.32,0.866890525,0.292499391,0.665547374,-0.462496956
6.33,0.859446041,0.284449129,0.702769797,-0.422245644
6.34,0.851991005,0.276351816,0.740044973,-0.381759078
6.35,0.844530474,0.26822276,0.777347632,-0.3411138
6.36,0.837067558,0.260072775,0.814662212,-0.300363877
6.37,0.829604039,0.251909274,0.851979803,-0.25954637
6.38,0.822140848,0.243737196,0.889295758,-0.218685979
6.39,0.814678404,0.235559728,0.92660798,-0.177798642
6.4,0.807216854,0.22737886,0.963915728,-0.136894298
6.41,0.799756234,0.219195789,1.001218829,-0.095978943
6.42,0.792296565,0.211011212,1.038517173,-0.055056059
6.43,0.784837927,0.202825518,1.075810365,-0.014127588
6.44,0.777380516,0.194638912,1.113097418,0.02680544
6.45,0.769924728,0.186451505,1.150376358,0.067742475
6.46,0.762471284,0.178263383,1.187643582,0.108683087
6.47,0.755021428,0.170074703,1.224892858,0.149626486
6.48,0.747577187,0.161885815,1.262114065,0.190570925
6.49,0.740141778,0.15369746,1.299291109,0.231512699
6.5,0.732720216,0.145511099,1.33639892,0.272444506
6.51,0.725319938,0.137329303,1.37340031,0.313353484
6.52,0.717951605,0.129156269,1.410241977,0.354218654
6.53,0.710630426,0.120998694,1.446847871,0.395006529
6.54,0.703377107,0.11286652,1.483114467,0.4356674
6.55,0.696219423,0.104774113,1.518902887,0.476129435
6.56,0.689193638,0.096741449,1.554031811,0.516292754
6.57,0.682346006,0.088795444,1.588269972,0.556022781
6.58,0.675734111,0.080971277,1.621329445,0.595143615
6.59,0.669427863,0.073313588,1.652860683,0.633432062
6.6,0.663509881,0.065877349,1.682450597,0.670613256
6.61,0.658074765,0.05872801,1.709626175,0.706359952
6.62,0.653227293,0.05194092,1.733863534,0.740295398
6.63,0.649078889,0.045599463,1.754605554,0.772002685
6.64,0.645742492,0.039791856,1.771287541,0.80104072
6.65,0.643325916,0.034606639,1.78337042,0.826966804
6.66,0.641924179,0.030126997,1.790379105,0.849365017
6.67,0.641611771,0.026424587,1.791941146,0.867877063
6.68,0.642435818,0.023553582,1.78782091,0.882232088
6.69,0.644411372,0.021545866,1.777943141,0.892270672
6.7,0.647519765,0.020408278,1.762401176,0.897958609
6.71,0.651710152,0.020122213,1.741449238,0.899388935
6.72,0.656904182,0.020645729,1.715479092,0.896771356
6.73,0.663002937,0.02191776,1.684985314,0.8904112
6.74,0.669894887,0.023863533,1.650525565,0.880682333
6.75,0.677463832,0.026400466,1.61268084,0.867997672
6.76,0.685595824,0.029443704,1.572020878,0.852781481
6.77,0.694184501,0.032910742,1.529077497,0.835446292
6.78,0.703134668,0.03672488,1.484326661,0.816375598
6.79,0.712364181,0.040817444,1.438179093,0.795912779
6.8,0.721804393,0.045128863,1.390978037,0.774355686
6.81,0.731399695,0.049608968,1.343001523,0.751955159
6.82,0.741106289,0.054216575,1.294468557,0.728917126
6.83,0.750890585,0.058918655,1.245547075,0.705406724
6.84,0.760727581,0.063689366,1.196362097,0.681553169
6.85,0.770599178,0.068508932,1.147004109,0.657455339
6.86,0.780492678,0.073362568,1.097536611,0.633187158
6.87,0.790399459,0.078239481,1.048002706,0.608802596
6.88,0.800313892,0.083131995,0.998430538,0.584340024
6.89,0.810232454,0.088034802,0.948837732,0.559825992
6.9,0.820153034,0.092944331,0.899234829,0.535278344
6.91,0.830074433,0.09785826,0.849627836,0.5107087
6.92,0.839995992,0.102775127,0.800020041,0.486124363
6.93,0.84991735,0.107694057,0.750413252,0.461529713
6.94,0.859838272,0.112614558,0.700808639,0.436927208
6.95,0.869758538,0.117536399,0.65120731,0.412318004
6.96,0.879677836,0.122459535,0.60161082,0.387702325
6.97,0.889595648,0.12738407,0.552021758,0.36307965
6.98,0.899511082,0.132310241,0.50244459,0.338448797
6.99,0.909422616,0.137238401,0.452886918,0.313807995
7,0.919327739,0.142168998,0.403361305,0.289155011
7.01,0.929222423,0.147102512,0.353887885,0.264487439
7.02,0.939100466,0.152039361,0.30449767,0.239803196
7.03,0.948952445,0.156979713,0.255237774,0.215101437
7.04,0.958764883,0.161923276,0.206175586,0.190383622
7.05,0.968518611,0.166868931,0.157406944,0.165655344
7.06,0.978187355,0.171814315,0.109063226,0.140928423
7.07,0.987735879,0.176755257,0.061320603,0.116223715
7.08,0.997118175,0.181685143,0.014409127,0.091574287
7.09,1.006275604,0.18659419,-0.031378018,0.06702905
7.1,1.015135308,0.19146869,-0.075676538,0.042656552
7.11,1.023609131,0.196290284,-0.118045653,0.018548578
7.12,1.031593436,0.20103539,-0.157967178,-0.005176952
7.13,1.038970219,0.205674898,-0.194851093,-0.028374488
7.14,1.045609905,0.210174296,-0.228049523,-0.050871479
7.15,1.051376164,0.2144944,-0.256880821,-0.072471999
7.16,1.056132715,0.218592772,-0.280663576,-0.092963858
7.17,1.059751906,0.222425843,-0.298759529,-0.112129214
7.18,1.062124067,0.225951639,-0.310620336,-0.129758195
7.19,1.063166865,0.229132847,-0.315834327,-0.145664234
7.2,1.062832817,0.231939789,-0.314164085,-0.159698944
7.21,1.061114014,0.234352899,-0.305570071,-0.171764494
7.22,1.058043022,0.23636428,-0.290215111,-0.181821399
7.23,1.053689764,0.237978088,-0.26844882,-0.189890442
7.24,1.048155021,0.239209746,-0.240775105,-0.196048732
7.25,1.041561674,0.240084168,-0.207808372,-0.200420839
7.26,1.034045076,0.240633342,-0.170225378,-0.203166709
7.27,1.025743858,0.240893661,-0.128719288,-0.204468306
7.28,1.016792205,0.240903364,-0.083961027,-0.204516818
7.29,1.007314129,0.240700346,-0.036570643,-0.20350173
7.3,0.99741974,0.24032047,0.012901299,-0.20160235
7.31,0.98720356,0.239796426,0.063982201,-0.198982131
7.32,0.976744229,0.239157074,0.116278857,-0.195785369
7.33,0.966105302,0.238427177,0.169473492,-0.192135887
7.34,0.955336854,0.237627485,0.223315728,-0.188137427
7.35,0.944477242,0.236774958,0.277613789,-0.183874788
7.36,0.93355513,0.23588317,0.33222435,-0.179415848
7.37,0.922591344,0.234962744,0.387043281,-0.174813718
7.38,0.911600598,0.234021812,0.44199701,-0.170109058
7.39,0.900592967,0.233066453,0.497035167,-0.165332264
7.4,0.88957512,0.232101099,0.552124398,-0.160505496
7.41,0.878551322,0.231128896,0.60724339,-0.155644481
7.42,0.867524192,0.230152009,0.662379039,-0.150760043
7.43,0.856495284,0.229171875,0.717523582,-0.145859373
7.44,0.845465491,0.228189407,0.772672543,-0.140947033
7.45,0.834435334,0.227205141,0.827823328,-0.136025705
7.46,0.823405145,0.22621934,0.882974274,-0.131096699
7.47,0.812375208,0.225232045,0.938123961,-0.126160223
7.48,0.801345873,0.224243094,0.993270635,-0.12121547
7.49,0.790317694,0.223252098,1.048411532,-0.116260488
7.5,0.779291616,0.222258376,1.103541921,-0.111291878
7.51,0.768269268,0.221260864,1.158653658,-0.106304321
7.52,0.757253377,0.220257996,1.213733116,-0.101289982
7.53,0.746248341,0.219247558,1.268758293,-0.09623779
7.54,0.735261003,0.218226527,1.323694984,-0.091132635
7.55,0.724301628,0.217190899,1.378491858,-0.085954496
7.56,0.713385176,0.216135501,1.433074119,-0.080677506
7.57,0.702532853,0.215053808,1.487335733,-0.075269038
7.58,0.691773684,0.21393782,1.541131578,-0.069689101
7.59,0.681146568,0.212777927,1.594267161,-0.063889635
7.6,0.670702211,0.211562873,1.646488947,-0.057814367
7.61,0.660505049,0.210279815,1.697474753,-0.051399073
7.62,0.650634839,0.208914506,1.746825807,-0.044572529
7.63,0.641187576,0.207451665,1.79406212,-0.037258327
7.64,0.632275361,0.205875538,1.838623193,-0.029377688
7.65,0.624024767,0.204170673,1.879876166,-0.020853363
7.66,0.616573277,0.20232291,1.917133613,-0.011614549
7.67,0.610063605,0.200320485,1.949681973,-0.001602427
7.68,0.60463597,0.198155203,1.97682015,0.009223987
7.69,0.600418721,0.195823468,1.997906397,0.02088266
7.7,0.597518525,0.193327009,2.012407377,0.033364956
7.71,0.59601101,0.190673187,2.019944948,0.046634063
7.72,0.595933831,0.187874703,2.020330843,0.060626483
7.73,0.597282968,0.184948758,2.013585161,0.075256209
7.74,0.600013145,0.181915746,1.999934275,0.090421271
7.75,0.604042331,0.178797671,1.979788346,0.106011643
7.76,0.609259281,0.175616548,1.953703596,0.121917258
7.77,0.615532983,0.17239297,1.922335083,0.138035148
7.78,0.622722562,0.169145045,1.886387188,0.154274774
7.79,0.63068625,0.165887732,1.846568752,0.170561341
7.8,0.639288735,0.16263259,1.803556327,0.186837049
7.81,0.648406346,0.159387881,1.757968268,0.203060593
7.82,0.657930163,0.156158904,1.710349183,0.219205482
7.83,0.66776742,0.152948457,1.661162898,0.235257717
7.84,0.677841308,0.149757394,1.610793462,0.251213031
7.85,0.688089961,0.146585139,1.559550196,0.267074304
7.86,0.69846486,0.143430161,1.507675698,0.282849196
7.87,0.708928834,0.140290376,1.45535583,0.29854812
7.88,0.719454153,0.137163466,1.402729233,0.314182668
7.89,0.730020665,0.134047116,1.349896674,0.32976442
7.9,0.740614111,0.130939175,1.296929446,0.345304124
7.91,0.751224696,0.127837761,1.243876522,0.360811195
7.92,0.7618459,0.124741306,1.190770498,0.376293471
7.93,0.772473529,0.121648568,1.137632357,0.391757162
7.94,0.783104971,0.118558611,1.084475145,0.407206945
7.95,0.793738659,0.115470774,1.031306706,0.422646129
7.96,0.804373674,0.112384631,0.978131629,0.438076847
7.97,0.81500948,0.109299954,0.924952599,0.453500232
7.98,0.825645742,0.1062167,0.871771289,0.468916499
7.99,0.836282199,0.103135022,0.818589004,0.484324891
8,0.846918553,0.10005531,0.765407235,0.499723448
8.01,0.857554337,0.096978294,0.712228315,0.51510853
8.02,0.868188731,0.093905189,0.659056344,0.530474055
8.03,0.878820292,0.090837914,0.605898541,0.545810428
8.04,0.889446513,0.087779422,0.552767434,0.561102889
8.05,0.900063375,0.084733991,0.499683123,0.576330047
8.06,0.910664415,0.081707843,0.446677924,0.591460787
8.07,0.921239953,0.078709563,0.393800233,0.606452187
8.08,0.931775753,0.075750864,0.341121233,0.62124568
8.09,0.942251698,0.072847251,0.288741512,0.635763747
8.1,0.952640052,0.070018863,0.236799742,0.649905687
8.11,0.962903719,0.067291233,0.185481404,0.663543835
8.12,0.972994385,0.064696018,0.135028077,0.676519909
8.13,0.98285079,0.062271551,0.085746049,0.688642244
8.14,0.992397385,0.060063088,0.038013075,0.69968456
8.15,1.001543672,0.058122581,-0.007718359,0.709387097
8.16,1.010184694,0.056507779,-0.05092347,0.717461103
8.17,1.018202975,0.055280545,-0.091014873,0.723597275
8.18,1.025472299,0.054504249,-0.127361496,0.727478753
8.19,1.031863468,0.054240286,-0.159317339,0.728798568
8.2,1.037251802,0.054543972,-0.186259008,0.727280139
8.21,1.041525959,0.055460074,-0.207629793,0.722699631
8.22,1.044596713,0.057018838,-0.222983565,0.71490581
8.23,1.046404964,0.059232785,-0.23202482,0.703836073
8.24,1.046927113,0.06209521,-0.234635564,0.689523949
8.25,1.046177219,0.065580481,-0.230886097,0.672097596
8.26,1.044205506,0.069646177,-0.221027532,0.651769114
8.27,1.041093314,0.074236801,-0.205466568,0.628815997
8.28,1.036945714,0.079288312,-0.184728571,0.603558442
8.29,1.031882815,0.084732893,-0.159414074,0.576335533
8.3,1.026031121,0.090503278,-0.130155606,0.547483608
8.31,1.019515933,0.096536211,-0.097579667,0.517318944
8.32,1.012455405,0.102774859,-0.062277023,0.486125703
8.33,1.004956476,0.109170168,-0.024782381,0.454149158
8.34,0.997112599,0.115681308,0.014437004,0.421593461
8.35,0.989002947,0.122275429,0.054985266,0.388622857
8.36,0.980692726,0.128926967,0.09653637,0.355365166
8.37,0.972234321,0.135616648,0.138828396,0.321916758
8.38,0.963668738,0.142330456,0.181656308,0.28834772
8.39,0.955027314,0.149058571,0.224863428,0.254707146
8.4,0.946333448,0.155794394,0.268332761,0.22102803
8.41,0.937604146,0.162533727,0.311979271,0.187331365
8.42,0.928851459,0.169274068,0.355742704,0.153629658
8.43,0.920083685,0.176014063,0.399581575,0.119929685
8.44,0.911306367,0.18275308,0.443468166,0.086234599
8.45,0.902523092,0.189490908,0.487384541,0.052545461
8.46,0.893736106,0.196227541,0.53131947,0.018862297
8.47,0.884946769,0.202963044,0.575266155,-0.014815218
8.48,0.876155878,0.209697467,0.619220611,-0.048487335
8.49,0.867363884,0.216430789,0.663180579,-0.082153947
8.5,0.858571044,0.22316287,0.707144779,-0.115814349
8.51,0.849777512,0.229893382,0.75111244,-0.14946691
8.52,0.840983427,0.236621709,0.795082867,-0.183108545
8.53,0.832189008,0.243346777,0.83905496,-0.216733887
8.54,0.823394699,0.250066808,0.883026507,-0.25033404
8.55,0.814601375,0.256778963,0.926993126,-0.283894816
8.56,0.805810659,0.26347887,0.970946706,-0.317394348
8.57,0.797025356,0.270159999,1.01487322,-0.350799996
8.58,0.788250062,0.276812867,1.058749689,-0.384064335
8.59,0.779491937,0.283424078,1.102540313,-0.417120388
8.6,0.770761664,0.28997521,1.146191679,-0.44987605
8.61,0.762074592,0.29644156,1.189627042,-0.482207799
8.62,0.75345204,0.302790782,1.232739798,-0.513953911
8.63,0.744922725,0.308981515,1.275386375,-0.544907577
8.64,0.73652424,0.314962062,1.317378802,-0.574810311
8.65,0.728304448,0.320669346,1.35847776,-0.603346728
8.66,0.720322284,0.326028662,1.398388579,-0.63014331
8.67,0.712648303,0.330953879,1.436758483,-0.654769394
8.68,0.705364024,0.335349069,1.473179881,-0.676745346
8.69,0.698560227,0.339111377,1.507198863,-0.695556883
8.7,0.692333661,0.342135537,1.538331696,-0.710677683
8.71,0.686782301,0.344319813,1.566088494,-0.721599065
8.72,0.681999342,0.34557293,1.59000329,-0.727864649
8.73,0.678066365,0.345821442,1.609668173,-0.729107211
8.74,0.675046724,0.345016248,1.624766378,-0.725081242
8.75,0.67297993,0.343137482,1.635100349,-0.71568741
8.76,0.671878102,0.340196709,1.640609492,-0.700983546
8.77,0.671725066,0.336236042,1.64137467,-0.681180212
8.78,0.672478228,0.331324311,1.637608858,-0.656621556
8.79,0.674072843,0.325550944,1.629635785,-0.627754721
8.8,0.676427879,0.319018613,1.617860605,-0.595093066
8.81,0.67945254,0.311835719,1.602737301,-0.559178593
8.82,0.683052553,0.304109659,1.584737234,-0.520548293
8.83,0.687135514,0.295941527,1.56432243,-0.479707635
8.84,0.691614972,0.287422425,1.541925139,-0.437112124
8.85,0.696413121,0.278631425,1.517934395,-0.393157126
8.86,0.701462215,0.269634903,1.492688923,-0.348174513
8.87,0.706704997,0.26048686,1.466475013,-0.302434301
8.88,0.712094342,0.251229976,1.439528292,-0.25614988
8.89,0.717592386,0.241897058,1.412038069,-0.209485291
8.9,0.723169438,0.232512604,1.384152812,-0.162563019
8.91,0.728802752,0.223094365,1.35598624,-0.115471826
8.92,0.734475284,0.213654832,1.32762358,-0.068274159
8.93,0.740174598,0.204202466,1.299127011,-0.021012332
8.94,0.745891828,0.194742802,1.270540862,0.026285988
8.95,0.75162083,0.185279297,1.24189585,0.073603513
8.96,0.757357474,0.175814005,1.213212628,0.120929976
8.97,0.763099063,0.166348083,1.184504684,0.168259584
8.98,0.768843895,0.156882153,1.155780523,0.215589233
8.99,0.774590942,0.147416544,1.12704529,0.26291728
9,0.780339612,0.137951458,1.098301941,0.310242708
9.01,0.786089603,0.128487087,1.069551984,0.357564564
9.02,0.791840806,0.119023702,1.040795968,0.404881492
9.03,0.797593252,0.109561761,1.012033741,0.452191197
9.04,0.803347077,0.10010206,0.983264614,0.499489702
9.05,0.809102495,0.090645958,0.954487525,0.546770209
9.06,0.814859741,0.081195717,0.925701293,0.594021417
9.07,0.820618988,0.071754967,0.896905062,0.641225165
9.08,0.826380194,0.06232935,0.868099032,0.68835325
9.09,0.832142888,0.052927345,0.839285561,0.735363273
9.1,0.837905862,0.043561285,0.810470692,0.782193577
9.11,0.843666728,0.03424869,0.781666362,0.828756549
9.12,0.849421397,0.025013692,0.752893016,0.874931542
9.13,0.855163399,0.015888745,0.724183006,0.920556276
9.14,0.860883121,0.006916375,0.695584394,0.965418123
9.15,0.866566931,-0.001848987,0.667165343,1.009244937
9.16,0.87219627,-0.010339376,0.639018649,1.051696878
9.17,0.87774685,-0.018472221,0.611265749,1.092361104
9.18,0.88318795,-0.026149855,0.584060251,1.130749277
9.19,0.888482128,-0.033260373,0.557589359,1.166301867
9.2,0.89358542,-0.03967995,0.5320729,1.198399752
9.21,0.898448283,-0.045277101,0.507758586,1.226385506
9.22,0.90301736,-0.049918877,0.484913199,1.249594383
9.23,0.90723814,-0.053478841,0.463809301,1.267394203
9.24,0.911058338,-0.05584614,0.444708309,1.279230699
9.25,0.914431701,-0.056934621,0.427841497,1.284673105
9.26,0.917321728,-0.05669067,0.413391359,1.283453352
9.27,0.919704776,-0.055098474,0.401476122,1.275492372
9.28,0.92157201,-0.052181717,0.392139952,1.260908586
9.29,0.922929904,-0.04800137,0.385350482,1.240006849
9.3,0.923799243,-0.042650012,0.381003787,1.213250058
9.31,0.924212853,-0.036243648,0.378935733,1.181218239
9.32,0.924212497,-0.028912384,0.378937513,1.144561918
9.33,0.923845436,-0.020791295,0.38077282,1.103956474
9.34,0.923161132,-0.01201252,0.384194339,1.060062602
9.35,0.922208427,-0.002699235,0.388957867,1.013496176
9.36,0.921033378,0.00703834,0.394833108,0.964808298
9.37,0.919677795,0.017105055,0.401611024,0.914474727
9.38,0.918178437,0.027421277,0.409107816,0.862893614
9.39,0.9165667,0.037922346,0.417166498,0.810388269
9.4,0.914868757,0.048557107,0.425656215,0.757214467
9.41,0.913105885,0.059286221,0.434470577,0.703568894
9.42,0.911295032,0.070080159,0.443524838,0.649599203
9.43,0.909449382,0.080917403,0.452753088,0.595412985
9.44,0.907578965,0.091782705,0.462105175,0.541086476
9.45,0.905691244,0.102665578,0.471543782,0.486672109
9.46,0.903791634,0.113559055,0.481041832,0.432204724
9.47,0.901883955,0.124458681,0.490580227,0.377706596
9.48,0.899970829,0.135361707,0.500145853,0.323191467
9.49,0.898053998,0.146266505,0.50973001,0.268667474
9.5,0.896134569,0.157172143,0.519327155,0.214139283
9.51,0.894213207,0.168078086,0.528933963,0.159609572
9.52,0.892290264,0.178983996,0.538548679,0.105080019
9.53,0.890365857,0.1898896,0.548170715,0.050552001
9.54,0.888439903,0.200794565,0.557800487,-0.003972826
9.55,0.886512115,0.21169838,0.567439427,-0.058491902
9.56,0.884581962,0.222600167,0.57709019,-0.113000834
9.57,0.882648605,0.233498401,0.586756975,-0.167492004
9.58,0.880710831,0.244390576,0.596445847,-0.22195288
9.59,0.878766944,0.255272632,0.606165282,-0.276363158
9.6,0.876814659,0.266138137,0.615926707,-0.330690687
9.61,0.874851037,0.27697746,0.625744817,-0.384887298
9.62,0.872872405,0.287776647,0.635637973,-0.438883237
9.63,0.870874258,0.2985156,0.645628712,-0.492577999
9.64,0.868851301,0.309166876,0.655743494,-0.545834378
9.65,0.866797453,0.319693479,0.666012733,-0.598467394
9.66,0.864705965,0.330047013,0.676470175,-0.650235064
9.67,0.862569611,0.340165717,0.687151947,-0.700828587
9.68,0.860380987,0.349972793,0.698095065,-0.749863967
9.69,0.858132926,0.359375252,0.709335368,-0.79687626
9.7,0.855819019,0.368263897,0.720904905,-0.841319486
9.71,0.853434233,0.376514547,0.732828834,-0.882572737
9.72,0.850975592,0.383991178,0.745122041,-0.91995589
9.73,0.848442804,0.390551174,0.757785981,-0.952755871
9.74,0.845838825,0.396052645,0.770805875,-0.980263227
9.75,0.843170142,0.400363466,0.784149292,-1.001817329
9.76,0.840446774,0.403371284,0.797766129,-1.01685642
9.77,0.837681853,0.404992941,0.811590735,-1.024964706
9.78,0.834890837,0.405182225,0.825545815,-1.025911126
9.79,0.83209041,0.403934294,0.839547949,-1.019671469
9.8,0.829297228,0.401286182,0.85351386,-1.00643091
9.81,0.826526689,0.397313163,0.867366555,-0.986565814
9.82,0.823791909,0.392121707,0.881040457,-0.960608533
9.83,0.82110302,0.385840251,0.8944849,-0.929201257
9.84,0.818466854,0.378609249,0.907665728,-0.893046246
9.85,0.815886976,0.370571823,0.92056512,-0.852859116
9.86,0.813364005,0.361865988,0.933179974,-0.809329941
9.87,0.810896123,0.352618905,0.945519383,-0.763094527
9.88,0.808479674,0.342943381,0.95760163,-0.714716904
9.89,0.80610975,0.33293608,0.969451248,-0.664680399
9.9,0.803780747,0.322677458,0.981096265,-0.613387289
9.91,0.801486813,0.312232604,0.992565933,-0.561163022
9.92,0.799222213,0.301652825,1.003888936,-0.508264123
9.93,0.796981579,0.290977566,1.015092104,-0.45488783
9.94,0.794760089,0.280236365,1.026199557,-0.401181825
9.95,0.792553553,0.269450776,1.037232235,-0.347253882
9.96,0.790358451,0.258636112,1.048207743,-0.293180562
9.97,0.788171918,0.247802935,1.059140412,-0.239014674
9.98,0.785991695,0.236958296,1.070041526,-0.18479148
9.99,0.783816069,0.226106747,1.080919657,-0.130533733
10,0.781643784,0.215251132,1.091781078,-0.076255662
