time,x1,y1,x2,y2
0,-0.5,0,0.5,0
0.01,-0.498864103,0.001035931,0.498864103,-0.001035931
0.02,-0.497529167,0.002071449,0.497529167,-0.002071449
0.03,-0.495996228,0.003106142,0.495996228,-0.003106142
0.04,-0.494266487,0.004139604,0.494266487,-0.004139604
0.05,-0.492341348,0.005171429,0.492341348,-0.005171429
0.06,-0.490222331,0.006201218,0.490222331,-0.006201218
0.07,-0.487911141,0.007228577,0.487911141,-0.007228577
0.08,-0.485409607,0.008253115,0.485409607,-0.008253115
0.09,-0.482719732,0.009274452,0.482719732,-0.009274452
0.1,-0.479843655,0.010292212,0.479843655,-0.010292212
0.11,-0.476783656,0.011306027,0.476783656,-0.011306027
0.12,-0.473542162,0.012315538,0.473542162,-0.012315538
0.13,-0.470121835,0.013320402,0.470121835,-0.013320402
0.14,-0.466525347,0.014320275,0.466525347,-0.014320275
0.15,-0.462755496,0.015314821,0.462755496,-0.015314821
0.16,-0.458815378,0.016303735,0.458815378,-0.016303735
0.17,-0.454708131,0.017286714,0.454708131,-0.017286714
0.18,-0.450436929,0.018263457,0.450436929,-0.018263457
0.19,-0.446005217,0.019233693,0.446005217,-0.019233693
0.2,-0.441416575,0.020197167,0.441416575,-0.020197167
0.21,-0.436674588,0.021153623,0.436674588,-0.021153623
0.22,-0.431782991,0.022102829,0.431782991,-0.022102829
0.23,-0.426745754,0.023044585,0.426745754,-0.023044585
0.24,-0.421566863,0.023978695,0.421566863,-0.023978695
0.25,-0.416250352,0.024904972,0.416250352,-0.024904972
0.26,-0.410800502,0.025823274,0.410800502,-0.025823274
0.27,-0.405221664,0.026733475,0.405221664,-0.026733475
0.28,-0.399518199,0.027635451,0.399518199,-0.027635451
0.29,-0.393694627,0.028529116,0.393694627,-0.028529116
0.3,-0.387755616,0.029414425,0.387755616,-0.029414425
0.31,-0.381705844,0.030291336,0.381705844,-0.030291336
0.32,-0.375550048,0.031159823,0.375550048,-0.031159823
0.33,-0.369293148,0.03201993,0.369293148,-0.03201993
0.34,-0.362940097,0.03287171,0.362940097,-0.03287171
0.35,-0.35649586,0.033715223,0.35649586,-0.033715223
0.36,-0.349965534,0.034550594,0.349965534,-0.034550594
0.37,-0.343354297,0.035377992,0.343354297,-0.035377992
0.38,-0.336667325,0.036197587,0.336667325,-0.036197587
0.39,-0.329909857,0.037009591,0.329909857,-0.037009591
0.4,-0.32308723,0.037814301,0.32308723,-0.037814301
0.41,-0.316204792,0.038612024,0.316204792,-0.038612024
0.42,-0.309267902,0.039403081,0.309267902,-0.039403081
0.43,-0.302281997,0.0401879,0.302281997,-0.0401879
0.44,-0.295252532,0.040966951,0.295252532,-0.040966951
0.45,-0.288184966,0.041740711,0.288184966,-0.041740711
0.46,-0.281084786,0.042509742,0.281084786,-0.042509742
0.47,-0.27395749,0.043274691,0.27395749,-0.043274691
0.48,-0.266808579,0.04403622,0.266808579,-0.04403622
0.49,-0.259643549,0.044795096,0.259643549,-0.044795096
0.5,-0.25246789,0.045552159,0.25246789,-0.045552159
0.51,-0.245287082,0.046308278,0.245287082,-0.046308278
0.52,-0.238106564,0.047064475,0.238106564,-0.047064475
0.53,-0.230931761,0.047821814,0.230931761,-0.047821814
0.54,-0.223768062,0.04858144,0.223768062,-0.04858144
0.55,-0.216620777,0.049344667,0.216620777,-0.049344667
0.56,-0.209495201,0.050112839,0.209495201,-0.050112839
0.57,-0.202396536,0.050887457,0.202396536,-0.050887457
0.58,-0.195329906,0.051670147,0.195329906,-0.051670147
0.59,-0.188300359,0.052462652,0.188300359,-0.052462652
0.6,-0.181312814,0.05326689,0.181312814,-0.05326689
0.61,-0.174372111,0.054084887,0.174372111,-0.054084887
0.62,-0.167482904,0.054918899,0.167482904,-0.054918899
0.63,-0.160649758,0.055771287,0.160649758,-0.055771287
0.64,-0.153876993,0.05664469,0.153876993,-0.05664469
0.65,-0.147168812,0.05754187,0.147168812,-0.05754187
0.66,-0.140529132,0.058465876,0.140529132,-0.058465876
0.67,-0.133961674,0.059419942,0.133961674,-0.059419942
0.68,-0.127469832,0.060407597,0.127469832,-0.060407597
0.69,-0.121056723,0.06143259,0.121056723,-0.06143259
0.7,-0.114725081,0.062498972,0.114725081,-0.062498972
0.71,-0.10847725,0.063611056,0.10847725,-0.063611056
0.72,-0.102315124,0.064773439,0.102315124,-0.064773439
0.73,-0.096240086,0.065991005,0.096240086,-0.065991005
0.74,-0.090252943,0.067268905,0.090252943,-0.067268905
0.75,-0.084353901,0.068612526,0.084353901,-0.068612526
0.76,-0.078542473,0.070027472,0.078542473,-0.070027472
0.77,-0.072817428,0.071519502,0.072817428,-0.071519502
0.78,-0.067176746,0.07309446,0.067176746,-0.07309446
0.79,-0.061617587,0.07475819,0.061617587,-0.07475819
0.8,-0.05613627,0.076516428,0.05613627,-0.076516428
0.81,-0.050728283,0.078374679,0.050728283,-0.078374679
0.82,-0.045388329,0.080338089,0.045388329,-0.080338089
0.83,-0.040110393,0.08241131,0.040110393,-0.08241131
0.84,-0.034887853,0.084598372,0.034887853,-0.084598372
0.85,-0.029713626,0.086902582,0.029713626,-0.086902582
0.86,-0.024580323,0.089326443,0.024580323,-0.089326443
0.87,-0.019480422,0.091871602,0.019480422,-0.091871602
0.88,-0.014406438,0.094538844,0.014406438,-0.094538844
0.89,-0.009351086,0.097328105,0.009351086,-0.097328105
0.9,-0.004307419,0.100238526,0.004307419,-0.100238526
0.91,0.000731063,0.103268517,-0.000731063,-0.103268517
0.92,0.005770327,0.106415842,-0.005770327,-0.106415842
0.93,0.010815752,0.1096777,-0.010815752,-0.1096777
0.94,0.015872099,0.113050818,-0.015872099,-0.113050818
0.95,0.020943504,0.116531527,-0.020943504,-0.116531527
0.96,0.02603348,0.120115834,-0.02603348,-0.120115834
0.97,0.031144946,0.123799495,-0.031144946,-0.123799495
0.98,0.036280246,0.127578059,-0.036280246,-0.127578059
0.99,0.041441187,0.131446924,-0.041441187,-0.131446924
1,0.046629072,0.13540137,-0.046629072,-0.13540137
1.01,0.05184474,0.13943659,-0.05184474,-0.13943659
1.02,0.057088601,0.143547719,-0.057088601,-0.143547719
1.03,0.062360673,0.14772985,-0.062360673,-0.14772985
1.04,0.0676606,0.151978053,-0.0676606,-0.151978053
1.05,0.072987726,0.156287384,-0.072987726,-0.156287384
1.06,0.078341062,0.160652899,-0.078341062,-0.160652899
1.07,0.083719364,0.165069657,-0.083719364,-0.165069657
1.08,0.089121142,0.169532731,-0.089121142,-0.169532731
1.09,0.094544663,0.174037211,-0.094544663,-0.174037211
1.1,0.099988007,0.178578205,-0.099988007,-0.178578205
1.11,0.105449055,0.183150846,-0.105449055,-0.183150846
1.12,0.110925521,0.187750295,-0.110925521,-0.187750295
1.13,0.116414971,0.192371737,-0.116414971,-0.192371737
1.14,0.121914827,0.197010393,-0.121914827,-0.197010393
1.15,0.127422384,0.201661513,-0.127422384,-0.201661513
1.16,0.132934824,0.206320385,-0.132934824,-0.206320385
1.17,0.138449238,0.210982325,-0.138449238,-0.210982325
1.18,0.143962607,0.215642699,-0.143962607,-0.215642699
1.19,0.149471854,0.220296896,-0.149471854,-0.220296896
1.2,0.154973804,0.224940364,-0.154973804,-0.224940364
1.21,0.160465245,0.229568575,-0.160465245,-0.229568575
1.22,0.165942885,0.234177065,-0.165942885,-0.234177065
1.23,0.171403406,0.238761394,-0.171403406,-0.238761394
1.24,0.176843434,0.243317193,-0.176843434,-0.243317193
1.25,0.182259571,0.247840122,-0.182259571,-0.247840122
1.26,0.187648386,0.252325909,-0.187648386,-0.252325909
1.27,0.19300643,0.256770324,-0.19300643,-0.256770324
1.28,0.19833024,0.261169199,-0.19833024,-0.261169199
1.29,0.20361634,0.265518424,-0.20361634,-0.265518424
1.3,0.208861252,0.269813935,-0.208861252,-0.269813935
1.31,0.214061503,0.27405177,-0.214061503,-0.27405177
1.32,0.219213618,0.27822798,-0.219213618,-0.27822798
1.33,0.224314137,0.282338698,-0.224314137,-0.282338698
1.34,0.229359623,0.286380165,-0.229359623,-0.286380165
1.35,0.234346645,0.290348631,-0.234346645,-0.290348631
1.36,0.2392718,0.294240445,-0.2392718,-0.294240445
1.37,0.244131733,0.298052064,-0.244131733,-0.298052064
1.38,0.24892309,0.30177996,-0.24892309,-0.30177996
1.39,0.25364257,0.305420715,-0.25364257,-0.305420715
1.4,0.258286928,0.308971023,-0.258286928,-0.308971023
1.41,0.262852926,0.312427594,-0.262852926,-0.312427594
1.42,0.267337399,0.315787262,-0.267337399,-0.315787262
1.43,0.271737248,0.319046978,-0.271737248,-0.319046978
1.44,0.276049381,0.322203705,-0.276049381,-0.322203705
1.45,0.2802708,0.325254551,-0.2802708,-0.325254551
1.46,0.28439858,0.328196736,-0.28439858,-0.328196736
1.47,0.288429809,0.331027498,-0.288429809,-0.331027498
1.48,0.292361683,0.333744232,-0.292361683,-0.333744232
1.49,0.296191479,0.336344446,-0.296191479,-0.336344446
1.5,0.299916477,0.338825651,-0.299916477,-0.338825651
1.51,0.303534092,0.341185539,-0.303534092,-0.341185539
1.52,0.307041866,0.34342197,-0.307041866,-0.34342197
1.53,0.310437347,0.345532808,-0.310437347,-0.345532808
1.54,0.313718096,0.347515938,-0.313718096,-0.347515938
1.55,0.316881869,0.349369487,-0.316881869,-0.349369487
1.56,0.319926558,0.351091749,-0.319926558,-0.351091749
1.57,0.322850057,0.35268102,-0.322850057,-0.35268102
1.58,0.325650274,0.354135614,-0.325650274,-0.354135614
1.59,0.328325321,0.355454087,-0.328325321,-0.355454087
1.6,0.33087347,0.356635181,-0.33087347,-0.356635181
1.61,0.333292996,0.357677642,-0.333292996,-0.357677642
1.62,0.335582189,0.35858023,-0.335582189,-0.35858023
1.63,0.337739543,0.359341942,-0.337739543,-0.359341942
1.64,0.339763738,0.359961982,-0.339763738,-0.359961982
1.65,0.341653461,0.360439557,-0.341653461,-0.360439557
1.66,0.343407405,0.360773887,-0.343407405,-0.360773887
1.67,0.345024475,0.360964418,-0.345024475,-0.360964418
1.68,0.346503777,0.36101082,-0.346503777,-0.36101082
1.69,0.347844431,0.360912769,-0.347844431,-0.360912769
1.7,0.34904556,0.360669951,-0.34904556,-0.360669951
1.71,0.350106492,0.360282265,-0.350106492,-0.360282265
1.72,0.351026778,0.359749847,-0.351026778,-0.359749847
1.73,0.351805983,0.359072843,-0.351805983,-0.359072843
1.74,0.352443678,0.358251405,-0.352443678,-0.358251405
1.75,0.352939625,0.357285884,-0.352939625,-0.357285884
1.76,0.35329383,0.356176875,-0.35329383,-0.356176875
1.77,0.353506315,0.354924988,-0.353506315,-0.354924988
1.78,0.353577098,0.353530831,-0.353577098,-0.353530831
1.79,0.353506339,0.351995155,-0.353506339,-0.351995155
1.8,0.353294542,0.350319042,-0.353294542,-0.350319042
1.81,0.352942251,0.348503614,-0.352942251,-0.348503614
1.82,0.352450008,0.346549993,-0.352450008,-0.346549993
1.83,0.351818361,0.344459301,-0.351818361,-0.344459301
1.84,0.351048025,0.342232828,-0.351048025,-0.342232828
1.85,0.350140078,0.3398722,-0.350140078,-0.3398722
1.86,0.349095646,0.337379082,-0.349095646,-0.337379082
1.87,0.347915851,0.334755139,-0.347915851,-0.334755139
1.88,0.346601817,0.332002036,-0.346601817,-0.332002036
1.89,0.345154786,0.329121549,-0.345154786,-0.329121549
1.9,0.343576371,0.326115782,-0.343576371,-0.326115782
1.91,0.341868259,0.322986899,-0.341868259,-0.322986899
1.92,0.340032137,0.319737067,-0.340032137,-0.319737067
1.93,0.33806969,0.31636845,-0.33806969,-0.31636845
1.94,0.335982678,0.312883279,-0.335982678,-0.312883279
1.95,0.333773217,0.30928408,-0.333773217,-0.30928408
1.96,0.331443528,0.305573464,-0.331443528,-0.305573464
1.97,0.328995833,0.301754038,-0.328995833,-0.301754038
1.98,0.326432352,0.297828411,-0.326432352,-0.297828411
1.99,0.32375535,0.293799228,-0.32375535,-0.293799228
2,0.320967403,0.289669375,-0.320967403,-0.289669375
2.01,0.318071229,0.285441836,-0.318071229,-0.285441836
2.02,0.31506955,0.281119594,-0.31506955,-0.281119594
2.03,0.311965082,0.276705632,-0.311965082,-0.276705632
2.04,0.308760568,0.272202953,-0.308760568,-0.272202953
2.05,0.305459005,0.267614733,-0.305459005,-0.267614733
2.06,0.302063562,0.262944249,-0.302063562,-0.262944249
2.07,0.298577412,0.258194778,-0.298577412,-0.258194778
2.08,0.295003727,0.253369597,-0.295003727,-0.253369597
2.09,0.291345688,0.24847199,-0.291345688,-0.24847199
2.1,0.287606673,0.243505353,-0.287606673,-0.243505353
2.11,0.283790249,0.238473161,-0.283790249,-0.238473161
2.12,0.27989999,0.233378888,-0.27989999,-0.233378888
2.13,0.275939471,0.228226009,-0.275939471,-0.228226009
2.14,0.271912271,0.223017999,-0.271912271,-0.223017999
2.15,0.267822129,0.217758396,-0.267822129,-0.217758396
2.16,0.263672936,0.212450762,-0.263672936,-0.212450762
2.17,0.259468586,0.207098655,-0.259468586,-0.207098655
2.18,0.255212972,0.201705632,-0.255212972,-0.201705632
2.19,0.250910056,0.196275261,-0.250910056,-0.196275261
2.2,0.246563958,0.190811093,-0.246563958,-0.190811093
2.21,0.242178817,0.185316669,-0.242178817,-0.185316669
2.22,0.237758772,0.179795528,-0.237758772,-0.179795528
2.23,0.233308013,0.174251198,-0.233308013,-0.174251198
2.24,0.228830859,0.168687138,-0.228830859,-0.168687138
2.25,0.224331649,0.163106783,-0.224331649,-0.163106783
2.26,0.219814725,0.157513567,-0.219814725,-0.157513567
2.27,0.215284514,0.151910843,-0.215284514,-0.151910843
2.28,0.210745509,0.146301866,-0.210745509,-0.146301866
2.29,0.206202206,0.14068989,-0.206202206,-0.14068989
2.3,0.201659133,0.135078117,-0.201659133,-0.135078117
2.31,0.197120912,0.129469556,-0.197120912,-0.129469556
2.32,0.192592177,0.123867172,-0.192592177,-0.123867172
2.33,0.188077573,0.118273907,-0.188077573,-0.118273907
2.34,0.183581813,0.112692486,-0.183581813,-0.112692486
2.35,0.179109645,0.107125498,-0.179109645,-0.107125498
2.36,0.174665827,0.101575494,-0.174665827,-0.101575494
2.37,0.170255171,0.096044745,-0.170255171,-0.096044745
2.38,0.165882512,0.090535379,-0.165882512,-0.090535379
2.39,0.161552697,0.08504944,-0.161552697,-0.08504944
2.4,0.157270618,0.079588573,-0.157270618,-0.079588573
2.41,0.153041176,0.074154297,-0.153041176,-0.074154297
2.42,0.148869285,0.068747932,-0.148869285,-0.068747932
2.43,0.144759872,0.063370354,-0.144759872,-0.063370354
2.44,0.140717865,0.058022297,-0.140717865,-0.058022297
2.45,0.136748178,0.052703993,-0.136748178,-0.052703993
2.46,0.132855712,0.047415435,-0.132855712,-0.047415435
2.47,0.129045316,0.042156123,-0.129045316,-0.042156123
2.48,0.125321795,0.036925172,-0.125321795,-0.036925172
2.49,0.121689845,0.031721137,-0.121689845,-0.031721137
2.5,0.118154072,0.026542159,-0.118154072,-0.026542159
2.51,0.114718883,0.021385699,-0.114718883,-0.021385699
2.52,0.111388521,0.016248757,-0.111388521,-0.016248757
2.53,0.108166921,0.011127624,-0.108166921,-0.011127624
2.54,0.1050577,0.006017998,-0.1050577,-0.006017998
2.55,0.102064076,0.000914958,-0.102064076,-0.000914958
2.56,0.099188734,-0.004187082,-0.099188734,0.004187082
2.57,0.096433807,-0.009294249,-0.096433807,0.009294249
2.58,0.093800754,-0.014413201,-0.093800754,0.014413201
2.59,0.09129027,-0.019551025,-0.09129027,0.019551025
2.6,0.088902245,-0.024715105,-0.088902245,0.024715105
2.61,0.086635717,-0.02991298,-0.086635717,0.02991298
2.62,0.084488864,-0.035152185,-0.084488864,0.035152185
2.63,0.082459009,-0.040440066,-0.082459009,0.040440066
2.64,0.080542692,-0.045783617,-0.080542692,0.045783617
2.65,0.078735763,-0.051189319,-0.078735763,0.051189319
2.66,0.077033486,-0.056663022,-0.077033486,0.056663022
2.67,0.075430666,-0.062209839,-0.075430666,0.062209839
2.68,0.073921779,-0.067834068,-0.073921779,0.067834068
2.69,0.072501107,-0.073539179,-0.072501107,0.073539179
2.7,0.071162849,-0.079327811,-0.071162849,0.079327811
2.71,0.069901222,-0.085201796,-0.069901222,0.085201796
2.72,0.068710542,-0.091162183,-0.068710542,0.091162183
2.73,0.067585292,-0.097209298,-0.067585292,0.097209298
2.74,0.066520164,-0.103342804,-0.066520164,0.103342804
2.75,0.065510092,-0.109561763,-0.065510092,0.109561763
2.76,0.06455027,-0.115864689,-0.06455027,0.115864689
2.77,0.063636168,-0.122249604,-0.063636168,0.122249604
2.78,0.062763526,-0.12871409,-0.062763526,0.12871409
2.79,0.061928356,-0.135255339,-0.061928356,0.135255339
2.8,0.06112692,-0.141870208,-0.06112692,0.141870208
2.81,0.060355743,-0.148555234,-0.060355743,0.148555234
2.82,0.059611583,-0.155306683,-0.059611583,0.155306683
2.83,0.058891418,-0.16212059,-0.058891418,0.16212059
2.84,0.058192441,-0.168992768,-0.058192441,0.168992768
2.85,0.057512045,-0.175918837,-0.057512045,0.175918837
2.86,0.0568478,-0.182894259,-0.0568478,0.182894259
2.87,0.056197452,-0.189914342,-0.056197452,0.189914342
2.88,0.055558909,-0.196974264,-0.055558909,0.196974264
2.89,0.054930224,-0.204069088,-0.054930224,0.204069088
2.9,0.05430959,-0.211193774,-0.05430959,0.211193774
2.91,0.053695331,-0.218343196,-0.053695331,0.218343196
2.92,0.053085883,-0.225512153,-0.053085883,0.225512153
2.93,0.052479806,-0.232695373,-0.052479806,0.232695373
2.94,0.051875751,-0.239887534,-0.051875751,0.239887534
2.95,0.051272479,-0.247083261,-0.051272479,0.247083261
2.96,0.050668829,-0.25427715,-0.050668829,0.25427715
2.97,0.05006374,-0.261463757,-0.05006374,0.261463757
2.98,0.049456213,-0.268637624,-0.049456213,0.268637624
2.99,0.048845342,-0.275793275,-0.048845342,0.275793275
3,0.048230276,-0.282925226,-0.048230276,0.282925226
3.01,0.047610244,-0.290027993,-0.047610244,0.290027993
3.02,0.046984517,-0.297096096,-0.046984517,0.297096096
3.03,0.046352459,-0.304124071,-0.046352459,0.304124071
3.04,0.045713456,-0.311106464,-0.045713456,0.311106464
3.05,0.045066955,-0.318037847,-0.045066955,0.318037847
3.06,0.044412476,-0.324912831,-0.044412476,0.324912831
3.07,0.043749548,-0.331726038,-0.043749548,0.331726038
3.08,0.043077776,-0.338472153,-0.043077776,0.338472153
3.09,0.042396802,-0.345145901,-0.042396802,0.345145901
3.1,0.041706288,-0.351742032,-0.041706288,0.351742032
3.11,0.041005969,-0.358255393,-0.041005969,0.358255393
3.12,0.04029559,-0.364680857,-0.04029559,0.364680857
3.13,0.039574939,-0.371013362,-0.039574939,0.371013362
3.14,0.03884385,-0.377247951,-0.03884385,0.377247951
3.15,0.038102169,-0.383379682,-0.038102169,0.383379682
3.16,0.037349788,-0.389403738,-0.037349788,0.389403738
3.17,0.03658663,-0.395315377,-0.03658663,0.395315377
3.18,0.03581263,-0.401109899,-0.03581263,0.401109899
3.19,0.035027772,-0.406782764,-0.035027772,0.406782764
3.2,0.034232052,-0.412329473,-0.034232052,0.412329473
3.21,0.033425488,-0.417745603,-0.033425488,0.417745603
3.22,0.032608144,-0.423026943,-0.032608144,0.423026943
3.23,0.031780094,-0.428169313,-0.031780094,0.428169313
3.24,0.030941415,-0.433168556,-0.030941415,0.433168556
3.25,0.030092233,-0.438020755,-0.030092233,0.438020755
3.26,0.029232695,-0.442722128,-0.029232695,0.442722128
3.27,0.02836295,-0.447268901,-0.02836295,0.447268901
3.28,0.027483164,-0.451657403,-0.027483164,0.451657403
3.29,0.026593545,-0.455884252,-0.026593545,0.455884252
3.3,0.025694305,-0.459946115,-0.025694305,0.459946115
3.31,0.024785661,-0.463839671,-0.024785661,0.463839671
3.32,0.023867858,-0.467561851,-0.023867858,0.467561851
3.33,0.022941165,-0.471109791,-0.022941165,0.471109791
3.34,0.022005849,-0.474480637,-0.022005849,0.474480637
3.35,0.021062188,-0.477671617,-0.021062188,0.477671617
3.36,0.02011049,-0.480680299,-0.02011049,0.480680299
3.37,0.01915107,-0.483504336,-0.01915107,0.483504336
3.38,0.018184243,-0.486141388,-0.018184243,0.486141388
3.39,0.017210341,-0.488589346,-0.017210341,0.488589346
3.4,0.016229717,-0.490846381,-0.016229717,0.490846381
3.41,0.01524272,-0.492910678,-0.01524272,0.492910678
3.42,0.014249708,-0.494780482,-0.014249708,0.494780482
3.43,0.013251054,-0.496454396,-0.013251054,0.496454396
3.44,0.01224714,-0.497931158,-0.01224714,0.497931158
3.45,0.011238345,-0.499209502,-0.011238345,0.499209502
3.46,0.010225056,-0.50028829,-0.010225056,0.50028829
3.47,0.009207676,-0.501166857,-0.009207676,0.501166857
3.48,0.008186608,-0.501844619,-0.008186608,0.501844619
3.49,0.007162256,-0.502320987,-0.007162256,0.502320987
3.5,0.006135022,-0.502595382,-0.006135022,0.502595382
3.51,0.00510532,-0.502667522,-0.00510532,0.502667522
3.52,0.004073566,-0.502537579,-0.004073566,0.502537579
3.53,0.003040175,-0.502205763,-0.003040175,0.502205763
3.54,0.002005563,-0.501672282,-0.002005563,0.501672282
3.55,0.000970145,-0.500937353,-0.000970145,0.500937353
3.56,-6.56596E-05,-0.50000152,6.56596E-05,0.50000152
3.57,-0.001101439,-0.498865756,0.001101439,0.498865756
3.58,-0.002136781,-0.497531059,0.002136781,0.497531059
3.59,-0.003171275,-0.495998431,0.003171275,0.495998431
3.6,-0.004204507,-0.494268882,0.004204507,0.494268882
3.61,-0.005236073,-0.492343772,0.005236073,0.492343772
3.62,-0.00626558,-0.490224851,0.00626558,0.490224851
3.63,-0.007292636,-0.487913889,0.007292636,0.487913889
3.64,-0.00831685,-0.485412657,0.00831685,0.485412657
3.65,-0.009337832,-0.482722944,0.009337832,0.482722944
3.66,-0.010355204,-0.479846892,0.010355204,0.479846892
3.67,-0.011368612,-0.476786993,0.011368612,0.476786993
3.68,-0.012377703,-0.473545756,0.012377703,0.473545756
3.69,-0.013382122,-0.470125685,0.013382122,0.470125685
3.7,-0.014381517,-0.466529309,0.014381517,0.466529309
3.71,-0.015375559,-0.462759511,0.015375559,0.462759511
3.72,-0.01636395,-0.458819472,0.01636395,0.458819472
3.73,-0.017346392,-0.454712386,0.017346392,0.454712386
3.74,-0.018322587,-0.450441444,0.018322587,0.450441444
3.75,-0.01929224,-0.446009862,0.01929224,0.446009862
3.76,-0.02025509,-0.441421202,0.02025509,0.441421202
3.77,-0.021210913,-0.436679268,0.021210913,0.436679268
3.78,-0.02215949,-0.431787876,0.02215949,0.431787876
3.79,-0.023100596,-0.426750836,0.023100596,0.426750836
3.8,-0.024034014,-0.421571992,0.024034014,0.421571992
3.81,-0.024959575,-0.4162555,0.024959575,0.4162555
3.82,-0.025877153,-0.410805714,0.025877153,0.410805714
3.83,-0.026786626,-0.405226988,0.026786626,0.405226988
3.84,-0.02768787,-0.39952368,0.02768787,0.39952368
3.85,-0.028580765,-0.393700175,0.028580765,0.393700175
3.86,-0.029465261,-0.387761139,0.029465261,0.387761139
3.87,-0.030341359,-0.381711377,0.030341359,0.381711377
3.88,-0.03120906,-0.375555698,0.03120906,0.375555698
3.89,-0.032068366,-0.36929891,0.032068366,0.36929891
3.9,-0.032919285,-0.362945853,0.032919285,0.362945853
3.91,-0.033761917,-0.356501591,0.033761917,0.356501591
3.92,-0.034596424,-0.349971283,0.034596424,0.349971283
3.93,-0.035422964,-0.343360085,0.035422964,0.343360085
3.94,-0.036241699,-0.336673156,0.036241699,0.336673156
3.95,-0.03705281,-0.329915689,0.03705281,0.329915689
3.96,-0.037856597,-0.323093037,0.037856597,0.323093037
3.97,-0.038653401,-0.316210575,0.038653401,0.316210575
3.98,-0.039443564,-0.309273677,0.039443564,0.309273677
3.99,-0.040227444,-0.302287736,0.040227444,0.302287736
4,-0.04100553,-0.295258218,0.04100553,0.295258218
4.01,-0.041778358,-0.288190603,0.041778358,0.288190603
4.02,-0.042546469,-0.281090369,0.042546469,0.281090369
4.03,-0.043310444,-0.273963006,0.043310444,0.273963006
4.04,-0.044071017,-0.266814018,0.044071017,0.266814018
4.05,-0.044828953,-0.259648902,0.044828953,0.259648902
4.06,-0.045585032,-0.252473156,0.045585032,0.252473156
4.07,-0.046340185,-0.245292247,0.046340185,0.245292247
4.08,-0.047095431,-0.238111614,0.047095431,0.238111614
4.09,-0.047851792,-0.230936697,0.047851792,0.230936697
4.1,-0.048610442,-0.223772875,0.048610442,0.223772875
4.11,-0.049372706,-0.216625452,0.049372706,0.216625452
4.12,-0.05013992,-0.209499725,0.05013992,0.209499725
4.13,-0.050913542,-0.202400925,0.050913542,0.202400925
4.14,-0.051695274,-0.195334127,0.051695274,0.195334127
4.15,-0.052486849,-0.188304383,0.052486849,0.188304383
4.16,-0.053290102,-0.181316676,0.053290102,0.181316676
4.17,-0.054107159,-0.174375767,0.054107159,0.174375767
4.18,-0.054940206,-0.167486369,0.054940206,0.167486369
4.19,-0.055791642,-0.160653014,0.055791642,0.160653014
4.2,-0.056664109,-0.15388002,0.056664109,0.15388002
4.21,-0.05756034,-0.147171617,0.05756034,0.147171617
4.22,-0.058483412,-0.140531693,0.058483412,0.140531693
4.23,-0.05943654,-0.133963994,0.05943654,0.133963994
4.24,-0.060423271,-0.127471887,0.060423271,0.127471887
4.25,-0.061447333,-0.121058521,0.061447333,0.121058521
4.26,-0.062512798,-0.114726595,0.062512798,0.114726595
4.27,-0.063623965,-0.10847848,0.063623965,0.10847848
4.28,-0.064785443,-0.102316049,0.064785443,0.102316049
4.29,-0.066002098,-0.096240712,0.066002098,0.096240712
4.3,-0.067279096,-0.09025325,0.067279096,0.09025325
4.31,-0.068621816,-0.084353892,0.068621816,0.084353892
4.32,-0.070035865,-0.078542137,0.070035865,0.078542137
4.33,-0.071527,-0.072816739,0.071527,0.072816739
4.34,-0.073101067,-0.067175715,0.073101067,0.067175715
4.35,-0.074763908,-0.061616203,0.074763908,0.061616203
4.36,-0.076521256,-0.05613452,0.076521256,0.05613452
4.37,-0.078378621,-0.050726168,0.078378621,0.050726168
4.38,-0.08034115,-0.045385844,0.08034115,0.045385844
4.39,-0.082413486,-0.040107526,0.082413486,0.040107526
4.4,-0.08459966,-0.0348846,0.08459966,0.0348846
4.41,-0.086902993,-0.029709986,0.086902993,0.029709986
4.42,-0.089325978,-0.024576289,0.089325978,0.024576289
4.43,-0.091870255,-0.01947599,0.091870255,0.01947599
4.44,-0.094536619,-0.014401605,0.094536619,0.014401605
4.45,-0.097325007,-0.009345848,0.097325007,0.009345848
4.46,-0.100234559,-0.004301769,0.100234559,0.004301769
4.47,-0.103263686,0.000737131,0.103263686,-0.000737131
4.48,-0.106410151,0.005776821,0.106410151,-0.005776821
4.49,-0.109671153,0.010822678,0.109671153,-0.010822678
4.5,-0.113043418,0.015879466,0.113043418,-0.015879466
4.51,-0.116523278,0.020951319,0.116523278,-0.020951319
4.52,-0.12010674,0.026041752,0.12010674,-0.026041752
4.53,-0.123789559,0.031153686,0.123789559,-0.031153686
4.54,-0.127567287,0.036289465,0.127567287,-0.036289465
4.55,-0.131435319,0.041450893,0.131435319,-0.041450893
4.56,-0.135388935,0.046639274,0.135388935,-0.046639274
4.57,-0.139423329,0.051855447,0.139423329,-0.051855447
4.58,-0.143533636,0.057099824,0.143533636,-0.057099824
4.59,-0.147714949,0.062372421,0.147714949,-0.062372421
4.6,-0.151962338,0.067672892,0.151962338,-0.067672892
4.61,-0.156270859,0.073000555,0.156270859,-0.073000555
4.62,-0.160635567,0.078354451,0.160635567,-0.078354451
4.63,-0.165051523,0.083733317,0.165051523,-0.083733317
4.64,-0.1695138,0.089135664,0.1695138,-0.089135664
4.65,-0.174017486,0.094559771,0.174017486,-0.094559771
4.66,-0.178557692,0.100003701,0.178557692,-0.100003701
4.67,-0.18312955,0.105465346,0.18312955,-0.105465346
4.68,-0.18772822,0.110942418,0.18772822,-0.110942418
4.69,-0.192348891,0.116432476,0.192348891,-0.116432476
4.7,-0.196986781,0.121932949,0.196986781,-0.121932949
4.71,-0.201637142,0.127441129,0.201637142,-0.127441129
4.72,-0.206295258,0.132954204,0.206295258,-0.132954204
4.73,-0.210956455,0.138469244,0.210956455,-0.138469244
4.74,-0.215616085,0.14398326,0.215616085,-0.14398326
4.75,-0.220269555,0.149493141,0.220269555,-0.149493141
4.76,-0.224912295,0.154995743,0.224912295,-0.154995743
4.77,-0.229539795,0.160487828,0.229539795,-0.160487828
4.78,-0.234147574,0.165966122,0.234147574,-0.165966122
4.79,-0.238731209,0.171427295,0.238731209,-0.171427295
4.8,-0.243286319,0.176867977,0.243286319,-0.176867977
4.81,-0.247808569,0.182284769,0.247808569,-0.182284769
4.82,-0.25229369,0.187674239,0.25229369,-0.187674239
4.83,-0.256737444,0.193032939,0.256737444,-0.193032939
4.84,-0.261135677,0.198357402,0.261135677,-0.198357402
4.85,-0.265484263,0.203644155,0.265484263,-0.203644155
4.86,-0.269779164,0.208889719,0.269779164,-0.208889719
4.87,-0.274016374,0.214090616,0.274016374,-0.214090616
4.88,-0.278191976,0.219243375,0.278191976,-0.219243375
4.89,-0.282302131,0.224344542,0.282302131,-0.224344542
4.9,-0.286343011,0.229390661,0.286343011,-0.229390661
4.91,-0.290310909,0.234378313,0.290310909,-0.234378313
4.92,-0.294202201,0.239304106,0.294202201,-0.239304106
4.93,-0.298013275,0.244164654,0.298013275,-0.244164654
4.94,-0.301740645,0.248956623,0.301740645,-0.248956623
4.95,-0.305380922,0.253676724,0.305380922,-0.253676724
4.96,-0.308930729,0.258321675,0.308930729,-0.258321675
4.97,-0.312386819,0.262888263,0.312386819,-0.262888263
4.98,-0.315746057,0.267373337,0.315746057,-0.267373337
4.99,-0.319005319,0.271773752,0.319005319,-0.271773752
5,-0.322161614,0.276086447,0.322161614,-0.276086447
5.01,-0.325212079,0.280308441,0.325212079,-0.280308441
5.02,-0.328153859,0.284436758,0.328153859,-0.284436758
5.03,-0.33098424,0.288468517,0.33098424,-0.288468517
5.04,-0.333700644,0.292400934,0.333700644,-0.292400934
5.05,-0.336300505,0.296231233,0.336300505,-0.296231233
5.06,-0.338781396,0.299956738,0.338781396,-0.299956738
5.07,-0.341141043,0.303574888,0.341141043,-0.303574888
5.08,-0.343377174,0.307083125,0.343377174,-0.307083125
5.09,-0.34548764,0.310478984,0.34548764,-0.310478984
5.1,-0.347470529,0.313760188,0.347470529,-0.313760188
5.11,-0.34932395,0.316924478,0.34932395,-0.316924478
5.12,-0.351046017,0.319969599,0.351046017,-0.319969599
5.13,-0.352634988,0.32289341,0.352634988,-0.32289341
5.14,-0.354089398,0.325694008,0.354089398,-0.325694008
5.15,-0.355407817,0.328369514,0.355407817,-0.328369514
5.16,-0.356588812,0.330918051,0.356588812,-0.330918051
5.17,-0.357631051,0.333337826,0.357631051,-0.333337826
5.18,-0.358533515,0.335627318,0.358533515,-0.335627318
5.19,-0.359295243,0.337785063,0.359295243,-0.337785063
5.2,-0.359915277,0.339809596,0.359915277,-0.339809596
5.21,-0.360392718,0.341699503,0.360392718,-0.341699503
5.22,-0.360726984,0.343453663,0.360726984,-0.343453663
5.23,-0.360917598,0.345071046,0.360917598,-0.345071046
5.24,-0.360964081,0.346550627,0.360964081,-0.346550627
5.25,-0.36086599,0.347891407,0.36086599,-0.347891407
5.26,-0.360623172,0.349092664,0.360623172,-0.349092664
5.27,-0.360235632,0.350153825,0.360235632,-0.350153825
5.28,-0.359703377,0.351074322,0.359703377,-0.351074322
5.29,-0.359026429,0.351853596,0.359026429,-0.351853596
5.3,-0.358205056,0.352491332,0.358205056,-0.352491332
5.31,-0.357239741,0.35298742,0.357239741,-0.35298742
5.32,-0.356130969,0.353341761,0.356130969,-0.353341761
5.33,-0.354879233,0.353554257,0.354879233,-0.353554257
5.34,-0.353485216,0.353625001,0.353485216,-0.353625001
5.35,-0.351949857,0.35355435,0.351949857,-0.35355435
5.36,-0.350274114,0.353342675,0.350274114,-0.353342675
5.37,-0.348458941,0.352990349,0.348458941,-0.352990349
5.38,-0.346505391,0.352497842,0.346505391,-0.352497842
5.39,-0.344414858,0.351865983,0.344414858,-0.351865983
5.4,-0.342188802,0.351095674,0.342188802,-0.351095674
5.41,-0.339828684,0.350187819,0.339828684,-0.350187819
5.42,-0.337335963,0.349143318,0.337335963,-0.349143318
5.43,-0.334712206,0.347963185,0.334712206,-0.347963185
5.44,-0.331959322,0.346648812,0.331959322,-0.346648812
5.45,-0.329079292,0.345201675,0.329079292,-0.345201675
5.46,-0.326074095,0.343623247,0.326074095,-0.343623247
5.47,-0.32294571,0.341915002,0.32294571,-0.341915002
5.48,-0.319696178,0.34007848,0.319696178,-0.34007848
5.49,-0.316327847,0.338115582,0.316327847,-0.338115582
5.5,-0.312843166,0.33602833,0.312843166,-0.33602833
5.51,-0.309244582,0.333818745,0.309244582,-0.333818745
5.52,-0.305534541,0.331488852,0.305534541,-0.331488852
5.53,-0.301715522,0.329040707,0.301715522,-0.329040707
5.54,-0.297790255,0.32647668,0.297790255,-0.32647668
5.55,-0.293761589,0.323799307,0.293761589,-0.323799307
5.56,-0.289632376,0.321011124,0.289632376,-0.321011124
5.57,-0.285405467,0.318114669,0.285405467,-0.318114669
5.58,-0.281083725,0.315112495,0.281083725,-0.315112495
5.59,-0.276670198,0.312007404,0.276670198,-0.312007404
5.6,-0.272168062,0.308802399,0.272168062,-0.308802399
5.61,-0.267580493,0.30550049,0.267580493,-0.30550049
5.62,-0.262910669,0.302104685,0.262910669,-0.302104685
5.63,-0.258161772,0.298617999,0.258161772,-0.298617999
5.64,-0.2533371,0.295043629,0.2533371,-0.295043629
5.65,-0.248440064,0.291384996,0.248440064,-0.291384996
5.66,-0.243474077,0.28764553,0.243474077,-0.28764553
5.67,-0.23844255,0.283828662,0.23844255,-0.283828662
5.68,-0.233348898,0.279937827,0.233348898,-0.279937827
5.69,-0.228196602,0.275976601,0.228196602,-0.275976601
5.7,-0.222989204,0.271948751,0.222989204,-0.271948751
5.71,-0.217730239,0.267858049,0.217730239,-0.267858049
5.72,-0.212423243,0.263708268,0.212423243,-0.263708268
5.73,-0.207071767,0.259503223,0.207071767,-0.259503223
5.74,-0.201679377,0.255246907,0.201679377,-0.255246907
5.75,-0.196249633,0.250943364,0.196249633,-0.250943364
5.76,-0.190786092,0.246596636,0.190786092,-0.246596636
5.77,-0.185292314,0.242210779,0.185292314,-0.242210779
5.78,-0.179771831,0.237789985,0.179771831,-0.237789985
5.79,-0.174228123,0.233338531,0.174228123,-0.233338531
5.8,-0.16866467,0.228860694,0.16866467,-0.228860694
5.81,-0.16308495,0.224360753,0.16308495,-0.224360753
5.82,-0.157492372,0.219843083,0.157492372,-0.219843083
5.83,-0.151890249,0.215312142,0.151890249,-0.215312142
5.84,-0.146281886,0.210772391,0.146281886,-0.210772391
5.85,-0.140670559,0.206228311,0.140670559,-0.206228311
5.86,-0.135059376,0.201684481,0.135059376,-0.201684481
5.87,-0.129451389,0.1971455,0.129451389,-0.1971455
5.88,-0.123849637,0.192615975,0.123849637,-0.192615975
5.89,-0.118256969,0.188100585,0.118256969,-0.188100585
5.9,-0.112676104,0.183604042,0.112676104,-0.183604042
5.91,-0.107109731,0.179131072,0.107109731,-0.179131072
5.92,-0.101560284,0.174686455,0.101560284,-0.174686455
5.93,-0.096030069,0.170274999,0.096030069,-0.170274999
5.94,-0.090521313,0.165901523,0.090521313,-0.165901523
5.95,-0.085035881,0.161570897,0.085035881,-0.161570897
5.96,-0.079575533,0.157288002,0.079575533,-0.157288002
5.97,-0.074141833,0.153057736,0.074141833,-0.153057736
5.98,-0.068735945,0.148885019,0.068735945,-0.148885019
5.99,-0.063358917,0.144774778,0.063358917,-0.144774778
6,-0.058011323,0.140731936,0.058011323,-0.140731936
6.01,-0.052693529,0.136761415,0.052693529,-0.136761415
6.02,-0.047405456,0.132868107,0.047405456,-0.132868107
6.03,-0.042146596,0.129056866,0.042146596,-0.129056866
6.04,-0.036916099,0.125332497,0.036916099,-0.125332497
6.05,-0.031712523,0.1216997,0.031712523,-0.1216997
6.06,-0.026533967,0.118163067,0.026533967,-0.118163067
6.07,-0.021377958,0.11472703,0.021377958,-0.11472703
6.08,-0.01624142,0.111395797,0.01624142,-0.111395797
6.09,-0.011120703,0.108173336,0.011120703,-0.108173336
6.1,-0.006011481,0.105063247,0.006011481,-0.105063247
6.11,-0.000908827,0.102068742,0.000908827,-0.102068742
6.12,0.004192816,0.099192533,-0.004192816,-0.099192533
6.13,0.009299605,0.096436725,-0.009299605,-0.096436725
6.14,0.014418183,0.093802785,-0.014418183,-0.093802785
6.15,0.019555637,0.091291416,-0.019555637,-0.091291416
6.16,0.024719353,0.088902506,-0.024719353,-0.088902506
6.17,0.029916869,0.086635088,-0.029916869,-0.086635088
6.18,0.035155718,0.084487336,-0.035155718,-0.084487336
6.19,0.040443248,0.082456583,-0.040443248,-0.082456583
6.2,0.045786456,0.080539371,-0.045786456,-0.080539371
6.21,0.051191823,0.078731546,-0.051191823,-0.078731546
6.22,0.056665195,0.077028367,-0.056665195,-0.077028367
6.23,0.062211678,0.075424643,-0.062211678,-0.075424643
6.24,0.067835585,0.073914851,-0.067835585,-0.073914851
6.25,0.073540387,0.072493273,-0.073540387,-0.072493273
6.26,0.079328721,0.071154105,-0.079328721,-0.071154105
6.27,0.085202409,0.069891566,-0.085202409,-0.069891566
6.28,0.091162503,0.068699971,-0.091162503,-0.068699971
6.29,0.097209337,0.067573802,-0.097209337,-0.067573802
6.3,0.103342576,0.066507749,-0.103342576,-0.066507749
6.31,0.109561278,0.065496747,-0.109561278,-0.065496747
6.32,0.115863952,0.064535994,-0.115863952,-0.064535994
6.33,0.122248622,0.063620957,-0.122248622,-0.063620957
6.34,0.128712874,0.062747375,-0.128712874,-0.062747375
6.35,0.135253905,0.061911255,-0.135253905,-0.061911255
6.36,0.14186856,0.06110887,-0.14186856,-0.06110887
6.37,0.148553379,0.060336741,-0.148553379,-0.060336741
6.38,0.155304637,0.059591619,-0.155304637,-0.059591619
6.39,0.16211836,0.05887049,-0.16211836,-0.05887049
6.4,0.168990359,0.058170548,-0.168990359,-0.058170548
6.41,0.175916263,0.05748918,-0.175916263,-0.05748918
6.42,0.182891529,0.05682396,-0.182891529,-0.05682396
6.43,0.189911462,0.056172637,-0.189911462,-0.056172637
6.44,0.196971243,0.055533116,-0.196971243,-0.055533116
6.45,0.204065939,0.054903446,-0.204065939,-0.054903446
6.46,0.2111905,0.054281834,-0.2111905,-0.054281834
6.47,0.218339812,0.053666586,-0.218339812,-0.053666586
6.48,0.225508661,0.053056159,-0.225508661,-0.053056159
6.49,0.232691787,0.052449093,-0.232691787,-0.052449093
6.5,0.239883857,0.05184406,-0.239883857,-0.05184406
6.51,0.247079506,0.051239801,-0.247079506,-0.051239801
6.52,0.25427332,0.050635176,-0.25427332,-0.050635176
6.53,0.261459864,0.050029104,-0.261459864,-0.050029104
6.54,0.268633674,0.049420608,-0.268633674,-0.049420608
6.55,0.275789276,0.048808763,-0.275789276,-0.048808763
6.56,0.282921186,0.048192734,-0.282921186,-0.048192734
6.57,0.29002392,0.047571738,-0.29002392,-0.047571738
6.58,0.297091998,0.046945063,-0.297091998,-0.046945063
6.59,0.30411995,0.046312046,-0.30411995,-0.046312046
6.6,0.311102334,0.045672105,-0.311102334,-0.045672105
6.61,0.318033713,0.045024674,-0.318033713,-0.045024674
6.62,0.324908693,0.04436926,-0.324908693,-0.04436926
6.63,0.331721917,0.043705424,-0.331721917,-0.043705424
6.64,0.338468044,0.043032742,-0.338468044,-0.043032742
6.65,0.345141808,0.042350867,-0.345141808,-0.042350867
6.66,0.35173798,0.041659476,-0.35173798,-0.041659476
6.67,0.358251364,0.040958276,-0.358251364,-0.040958276
6.68,0.364676872,0.040247037,-0.364676872,-0.040247037
6.69,0.371009433,0.039525541,-0.371009433,-0.039525541
6.7,0.377244058,0.03879361,-0.377244058,-0.03879361
6.71,0.383375862,0.038051113,-0.383375862,-0.038051113
6.72,0.38939998,0.037297926,-0.38939998,-0.037297926
6.73,0.395311675,0.036533972,-0.395311675,-0.036533972
6.74,0.401106295,0.035759204,-0.401106295,-0.035759204
6.75,0.406779224,0.034973584,-0.406779224,-0.034973584
6.76,0.412326018,0.034177122,-0.412326018,-0.034177122
6.77,0.417742279,0.033369844,-0.417742279,-0.033369844
6.78,0.423023677,0.032551787,-0.423023677,-0.032551787
6.79,0.428166108,0.031723042,-0.428166108,-0.031723042
6.8,0.43316551,0.030883707,-0.43316551,-0.030883707
6.81,0.438017837,0.030033881,-0.438017837,-0.030033881
6.82,0.442719263,0.029173707,-0.442719263,-0.029173707
6.83,0.447266144,0.028303354,-0.447266144,-0.028303354
6.84,0.451654844,0.027422994,-0.451654844,-0.027422994
6.85,0.455881789,0.026532808,-0.455881789,-0.026532808
6.86,0.459943717,0.02563302,-0.459943717,-0.02563302
6.87,0.46383745,0.024723862,-0.46383745,-0.024723862
6.88,0.467559817,0.02380557,-0.467559817,-0.02380557
6.89,0.471107828,0.022878397,-0.471107828,-0.022878397
6.9,0.474478778,0.021942629,-0.474478778,-0.021942629
6.91,0.47766999,0.020998552,-0.47766999,-0.020998552
6.92,0.480678815,0.020046454,-0.480678815,-0.020046454
6.93,0.483502918,0.019086652,-0.483502918,-0.019086652
6.94,0.486140143,0.018119476,-0.486140143,-0.018119476
6.95,0.488588338,0.017145255,-0.488588338,-0.017145255
6.96,0.490845467,0.016164327,-0.490845467,-0.016164327
6.97,0.492909855,0.015177053,-0.492909855,-0.015177053
6.98,0.494779898,0.014183797,-0.494779898,-0.014183797
6.99,0.496454005,0.013184923,-0.496454005,-0.013184923
7,0.497930834,0.01218081,-0.497930834,-0.01218081
7.01,0.499209336,0.011171845,-0.499209336,-0.011171845
7.02,0.500288474,0.01015842,-0.500288474,-0.01015842
7.03,0.501167222,0.009140925,-0.501167222,-0.009140925
7.04,0.50184495,0.008119764,-0.50184495,-0.008119764
7.05,0.502321307,0.007095345,-0.502321307,-0.007095345
7.06,0.502595945,0.006068077,-0.502595945,-0.006068077
7.07,0.502668518,0.00503837,-0.502668518,-0.00503837
7.08,0.502538755,0.004006635,-0.502538755,-0.004006635
7.09,0.502206896,0.002973288,-0.502206896,-0.002973288
7.1,0.501673399,0.001938748,-0.501673399,-0.001938748
7.11,0.50093872,0.000903429,-0.50093872,-0.000903429
7.12,0.500003318,-0.000132252,-0.500003318,0.000132252
7.13,0.498867723,-0.001167879,-0.498867723,0.001167879
7.14,0.497532975,-0.002203038,-0.497532975,0.002203038
7.15,0.496000326,-0.003237323,-0.496000326,0.003237323
7.16,0.494271029,-0.004270327,-0.494271029,0.004270327
7.17,0.492346335,-0.005301644,-0.492346335,0.005301644
7.18,0.490227568,-0.006330867,-0.490227568,0.006330867
7.19,0.487916546,-0.007357605,-0.487916546,0.007357605
7.2,0.48541529,-0.008381478,-0.48541529,0.008381478
7.21,0.48272582,-0.009402106,-0.48272582,0.009402106
7.22,0.47985016,-0.010419109,-0.47985016,0.010419109
7.23,0.476790399,-0.011432108,-0.476790399,0.011432108
7.24,0.473549093,-0.012440751,-0.473549093,0.012440751
7.25,0.470128992,-0.013444702,-0.470128992,0.013444702
7.26,0.466532845,-0.014443625,-0.466532845,0.014443625
7.27,0.462763404,-0.015437185,-0.462763404,0.015437185
7.28,0.45882348,-0.016425049,-0.45882348,0.016425049
7.29,0.454716319,-0.017406922,-0.454716319,0.017406922
7.3,0.450445341,-0.018382532,-0.450445341,0.018382532
7.31,0.446013966,-0.019351605,-0.446013966,0.019351605
7.32,0.441425618,-0.02031387,-0.441425618,0.02031387
7.33,0.436683775,-0.021269059,-0.436683775,0.021269059
7.34,0.431792302,-0.022216954,-0.431792302,0.022216954
7.35,0.426755221,-0.023157368,-0.426755221,0.023157368
7.36,0.421576553,-0.024090112,-0.421576553,0.024090112
7.37,0.416260321,-0.025014998,-0.416260321,0.025014998
7.38,0.410810597,-0.025931845,-0.410810597,0.025931845
7.39,0.405231787,-0.026840536,-0.405231787,0.026840536
7.4,0.39952843,-0.027740991,-0.39952843,0.027740991
7.41,0.393705064,-0.028633132,-0.393705064,0.028633132
7.42,0.387766225,-0.02951688,-0.387766225,0.02951688
7.43,0.381716497,-0.030392163,-0.381716497,0.030392163
7.44,0.375560732,-0.031258993,-0.375560732,0.031258993
7.45,0.369303888,-0.032117429,-0.369303888,0.032117429
7.46,0.362950922,-0.03296753,-0.362950922,0.03296753
7.47,0.35650679,-0.033809358,-0.35650679,0.033809358
7.48,0.349976492,-0.034642986,-0.349976492,0.034642986
7.49,0.343365234,-0.035468597,-0.343365234,0.035468597
7.5,0.336678259,-0.036286409,-0.336678259,0.036286409
7.51,0.329920812,-0.037096639,-0.329920812,0.037096639
7.52,0.32309815,-0.037899516,-0.32309815,0.037899516
7.53,0.31621564,-0.038695365,-0.31621564,0.038695365
7.54,0.309278697,-0.03948458,-0.309278697,0.03948458
7.55,0.302292736,-0.04026756,-0.302292736,0.04026756
7.56,0.295263176,-0.041044707,-0.295263176,0.041044707
7.57,0.288195497,-0.041816538,-0.288195497,0.041816538
7.58,0.281095194,-0.042583672,-0.281095194,0.042583672
7.59,0.273967762,-0.043346729,-0.273967762,0.043346729
7.6,0.266818697,-0.044106339,-0.266818697,0.044106339
7.61,0.2596535,-0.044863271,-0.2596535,0.044863271
7.62,0.252477653,-0.045618397,-0.252477653,0.045618397
7.63,0.245296636,-0.046372595,-0.245296636,0.046372595
7.64,0.238115909,-0.047126821,-0.238115909,0.047126821
7.65,0.230940869,-0.047882212,-0.230940869,0.047882212
7.66,0.223776899,-0.048639925,-0.223776899,0.048639925
7.67,0.216629364,-0.049401168,-0.216629364,0.049401168
7.68,0.209503502,-0.050167386,-0.209503502,0.050167386
7.69,0.20240451,-0.050940093,-0.20240451,0.050940093
7.7,0.195337564,-0.051720832,-0.195337564,0.051720832
7.71,0.188307673,-0.052511402,-0.188307673,0.052511402
7.72,0.181319761,-0.053313719,-0.181319761,0.053313719
7.73,0.174378689,-0.054129779,-0.174378689,0.054129779
7.74,0.167489084,-0.054961874,-0.167489084,0.054961874
7.75,0.160655507,-0.05581237,-0.160655507,0.05581237
7.76,0.153882339,-0.056683837,-0.153882339,0.056683837
7.77,0.147173673,-0.057579154,-0.147173673,0.057579154
7.78,0.140533532,-0.058501265,-0.140533532,0.058501265
7.79,0.13396557,-0.059453469,-0.13396557,0.059453469
7.8,0.127473229,-0.060439249,-0.127473229,0.060439249
7.81,0.121059582,-0.061462393,-0.121059582,0.061462393
7.82,0.114727393,-0.062526927,-0.114727393,0.062526927
7.83,0.108478989,-0.063637177,-0.108478989,0.063637177
7.84,0.102316286,-0.064797729,-0.102316286,0.064797729
7.85,0.096240628,-0.066013482,-0.096240628,0.066013482
7.86,0.090252873,-0.067289566,-0.090252873,0.067289566
7.87,0.084353194,-0.068631384,-0.084353194,0.068631384
7.88,0.078541098,-0.070044534,-0.078541098,0.070044534
7.89,0.072815392,-0.071534772,-0.072815392,0.071534772
7.9,0.067174005,-0.073107944,-0.067174005,0.073107944
7.91,0.061614142,-0.074769893,-0.061614142,0.074769893
7.92,0.056132112,-0.076526355,-0.056132112,0.076526355
7.93,0.050723395,-0.078382834,-0.050723395,0.078382834
7.94,0.045382694,-0.080344471,-0.045382694,0.080344471
7.95,0.040104003,-0.082415925,-0.040104003,0.082415925
7.96,0.034880701,-0.084601227,-0.034880701,0.084601227
7.97,0.029705699,-0.086903678,-0.029705699,0.086903678
7.98,0.024571611,-0.089325778,-0.024571611,0.089325778
7.99,0.019470915,-0.091869187,-0.019470915,0.091869187
8,0.014396124,-0.094534686,-0.014396124,0.094534686
8.01,0.009339956,-0.097322206,-0.009339956,0.097322206
8.02,0.004295464,-0.100230889,-0.004295464,0.100230889
8.03,-0.000743859,-0.103259155,0.000743859,0.103259155
8.04,-0.005783981,-0.106404763,0.005783981,0.106404763
8.05,-0.010830275,-0.109664909,0.010830275,0.109664909
8.06,-0.015887506,-0.113036322,0.015887506,0.113036322
8.07,-0.020959815,-0.116515335,0.020959815,0.116515335
8.08,-0.026050718,-0.120097956,0.026050718,0.120097956
8.09,-0.031163126,-0.123779935,0.031163126,0.123779935
8.1,-0.036299385,-0.127556825,0.036299385,0.127556825
8.11,-0.041461308,-0.131424023,0.041461308,0.131424023
8.12,-0.046650197,-0.135376809,0.046650197,0.135376809
8.13,-0.051866886,-0.139410377,0.051866886,0.139410377
8.14,-0.057111786,-0.14351986,0.057111786,0.14351986
8.15,-0.062384917,-0.147700352,0.062384917,0.147700352
8.16,-0.067685934,-0.151946924,0.067685934,0.151946924
8.17,-0.073014152,-0.156254631,0.073014152,0.156254631
8.18,-0.078368609,-0.160618529,0.078368609,0.160618529
8.19,-0.083748052,-0.165033679,0.083748052,0.165033679
8.2,-0.089150978,-0.169495153,0.089150978,0.169495153
8.21,-0.094575675,-0.173998041,0.094575675,0.173998041
8.22,-0.100020204,-0.178537453,0.100020204,0.178537453
8.23,-0.105482452,-0.183108522,0.105482452,0.183108522
8.24,-0.110960137,-0.187706407,0.110960137,0.187706407
8.25,-0.116450815,-0.192326299,0.116450815,0.192326299
8.26,-0.121951911,-0.196963415,0.121951911,0.196963415
8.27,-0.127460725,-0.201613006,0.127460725,0.201613006
8.28,-0.132974431,-0.206270362,0.132974431,0.206270362
8.29,-0.138490116,-0.210930801,0.138490116,0.210930801
8.3,-0.144004773,-0.215589684,0.144004773,0.215589684
8.31,-0.149515304,-0.220242412,0.149515304,0.220242412
8.32,-0.155018558,-0.224884418,0.155018558,0.224884418
8.33,-0.160511295,-0.229511193,0.160511295,0.229511193
8.34,-0.165990248,-0.234118252,0.165990248,0.234118252
8.35,-0.171452076,-0.23870118,0.171452076,0.23870118
8.36,-0.176893419,-0.243255586,0.176893419,0.243255586
8.37,-0.182310869,-0.24777715,0.182310869,0.24777715
8.38,-0.187700999,-0.252261586,0.187700999,0.252261586
8.39,-0.193060357,-0.256704673,0.193060357,0.256704673
8.4,-0.198385477,-0.261102244,0.198385477,0.261102244
8.41,-0.203672886,-0.265450183,0.203672886,0.265450183
8.42,-0.208919103,-0.269744446,0.208919103,0.269744446
8.43,-0.214120649,-0.273981024,0.214120649,0.273981024
8.44,-0.219274058,-0.278156024,0.219274058,0.278156024
8.45,-0.224375866,-0.282265575,0.224375866,0.282265575
8.46,-0.229422621,-0.286305858,0.229422621,0.286305858
8.47,-0.23441091,-0.290273194,0.23441091,0.290273194
8.48,-0.239337329,-0.294163922,0.239337329,0.294163922
8.49,-0.244198494,-0.297974438,0.244198494,0.297974438
8.5,-0.248991085,-0.30170129,0.248991085,0.30170129
8.51,-0.253711792,-0.305341047,0.253711792,0.305341047
8.52,-0.258357336,-0.308890338,0.258357336,0.308890338
8.53,-0.262924524,-0.312345957,0.262924524,0.312345957
8.54,-0.267410179,-0.31570472,0.267410179,0.31570472
8.55,-0.271811159,-0.318963511,0.271811159,0.318963511
8.56,-0.276124429,-0.322119384,0.276124429,0.322119384
8.57,-0.280346975,-0.325169423,0.280346975,0.325169423
8.58,-0.284475824,-0.328110781,0.284475824,0.328110781
8.59,-0.288508128,-0.330940791,0.288508128,0.330940791
8.6,-0.292441064,-0.333656822,0.292441064,0.333656822
8.61,-0.296271857,-0.336256309,0.296271857,0.336256309
8.62,-0.299997873,-0.338736884,0.299997873,0.338736884
8.63,-0.303616505,-0.34109621,0.303616505,0.34109621
8.64,-0.307125176,-0.343331996,0.307125176,0.343331996
8.65,-0.310521511,-0.345442206,0.310521511,0.345442206
8.66,-0.313803194,-0.347424878,0.313803194,0.347424878
8.67,-0.316967905,-0.349278047,0.316967905,0.349278047
8.68,-0.320013381,-0.35099982,0.320013381,0.35099982
8.69,-0.322937605,-0.352588601,0.322937605,0.352588601
8.7,-0.325738629,-0.354042876,0.325738629,0.354042876
8.71,-0.328414505,-0.355361132,0.328414505,0.355361132
8.72,-0.330963325,-0.356541902,0.330963325,0.356541902
8.73,-0.333383436,-0.357584015,0.333383436,0.357584015
8.74,-0.335673295,-0.358486424,0.335673295,0.358486424
8.75,-0.337831356,-0.359248082,0.337831356,0.359248082
8.76,-0.339856101,-0.359867968,0.339856101,0.359867968
8.77,-0.34174626,-0.360345343,0.34174626,0.360345343
8.78,-0.343500718,-0.360679633,0.343500718,0.360679633
8.79,-0.34511836,-0.360870267,0.34511836,0.360870267
8.8,-0.346598085,-0.360916688,0.346598085,0.360916688
8.81,-0.347939023,-0.360818588,0.347939023,0.360818588
8.82,-0.349140503,-0.360575869,0.349140503,0.360575869
8.83,-0.350201861,-0.360188438,0.350201861,0.360188438
8.84,-0.351122437,-0.359656212,0.351122437,0.359656212
8.85,-0.351901772,-0.358979311,0.351901772,0.358979311
8.86,-0.35253965,-0.358158107,0.35253965,0.358158107
8.87,-0.353035868,-0.357192986,0.353035868,0.357192986
8.88,-0.353390227,-0.356084336,0.353390227,0.356084336
8.89,-0.353602686,-0.354832705,0.353602686,0.354832705
8.9,-0.353673485,-0.353438921,0.353673485,0.353438921
8.91,-0.353602893,-0.351903836,0.353602893,0.351903836
8.92,-0.353391175,-0.350228305,0.353391175,0.350228305
8.93,-0.353038677,-0.348413258,0.353038677,0.348413258
8.94,-0.35254611,-0.346459977,0.35254611,0.346459977
8.95,-0.351914267,-0.344369821,0.351914267,0.344369821
8.96,-0.351143945,-0.342144149,0.351143945,0.342144149
8.97,-0.350235939,-0.339784322,0.350235939,0.339784322
8.98,-0.34919114,-0.337291793,0.34919114,0.337291793
8.99,-0.348010823,-0.334668365,0.348010823,0.334668365
9,-0.346696357,-0.331915924,0.346696357,0.331915924
9.01,-0.345249114,-0.32903636,0.345249114,0.32903636
9.02,-0.343670464,-0.326031557,0.343670464,0.326031557
9.03,-0.341961833,-0.322903457,0.341961833,0.322903457
9.04,-0.340125004,-0.319654308,0.340125004,0.319654308
9.05,-0.338161901,-0.316286476,0.338161901,0.316286476
9.06,-0.336074448,-0.312802327,0.336074448,0.312802327
9.07,-0.333864569,-0.309204225,0.333864569,0.309204225
9.08,-0.331534216,-0.305494561,0.331534216,0.305494561
9.09,-0.329085647,-0.301675978,0.329085647,0.301675978
9.1,-0.326521306,-0.297751254,0.326521306,0.297751254
9.11,-0.323843638,-0.293723171,0.323843638,0.293723171
9.12,-0.321055087,-0.289594511,0.321055087,0.289594511
9.13,-0.31815811,-0.285368066,0.31815811,0.285368066
9.14,-0.315155408,-0.281046809,0.315155408,0.281046809
9.15,-0.312049899,-0.27663386,0.312049899,0.27663386
9.16,-0.308844506,-0.272132342,0.308844506,0.272132342
9.17,-0.305542155,-0.267545378,0.305542155,0.267545378
9.18,-0.302145776,-0.262876092,0.302145776,0.262876092
9.19,-0.298658473,-0.25812773,0.298658473,0.25812773
9.2,-0.295083587,-0.253303661,0.295083587,0.253303661
9.21,-0.291424477,-0.248407262,0.291424477,0.248407262
9.22,-0.287684498,-0.243441909,0.287684498,0.243441909
9.23,-0.283867009,-0.238410978,0.283867009,0.238410978
9.24,-0.279975484,-0.233317911,0.279975484,0.233317911
9.25,-0.276013633,-0.228166231,0.276013633,0.228166231
9.26,-0.271985191,-0.222959466,0.271985191,0.222959466
9.27,-0.267893897,-0.21770114,0.267893897,0.21770114
9.28,-0.263743486,-0.212394781,0.263743486,0.212394781
9.29,-0.259537784,-0.207043939,0.259537784,0.207043939
9.3,-0.255280809,-0.201652186,0.255280809,0.201652186
9.31,-0.250976591,-0.19622308,0.250976591,0.19622308
9.32,-0.246629161,-0.19076018,0.246629161,0.19076018
9.33,-0.242242591,-0.185267046,0.242242591,0.185267046
9.34,-0.237821101,-0.179747193,0.237821101,0.179747193
9.35,-0.233368943,-0.174204116,0.233368943,0.174204116
9.36,-0.228890368,-0.168641307,0.228890368,0.168641307
9.37,-0.224389671,-0.163062239,0.224389671,0.163062239
9.38,-0.219871265,-0.157470281,0.219871265,0.157470281
9.39,-0.21533958,-0.151868778,0.21533958,0.151868778
9.4,-0.210799054,-0.146261065,0.210799054,0.146261065
9.41,-0.20625421,-0.140650354,0.20625421,0.140650354
9.42,-0.201709618,-0.135039764,0.201709618,0.135039764
9.43,-0.197169849,-0.129432412,0.197169849,0.129432412
9.44,-0.192639531,-0.12383129,0.192639531,0.12383129
9.45,-0.188123356,-0.118239198,0.188123356,0.118239198
9.46,-0.183626018,-0.112658923,0.183626018,0.112658923
9.47,-0.179152245,-0.107093143,0.179152245,0.107093143
9.48,-0.174706826,-0.101544261,0.174706826,0.101544261
9.49,-0.170294557,-0.096014637,0.170294557,0.096014637
9.5,-0.165920267,-0.090506439,0.165920267,0.090506439
9.51,-0.161588825,-0.085021544,0.161588825,0.085021544
9.52,-0.157305106,-0.07956178,0.157305106,0.07956178
9.53,-0.153074014,-0.074128611,0.153074014,0.074128611
9.54,-0.148900469,-0.068723235,0.148900469,0.068723235
9.55,-0.144789396,-0.063346722,0.144789396,0.063346722
9.56,-0.14074572,-0.057999633,0.14074572,0.057999633
9.57,-0.136774362,-0.052682347,0.136774362,0.052682347
9.58,-0.132880212,-0.047394741,0.132880212,0.047394741
9.59,-0.129068132,-0.042136383,0.129068132,0.042136383
9.6,-0.125342912,-0.036906337,0.125342912,0.036906337
9.61,-0.121709269,-0.031703233,0.121709269,0.031703233
9.62,-0.11817178,-0.026525108,0.11817178,0.026525108
9.63,-0.114734891,-0.021369548,0.114734891,0.021369548
9.64,-0.111402797,-0.01623343,0.111402797,0.01623343
9.65,-0.108179472,-0.011113129,0.108179472,0.011113129
9.66,-0.105068525,-0.006004325,0.105068525,0.006004325
9.67,-0.102073146,-0.000902065,0.102073146,0.000902065
9.68,-0.099196061,0.004199188,0.099196061,-0.004199188
9.69,-0.096439388,0.009305585,0.096439388,-0.009305585
9.7,-0.093804562,0.01442379,0.093804562,-0.01442379
9.71,-0.091292308,0.019560873,0.091292308,-0.019560873
9.72,-0.088902514,0.024724221,0.088902514,-0.024724221
9.73,-0.086634212,0.029921379,0.086634212,-0.029921379
9.74,-0.084485572,0.035159876,0.084485572,-0.035159876
9.75,-0.082453923,0.040447057,0.082453923,-0.040447057
9.76,-0.080535814,0.04578992,0.080535814,-0.04578992
9.77,-0.078727092,0.051194952,0.078727092,-0.051194952
9.78,-0.077023016,0.056667997,0.077023016,-0.056667997
9.79,-0.075418389,0.062214161,0.075418389,-0.062214161
9.8,-0.073907693,0.06783775,0.073907693,-0.06783775
9.81,-0.072485207,0.073542242,0.072485207,-0.073542242
9.82,-0.071145128,0.079330277,0.071145128,-0.079330277
9.83,-0.069881674,0.085203676,0.069881674,-0.085203676
9.84,-0.06868916,0.09116349,0.06868916,-0.09116349
9.85,-0.067562068,0.09721005,0.067562068,-0.09721005
9.86,-0.066495089,0.103343023,0.066495089,-0.103343023
9.87,-0.065483156,0.109561469,0.065483156,-0.109561469
9.88,-0.064521465,0.1158639,0.064521465,-0.1158639
9.89,-0.063605485,0.122248335,0.063605485,-0.122248335
9.9,-0.062730956,0.12871236,0.062730956,-0.12871236
9.91,-0.061893886,0.135253171,0.061893886,-0.135253171
9.92,-0.061090542,0.141867619,0.061090542,-0.141867619
9.93,-0.06031745,0.14855224,0.06031745,-0.14855224
9.94,-0.059571364,0.155303306,0.059571364,-0.155303306
9.95,-0.058849262,0.162116849,0.058849262,-0.162116849
9.96,-0.058148344,0.168988676,0.058148344,-0.168988676
9.97,-0.057465997,0.175914416,0.057465997,-0.175914416
9.98,-0.056799794,0.182889527,0.056799794,-0.182889527
9.99,-0.056147486,0.189909314,0.056147486,-0.189909314
10,-0.055506975,0.196968958,0.055506975,-0.196968958
